event_id,customer_id,session_id,event_type,product_id,event_timestamp,device
1,197,255bfc1c-7e3d-4ee4-84b6-4ec14d16f049,purchase,21,2026-08-02 21:54:38,mobile
2,135,46a56fe8-6f46-41b1-aace-1aa9103246b3,page_view,,2026-06-21 19:25:31,desktop
3,,c85cd714-7bf6-4552-8cbc-90446bcd5ce7,page_view,,2025-07-27 16:31:29,mobile
4,,f1b88d65-406f-44d6-9c72-aebd13b11e59,page_view,,2025-11-18 13:01:47,tablet
5,104,7eece88d-a002-452a-b88c-ddde3f2086c2,page_view,,2026-02-15 03:57:29,desktop
6,41,75366b9f-320f-42c0-9dde-01889803b22e,product_view,27,2025-06-18 03:42:04,mobile
7,1,01bb819c-4dfe-4117-a2af-711f1b628a9d,page_view,,2025-08-13 15:21:39,mobile
8,163,d773f98d-550c-4fe9-a54c-11d9f2e61828,page_view,,2026-05-23 19:53:00,tablet
9,193,dcb9075e-cdd7-4460-a140-77d39ec4ea48,page_view,,2025-08-12 16:17:33,mobile
10,280,6e3cdd4f-55b1-45e4-b0b2-7304545cd88d,page_view,,2025-09-28 21:34:27,mobile
11,87,a6aa59e5-dc08-4f29-92d3-3488d0c30018,add_to_cart,42,2025-02-18 05:07:41,desktop
12,23,4ce953a7-22d9-4db3-982a-2277f966d59f,purchase,13,2026-03-18 10:01:36,desktop
13,122,b1fead13-f280-4f1d-9a6c-0db952171c88,product_view,33,2025-04-15 14:30:13,desktop
14,73,2d79a2d1-506e-40c7-baa0-61e9336b00cb,add_to_cart,64,2026-06-10 06:12:03,mobile
15,,51b30182-f7fe-404f-a5f3-0779f6ee5cdb,add_to_cart,12,2026-05-19 21:26:40,tablet
16,53,a205e54f-b1e8-409d-bc20-b9f24a9c589e,product_view,34,2026-06-16 15:17:12,mobile
17,175,c82f78fd-936c-431c-b7bf-52447db2a7aa,product_view,63,2026-03-25 08:30:53,desktop
18,119,47c1c017-6045-4909-936d-47d73e0f84ce,add_to_cart,70,2025-09-06 04:11:11,tablet
19,,5d71a898-6497-4593-892e-8c93d105c8d6,product_view,41,2026-02-23 01:03:41,desktop
20,231,33261887-9058-41df-ae9b-f3e11d27c09a,purchase,3,2026-05-20 21:25:50,tablet
21,220,2e0fb5b3-8bae-491e-bf4c-c10f979c30cf,page_view,,2025-05-02 16:30:50,desktop
22,207,06e3f949-8cd3-4c62-8482-9b71ae84b81c,add_to_cart,64,2025-08-30 14:44:55,tablet
23,76,f166cdcf-762c-4fbc-ba2a-a7baf3f81c31,add_to_cart,2,2026-01-09 00:04:55,desktop
24,44,cc351e4f-703e-457f-b5ab-8466b5578b00,product_view,22,2025-07-04 08:09:08,tablet
25,82,11b461e9-b15d-472d-94ce-e27c4a94ae9f,page_view,,2026-02-07 13:19:37,mobile
26,277,cb881c32-cbb0-4a8b-9908-a121d1a7ba20,purchase,14,2025-09-29 14:44:35,tablet
27,,23a13e20-7fd2-45ee-ac48-436668bd80d7,page_view,,2025-06-28 02:38:55,tablet
28,,40afbf3f-3df5-4967-8d86-70bda2224f96,product_view,59,2025-02-10 20:17:56,tablet
29,138,6c521d13-b719-4b68-a775-ee42a89e22f2,page_view,,2026-07-09 10:30:54,tablet
30,82,72f60958-12ef-4101-a082-786fca00ef58,page_view,,2025-02-08 12:02:49,mobile
31,118,950df1a0-7aaf-4001-9912-316afd9e8e20,product_view,70,2026-03-20 21:46:50,tablet
32,260,ec6a37ad-81b1-4db9-88cc-4d49669b29b8,purchase,17,2025-11-02 22:02:56,desktop
33,263,6b15c11b-b113-450b-9ea0-50c6eb9ed274,product_view,9,2025-03-28 10:19:27,desktop
34,280,f7eae66e-ca6c-4f9b-8969-71018b2c550a,product_view,5,2026-03-28 03:20:14,desktop
35,121,cff2b1c4-e53f-4644-b39e-4df25c0a1feb,add_to_cart,52,2026-04-04 14:13:03,desktop
36,,ea163354-a35f-49c1-9804-95628972abbd,add_to_cart,24,2025-01-27 22:24:45,desktop
37,40,3f8c1097-c4da-4c2e-9bff-a27915c1604f,purchase,9,2026-04-18 18:01:07,tablet
38,197,2a9528c3-5ae1-4bad-aa29-60fda85894df,product_view,80,2026-08-12 15:53:28,tablet
39,79,902f3465-0b57-4720-9cd8-758ba5a1c825,add_to_cart,17,2025-11-24 18:47:28,tablet
40,,a590fd3c-ad6e-4c57-a520-c3d0fbcdbf5e,purchase,5,2026-06-29 11:35:14,tablet
41,205,54e38579-c0af-4193-b780-ef2f664d5922,product_view,31,2026-01-13 01:53:18,tablet
42,16,1b1f2eb1-6e32-45a8-8bd5-cc86f73936e9,product_view,47,2026-02-04 13:52:10,tablet
43,234,38d5101f-423c-4d9d-993e-478302b34254,product_view,4,2025-05-08 06:06:49,desktop
44,91,8ed8a80d-84cf-4e39-bf31-c29f82bbad84,add_to_cart,44,2026-01-19 09:46:09,desktop
45,,38958939-9342-409f-b00a-c64c949cd8d4,product_view,59,2026-02-08 07:08:24,mobile
46,151,768b4f7e-6421-4e66-9fc6-4cd0721e8b1f,page_view,,2025-09-10 23:04:52,mobile
47,295,b0c07fcc-96ad-44df-adf7-5924c5b8386b,add_to_cart,51,2025-08-16 07:05:02,tablet
48,294,ff69723d-584f-485b-a697-384d801e8690,purchase,44,2026-02-19 05:59:11,desktop
49,,4ba17233-1ac3-4f31-bb96-e2d10649bcf6,product_view,42,2025-07-11 19:24:26,desktop
50,248,15fa9483-f633-4c2d-aba9-00e16a7d5d96,page_view,,2025-12-18 14:09:57,mobile
51,88,baeb286b-f0d0-470f-94d1-3d551db6b844,page_view,,2025-08-15 08:05:33,desktop
52,190,57d337d3-4fd8-4bbb-992c-11072444d301,page_view,,2026-06-01 03:52:01,tablet
53,190,8567c805-34f5-41c0-88c5-eb2a7490adeb,page_view,,2026-05-17 18:53:37,desktop
54,287,18fdd2b9-79e5-49aa-992a-35497ba109d0,page_view,,2025-11-25 17:45:32,tablet
55,134,73d39457-b25f-43df-b8d4-9848702ba49f,page_view,,2025-07-18 11:09:49,tablet
56,263,0b705933-4cde-4b6b-9132-567c51a40d2a,add_to_cart,10,2025-04-26 17:31:14,tablet
57,25,05c8234b-1d76-4a66-b5f5-9cb0cf685878,page_view,,2025-12-08 21:11:20,mobile
58,20,1bff3142-a5e1-4b55-97d3-f4ddd963dc72,page_view,,2026-01-08 07:39:09,desktop
59,167,ee0f65a8-2a13-4c1f-8cd0-15c1ad5900dd,page_view,,2025-04-21 11:53:50,desktop
60,111,84182d35-3e71-4433-bd90-b81afbe0e6b8,product_view,47,2025-08-08 15:16:22,desktop
61,269,54bbbcf8-28fe-4761-8d49-fe3f2ca8f783,page_view,,2026-03-13 16:17:12,desktop
62,,76492e64-f55d-4e6d-ad26-8b378f5242d3,purchase,35,2025-06-03 23:25:20,mobile
63,45,a137f8e4-67b1-4040-8c39-b9253b5ae288,page_view,,2025-12-29 06:27:22,desktop
64,271,a84554c3-a3f6-4c61-afb7-0dab2f383b43,purchase,16,2026-06-21 17:13:02,tablet
65,,bcc57be0-0779-450a-a544-e3136ea05d13,product_view,17,2026-05-05 00:14:41,desktop
66,121,7317591a-3283-4aa4-a212-ab7c9d361cb6,add_to_cart,68,2026-07-26 12:40:54,desktop
67,,0123a348-638a-4df6-adf7-2cd3979aa051,page_view,,2025-12-05 20:17:40,desktop
68,167,47419b48-34ae-4abd-b6fc-e0acb4698db3,add_to_cart,75,2026-06-03 15:07:42,desktop
69,144,cbc72f1a-cf08-4a54-b429-9924c0986750,page_view,,2025-06-21 05:01:56,desktop
70,262,ccac2fb5-1a0c-4c04-93cd-129110042d82,page_view,,2025-10-14 19:42:35,tablet
71,217,5da49cb9-2fdc-4992-8971-8eeadf3a098a,purchase,41,2025-10-22 06:28:21,tablet
72,,1d2c2721-7522-4646-b273-75bf5373bf4d,purchase,16,2025-03-26 15:35:12,desktop
73,,7d4ed26e-dcd5-4fae-abb3-16a743299780,purchase,1,2025-02-10 01:33:39,mobile
74,191,503b4078-a39c-4ec6-b746-4c02871854c1,product_view,76,2025-08-26 02:38:55,mobile
75,,647dc392-9c7e-4575-a37d-dcd698d3148b,add_to_cart,15,2025-11-30 11:33:19,mobile
76,166,5a1baf0e-5911-46dc-9d3e-503a9645f0e4,page_view,,2025-02-04 18:59:51,mobile
77,218,2c2ac34b-9e0b-4b01-b536-59efd873dad9,product_view,24,2025-04-13 10:20:12,desktop
78,267,ccf4ffb0-b4bb-473f-ac70-51d1d051267f,product_view,50,2026-01-31 21:21:05,tablet
79,252,97154633-9d4e-4b71-ab2e-c80e4c255823,page_view,,2025-08-16 15:24:12,desktop
80,226,502cf0ee-224a-46a6-ac0f-680115b24e1d,product_view,38,2026-02-28 05:27:02,tablet
81,,1df05d18-4e2d-4255-bd13-1a3d1e2c2e7d,page_view,,2026-06-12 06:06:21,desktop
82,36,243012da-b185-4eb8-9f90-fc872edc017e,product_view,23,2026-07-11 03:51:15,tablet
83,,98af5cca-6b11-47cb-a372-542482c56b21,add_to_cart,17,2025-07-24 22:05:05,mobile
84,4,6c4c450b-623a-40fc-9326-7d25234b4562,product_view,80,2025-04-05 02:08:51,desktop
85,47,8991b01a-a2b0-4c4b-bc96-6b552f8d8ded,product_view,54,2025-09-26 17:49:24,mobile
86,284,ee4205ee-a52f-43ec-ab4e-2281b184d1fc,product_view,4,2026-06-30 06:00:34,desktop
87,45,2ab7b2ef-8e0e-4033-ac59-1da8fff96acf,product_view,23,2025-07-05 12:44:46,desktop
88,134,2fe5b140-23ea-4956-89f1-137d7d592e19,product_view,47,2026-07-30 22:51:18,desktop
89,195,9e91a71c-7374-4cbf-978c-57d3508850d3,page_view,,2026-08-08 01:11:25,desktop
90,,f3abea0d-5be9-4db3-9d92-dd7c0db977a9,page_view,,2026-04-10 13:55:23,tablet
91,53,31f3f0c0-22f3-4068-bc0f-549d02740f73,page_view,,2026-07-17 06:36:49,tablet
92,62,8fc3d7d3-f6bd-40c7-a24a-2a50d0b1fde0,product_view,23,2025-03-06 16:38:41,tablet
93,227,68bd075b-7eb6-481e-a72f-947d816462cb,add_to_cart,28,2026-08-02 23:51:44,tablet
94,15,b5cbe3f5-6a66-4184-bde1-bf5daf4847f0,page_view,,2025-06-26 05:39:01,tablet
95,110,2ad11fe8-7d1b-495e-b1a0-449dd703262f,product_view,22,2025-04-14 15:33:00,desktop
96,300,cbbed980-07e6-4cb0-90bd-e9001529e6f5,page_view,,2025-11-07 08:36:08,tablet
97,122,085eb489-4ac6-4780-b874-9f3cc2d49b56,add_to_cart,42,2026-01-08 08:54:09,tablet
98,277,49e64c22-89a0-47eb-b98f-569b465cc2cb,page_view,,2026-07-24 11:12:58,desktop
99,251,90ce77e9-7513-43b9-87de-96ea2b0fbe44,product_view,60,2026-05-20 07:58:07,mobile
100,149,7eccdaf4-c413-4dc2-85c5-ae8abe15ad12,page_view,,2025-01-21 20:47:27,desktop
101,130,929d6377-1cfb-455f-82c4-2e488cbadae5,product_view,64,2025-04-30 06:34:13,desktop
102,299,8b0901ab-c66d-4eb3-8494-5e091d3ca5a4,page_view,,2025-07-11 20:47:27,mobile
103,83,8ac35ac4-5dea-4737-bdab-3441d2c2a960,page_view,,2025-09-10 21:41:45,desktop
104,255,c28fa16b-0aa6-4cb9-81bc-be59d296a12d,product_view,28,2026-05-18 11:54:04,mobile
105,286,37f25d36-8bdd-4ee3-b0fd-6672b80f16c5,purchase,67,2025-09-06 04:45:26,mobile
106,,bc69c155-1a37-46bd-acd6-f011fd61f13b,product_view,13,2025-05-18 13:15:50,desktop
107,28,3f5e3b8c-c058-4da5-a757-075bd47f83b1,product_view,23,2025-02-08 01:37:08,desktop
108,251,0840405a-ffd2-4491-9ff3-89aa4c36a70c,product_view,60,2026-06-16 18:19:49,tablet
109,225,dcb91d5f-593c-472b-8347-dbca7321a8b2,page_view,,2025-08-04 13:33:04,tablet
110,95,dd83ad03-7066-4289-9644-84a0d1151fff,page_view,,2026-07-02 14:21:27,mobile
111,21,cfd7f3b9-c68f-4ba5-9e0d-02b5fe7402cd,page_view,,2025-10-12 10:59:57,mobile
112,42,bcd4344f-cf8a-468e-b5ba-93573ca87f31,add_to_cart,74,2025-11-25 03:59:09,desktop
113,,dc6dafff-59c2-4153-b06b-0f0c96822e22,add_to_cart,21,2025-08-04 20:46:18,mobile
114,,6d9c5b50-a1fd-4187-9c3a-1e0bb5f3f8aa,page_view,,2026-08-15 06:05:51,tablet
115,179,c8ebe27a-23a4-470e-9dbc-15c02a7dc57c,product_view,12,2025-11-07 07:14:22,desktop
116,262,ce315937-34fa-42b6-9043-7e4c34e50699,page_view,,2025-07-21 00:10:43,tablet
117,241,88438de2-59cf-4b0d-91f0-647d0f321333,page_view,,2026-05-27 03:23:00,tablet
118,75,2b1ac76c-89ec-4c51-98cb-aa5247f53019,page_view,,2025-06-04 05:31:35,mobile
119,61,4aea1b8f-b43c-4e0a-ba9f-c10e52daf681,add_to_cart,59,2026-02-24 16:59:12,tablet
120,,f3d04ffb-4470-4848-929e-cc924a11be44,page_view,,2025-04-02 04:13:15,mobile
121,54,e67093a0-fc48-4615-83b0-b35cdba6fdf8,page_view,,2025-07-05 01:31:25,mobile
122,17,22b5f457-1860-4d28-90af-b235ade68f51,page_view,,2025-12-18 19:15:57,desktop
123,102,695e5ea9-c923-4c64-8006-2b5bf67839b2,purchase,28,2025-02-07 10:41:24,tablet
124,,46feacd4-fe13-43cd-8f2d-5c15eb346d3a,page_view,,2025-08-02 19:31:14,mobile
125,234,b390b059-207b-4e21-a7e8-d18eddf6d4ac,product_view,39,2026-06-18 03:46:22,mobile
126,145,257035db-3fea-490a-a1f8-072dddb7570e,page_view,,2025-04-03 10:21:23,mobile
127,203,3f5fbf4f-d417-4230-9274-ee11b61df906,product_view,18,2025-12-12 00:19:05,tablet
128,69,64880945-ad1d-4537-97f3-4368c2efeecb,page_view,,2025-10-21 13:40:27,mobile
129,,a1e518a2-93d2-48d4-a465-5c397d4d2add,add_to_cart,25,2026-01-11 12:44:31,tablet
130,34,600b4b35-6a0a-47d5-a0b8-575544caa5a2,add_to_cart,1,2025-08-08 20:42:42,tablet
131,299,cb6ad0c7-a235-4dd4-9355-08d073b5bad5,product_view,3,2025-04-10 08:19:57,desktop
132,,67213a70-17d5-4f59-84d5-98f7e14fe093,page_view,,2026-03-11 13:04:16,tablet
133,188,b1d81887-4739-4c7b-bff3-0c8d83ff3e96,page_view,,2025-05-14 07:43:08,mobile
134,39,7466ef02-5e7b-42c8-a097-dedbefb3b939,add_to_cart,20,2025-01-27 05:07:40,desktop
135,217,94fb09f0-53c9-4ae7-bcf0-7bb3f343d9eb,page_view,,2025-06-15 17:27:04,mobile
136,143,d8dff535-c62d-4aea-9e70-bd3000a21367,page_view,,2025-03-04 16:07:59,tablet
137,44,f8ded777-bb1e-4ae8-97d8-21b8bb93cd40,page_view,,2025-01-23 15:00:46,mobile
138,,b28187c4-aa05-4442-a284-e8fd755cee2a,add_to_cart,68,2025-04-20 12:27:57,desktop
139,82,cbb18c79-1036-408d-99a0-90075bb47c18,add_to_cart,1,2025-08-16 10:23:35,mobile
140,64,f7d7465d-37c3-43c9-a5d0-b51788d00abd,page_view,,2026-01-07 14:45:54,desktop
141,232,7ea5a387-363b-45cb-9329-37246dfd171a,page_view,,2025-11-12 22:40:45,mobile
142,179,48998e5f-d40e-43ce-92a7-4a4144bed486,page_view,,2026-03-12 06:16:47,mobile
143,55,216e9fe5-93f3-4596-8c1c-8b0556771f36,page_view,,2025-09-15 16:48:41,desktop
144,,c9ce44bd-7c3f-4add-9a38-5db590eeb067,page_view,,2025-03-02 04:18:53,tablet
145,,c3231466-aebb-490e-a4e7-51de57ff51d9,page_view,,2026-02-27 20:09:53,mobile
146,,a04d4d14-197d-4ae1-8bc2-ea720c648ca2,page_view,,2025-04-03 17:48:12,mobile
147,22,042b03ca-75a7-4686-9632-1d31c8acffcf,product_view,67,2025-04-10 13:20:04,desktop
148,,28719b9b-db8f-4e32-adef-50031fce01e3,product_view,14,2025-12-17 02:12:49,desktop
149,,fde91c42-002c-4c22-b4de-5f7070f81dba,product_view,53,2026-04-09 03:42:05,mobile
150,,fee5ce69-33cb-402e-ad84-414df54191ea,product_view,43,2025-03-23 01:44:25,desktop
151,272,e1d46f82-21c5-4e41-a8ce-e951b0478ea4,purchase,63,2025-11-04 07:15:48,desktop
152,,dfda35b2-28b2-4f21-8d47-0ed6a6663769,product_view,4,2025-01-18 20:34:32,desktop
153,,17e52113-4626-43be-a068-8849eec71a30,product_view,68,2025-12-30 16:16:05,desktop
154,130,1519830c-4019-4303-9c45-7e4da79313b8,product_view,27,2025-05-04 20:26:05,mobile
155,103,a61f0b96-e75f-445a-aa1d-3fc65f31273d,product_view,21,2026-03-27 09:15:21,desktop
156,224,a0279a18-6576-4410-8d41-ee472a5fda18,add_to_cart,11,2025-12-28 21:18:16,mobile
157,71,c156e501-b30e-46e8-b9da-5f8c4e35da80,product_view,61,2025-01-20 01:10:05,mobile
158,207,1758d47e-a7cd-4143-ade2-14293bf0d9c1,page_view,,2025-04-13 11:18:31,desktop
159,13,36a2c52b-0047-4139-985d-f528b4258e19,add_to_cart,15,2025-02-21 16:16:20,tablet
160,240,97fb613a-21f8-4d06-93f3-cade7a10013f,page_view,,2025-09-16 01:21:35,mobile
161,135,71efe72a-ae13-491e-84fa-4c7239e7a4f1,product_view,70,2026-07-20 02:28:25,tablet
162,139,57f479b5-b212-46ee-8210-63710260a123,product_view,41,2025-09-13 02:23:41,desktop
163,22,dc3f42e0-fcf7-4842-9edf-3bfad12e0eb5,page_view,,2026-05-29 01:22:47,tablet
164,255,7a4a902f-21d6-4b0f-b1ac-040d6c1cc405,purchase,51,2026-06-26 17:56:35,tablet
165,34,16de66c9-6210-4ef6-ba9c-43081221cddf,page_view,,2026-03-26 04:22:45,desktop
166,285,1a6b6a7d-1a38-4ad6-8e53-2ffdbb134f02,product_view,14,2026-02-25 13:54:30,mobile
167,,4c9bff5c-e188-4eaf-9e18-85c35037cd6b,product_view,7,2026-05-12 17:28:20,tablet
168,120,d038e153-c601-418b-a1fa-01ba231ae7c7,add_to_cart,42,2026-03-24 06:39:48,mobile
169,264,a43e558c-2215-4f00-9fdf-0e05c0cef31b,product_view,77,2025-10-24 21:13:17,tablet
170,229,11836c4f-2492-44c7-ad58-db1bfe31537a,add_to_cart,9,2025-09-28 06:00:45,desktop
171,72,9c3de1b0-022b-4683-9033-da6587cf63fd,page_view,,2026-04-24 01:51:22,tablet
172,277,59e7703a-70aa-4b0d-aa03-8ad4a667b982,add_to_cart,14,2025-04-02 14:57:16,mobile
173,15,bf8e8bfa-a0c9-4a72-b68a-cd40b8f14e3c,product_view,34,2025-04-08 19:52:12,mobile
174,293,9db7284b-6965-41d1-ab7e-2e6426c0747e,product_view,65,2026-08-22 16:19:56,mobile
175,43,379d58f9-dc26-4108-b140-11a1afc2ccfc,purchase,3,2026-07-05 18:20:14,tablet
176,149,23d7e6a1-19b8-44fc-a587-1d8916312fc6,purchase,66,2025-02-01 02:34:14,tablet
177,134,bae1e137-96ee-40e5-9f87-3b46c0a0473a,page_view,,2025-05-22 05:51:05,mobile
178,183,6dec6bbd-f697-47a1-99fe-3d53624fea4b,product_view,30,2026-08-08 16:01:58,tablet
179,6,3f6eed9d-23cb-4943-8a84-000350834fef,product_view,8,2025-01-27 09:26:53,tablet
180,,3f87dfc2-1591-42f2-a505-da9c46e75a2c,product_view,61,2025-04-06 06:32:50,mobile
181,44,b89f3a92-999a-4d86-99db-13028dab66d3,page_view,,2026-02-17 03:19:53,tablet
182,81,f0f7ad22-c76a-4e0f-88f0-91f09b8b38ae,product_view,64,2025-10-04 06:01:12,tablet
183,287,d8d994b8-d90f-44e9-86dd-f6cab0c30a59,add_to_cart,20,2026-04-20 14:16:33,tablet
184,245,34981735-4d38-4415-a036-35fca88d4108,product_view,7,2025-10-01 01:34:13,tablet
185,61,304b2370-8270-4238-9b5f-8f39848b34f0,page_view,,2025-04-01 21:09:09,desktop
186,,a56b61e0-4ba8-44ca-a449-cb6fbf72ae52,page_view,,2026-05-22 20:05:31,tablet
187,250,cb35097a-e5dd-48f1-88a7-38ab0df83e12,page_view,,2026-07-21 20:19:22,mobile
188,194,62c965b2-7eb0-462a-bd45-74ebf4655a21,page_view,,2026-04-17 21:09:17,tablet
189,204,a3595d1f-7fe4-442e-bdb7-88a61cdcc4c2,page_view,,2025-02-16 22:01:05,desktop
190,145,e3837348-873d-48bd-922d-d7be980bc81e,add_to_cart,49,2026-01-28 19:54:29,mobile
191,220,5c70ee97-fca4-4567-8316-d2d6fa4a58ef,page_view,,2026-04-09 18:37:49,desktop
192,,6307d4d1-21c9-415d-9104-5a16ef15ab72,page_view,,2025-06-06 20:25:09,desktop
193,,6bbdb66f-9181-4091-96c6-f45cdc5e4e78,page_view,,2025-12-31 21:07:01,mobile
194,209,2c3aacdc-aed5-4a46-8bde-005b5d8babd7,page_view,,2026-07-14 04:33:11,mobile
195,294,fcc4091b-f457-47c6-b894-6a15c34201db,purchase,29,2025-09-30 19:27:53,desktop
196,257,965d744f-0445-41a8-92af-97e4c536c66e,page_view,,2025-02-12 15:52:15,mobile
197,203,373aedf8-431e-430f-8387-f74d1149d096,product_view,68,2026-04-01 21:54:57,tablet
198,,f2dcb12b-0f7a-4302-ac2e-28150a3217d2,page_view,,2025-03-06 03:14:49,desktop
199,,495743a2-81b1-4b80-a5e1-b0f5ca0ee8c4,purchase,15,2026-08-24 09:02:23,desktop
200,84,c4615234-8044-4eb2-b66e-dbf4a0ea0251,purchase,27,2026-02-22 03:55:50,mobile
201,209,66fba71d-b3a9-4caa-ac6f-6d2e6a59c043,add_to_cart,44,2025-07-11 09:03:07,mobile
202,165,89a3c811-895c-4fde-a3fa-40691519fd38,product_view,13,2026-02-15 12:06:14,tablet
203,,15669e36-4708-403b-a716-10c19db54283,page_view,,2025-10-13 10:59:55,desktop
204,,ebc1bb52-82e4-4d4a-943a-c1c54f560ed5,page_view,,2025-04-10 15:36:59,desktop
205,99,27c6cbb1-cedd-469d-b96c-9a0a3404c02a,product_view,36,2025-01-29 20:39:06,desktop
206,33,9620bee6-6406-4ace-93a5-e8508950ddd6,product_view,62,2025-03-08 18:46:45,mobile
207,276,a65be22b-d5a3-46d9-8362-a810a2611b8d,product_view,70,2025-02-12 19:54:17,tablet
208,2,4f67448e-10ec-4b1f-a4a5-c736ae59aa52,add_to_cart,60,2026-07-19 05:17:45,mobile
209,227,f413db19-bade-4d5d-afff-15ccb2dc6c34,page_view,,2026-06-14 03:48:28,mobile
210,95,3e9639ba-0ed2-4c9d-bd17-5712d8b22277,add_to_cart,49,2025-09-29 19:52:34,desktop
211,276,1db14bfc-6f3a-4115-acb4-678c16120aa6,product_view,32,2026-08-19 14:24:41,tablet
212,226,0e165b12-9bdc-40d1-9cbf-7b8c74102d5d,page_view,,2026-06-03 13:52:39,tablet
213,47,a8761e85-bddf-403a-aa84-30f84f2da233,page_view,,2025-09-25 11:24:58,tablet
214,,033e02f7-1e93-4127-acf7-2140bd9bc648,page_view,,2025-05-19 21:48:46,tablet
215,,02e7df89-b395-4a98-a320-4ff5b538f96c,add_to_cart,62,2026-01-05 08:58:15,tablet
216,23,58c1aad6-f3f8-4ea4-bf14-eafa29f0ef7c,page_view,,2025-03-14 17:16:31,mobile
217,32,d28fcf68-c871-47b3-8468-b74d85e3ade5,page_view,,2026-07-05 20:12:56,desktop
218,161,5f32d5d8-2abe-4585-825e-0259b88416d2,page_view,,2025-05-09 03:38:28,tablet
219,168,df9b141e-c7f7-4da1-bff1-5840207e863f,page_view,,2025-02-27 13:47:54,desktop
220,,1e38f711-e2ec-43f4-bba1-aed944cdbfdd,page_view,,2026-08-10 10:57:50,mobile
221,298,55c34853-0783-443c-a65f-ad87c57c7498,page_view,,2025-02-18 10:40:45,desktop
222,141,861b4f5b-45a0-4539-ade8-370ace9e9ebd,add_to_cart,72,2026-03-22 15:42:16,desktop
223,168,f99cea5c-b65a-40f1-8350-ab061059ea28,add_to_cart,34,2025-06-15 00:31:21,desktop
224,187,7f0386fa-13ba-4c91-a0a5-fde6939f71a2,product_view,57,2025-12-15 19:34:13,mobile
225,158,0e3141ec-5c31-4464-82c2-99f07487d772,add_to_cart,29,2025-07-16 18:26:17,tablet
226,,2ab8bd33-911f-430b-9bff-00b07fe670f3,page_view,,2026-01-14 09:23:48,desktop
227,67,c5f8e2f8-414f-4994-a845-77805e20c957,add_to_cart,24,2026-03-05 12:15:06,tablet
228,56,ac93281a-92eb-4ab0-a4ee-c67c1a57f9e4,page_view,,2025-12-09 21:58:41,tablet
229,28,bda3c162-3a78-464a-9d86-80cbb90800f3,page_view,,2026-03-12 05:50:06,mobile
230,,dbd30aec-0b46-4173-80a8-547382425912,page_view,,2025-07-05 16:27:14,desktop
231,245,0bc57207-3e9a-4c86-8325-4fbddce8e1c5,product_view,61,2025-11-15 14:36:30,mobile
232,35,eb93f78c-620a-4158-9d2d-904f78c59073,page_view,,2025-04-17 02:52:43,mobile
233,52,f5d8fb91-ee60-41ac-add0-622e266bf2ea,page_view,,2026-05-31 09:08:45,tablet
234,199,cd98f9e2-8d88-4beb-890d-9655db842660,purchase,1,2026-07-04 00:32:47,mobile
235,265,a7dc2bc0-bd9c-4693-b6ca-1127e9f87970,purchase,62,2026-05-22 20:20:46,mobile
236,,3f8e2d0d-5261-4dec-b979-d5f56b5bc975,page_view,,2026-08-15 21:40:56,desktop
237,7,51e744e4-b864-4a08-aa75-752d6a8fcacb,purchase,35,2026-04-02 04:54:42,tablet
238,135,92502e59-13f0-4822-9374-8a1145712959,add_to_cart,55,2025-03-19 05:21:43,tablet
239,,ac5f12ef-8085-4147-9e91-0f365f705b25,page_view,,2025-07-28 19:15:05,desktop
240,246,3922a7e4-2de9-42f8-8d7b-ec04e6e59b32,page_view,,2026-03-17 12:35:14,tablet
241,198,0bc1f9e5-fb3d-4063-8409-c5eacde918b3,add_to_cart,69,2025-02-19 16:47:30,tablet
242,87,e0827f76-11a5-49b4-a6a3-02d6f43e8c48,page_view,,2025-09-29 18:42:58,mobile
243,64,c605e58a-4845-4343-9db4-49dc77106966,product_view,30,2026-05-31 11:48:26,desktop
244,138,161d5c87-53c9-4e59-8f89-e3b2d847dc53,page_view,,2026-03-16 09:15:53,desktop
245,147,5e717fca-020a-4497-b4ed-51458d9765c7,product_view,44,2025-05-30 07:09:56,mobile
246,,c8d57717-9055-436f-8aa5-f9d3335f2f59,purchase,20,2026-04-04 10:23:36,tablet
247,252,3e19fc1d-9f6a-4a65-bd54-da044dcd0009,product_view,80,2025-03-28 16:24:40,desktop
248,204,f8cbab4c-9779-4e84-9e47-2e2276c3e642,add_to_cart,32,2025-10-28 23:29:09,tablet
249,86,c6a07656-c5c9-4b91-bf6e-f9ed7e4ce29f,product_view,4,2025-07-16 20:12:36,tablet
250,87,8beb4e78-e683-43a3-bb82-b7963207343e,add_to_cart,61,2025-12-29 00:27:33,tablet
251,35,268b84b6-3ec0-4285-8bc4-ec0ec2aef674,product_view,50,2025-09-10 01:31:06,desktop
252,100,061efb95-68f8-4063-aeb1-9ad201a1fb0f,page_view,,2025-08-24 11:49:58,tablet
253,75,a2cd1590-58af-493c-8aa2-b4c93ba5bd76,page_view,,2025-08-23 12:03:07,mobile
254,7,0274ce40-e090-46b6-b186-a5a8d6ee526b,page_view,,2025-04-17 18:44:23,mobile
255,203,c2492e5e-005f-40e6-95c3-b2dbf374190d,page_view,,2026-06-02 10:26:05,tablet
256,218,bcf2fc3b-d958-44c2-a053-8c1ba84510a1,page_view,,2025-06-26 10:09:09,desktop
257,185,34879e41-1a9c-472a-8eb9-047dba2ac3d9,page_view,,2026-03-14 01:56:50,tablet
258,274,6b790d01-3cf8-4d20-bbad-793f87a1ec02,add_to_cart,9,2026-05-02 21:56:45,tablet
259,283,f8f9a45d-0f55-4896-b610-396b7df59abf,page_view,,2025-11-25 08:46:18,tablet
260,76,47a2a10b-b62e-4b49-a472-96a4ff38b918,product_view,65,2026-06-09 09:18:03,tablet
261,291,3b41c943-ebd8-43b1-8b3d-0c3617d09810,product_view,76,2026-06-25 18:43:55,mobile
262,32,69be173a-850e-40ad-9872-f72ee5b4a1ae,page_view,,2025-11-19 17:31:17,tablet
263,246,755d814b-5f5b-4255-a544-9887b36ab3ed,page_view,,2026-04-06 05:00:26,desktop
264,19,94ad6252-15bc-4a3e-bf76-55d7f97c6c3c,add_to_cart,77,2026-07-08 13:53:02,tablet
265,138,a3209116-222d-46a4-8163-b6ce1877bc06,page_view,,2025-07-28 20:16:13,tablet
266,231,97867b12-1328-4726-a4f4-34d6d1e91691,page_view,,2025-08-30 08:40:30,tablet
267,78,a995ecc3-6f5b-49a6-8ff1-c51f915cb31b,purchase,71,2026-05-27 01:05:43,desktop
268,81,4aab47b2-3c9d-428a-a176-1930f6d70248,purchase,73,2025-08-04 06:16:37,tablet
269,26,ed1115d7-50a4-4c85-99d5-7b0242d04d55,product_view,72,2025-08-06 06:06:31,mobile
270,,d4f76322-b362-40d2-a498-8bdecd0254db,add_to_cart,2,2025-07-09 08:22:29,mobile
271,9,73e7f042-516c-4b0a-9385-3918bc4015fa,page_view,,2026-06-19 14:03:05,desktop
272,59,f18cccdc-131e-4723-bbcd-f203459ee674,page_view,,2025-01-31 18:29:34,tablet
273,286,c5285425-c7a9-433c-a2d8-39d333e4f986,add_to_cart,62,2026-01-31 04:25:51,mobile
274,152,1b0c62eb-27c8-4c6c-9be5-a4c395af6d0c,page_view,,2026-01-28 03:23:01,desktop
275,,50647c59-774f-4354-b316-ce642a147a96,product_view,71,2025-10-24 11:37:34,tablet
276,44,5bb8b9c8-8932-49f3-9ee8-9a4c681134e2,product_view,7,2026-05-10 10:03:43,desktop
277,282,73b0d676-3527-45c8-8534-ca08f6f24d1c,product_view,25,2025-11-19 11:15:44,desktop
278,162,da3c45ca-43d7-4f2b-b69d-e1e34eed4124,add_to_cart,13,2025-02-05 00:07:58,mobile
279,9,cebeabaa-2859-4b34-9725-d2c71eb2a7b8,product_view,52,2025-07-06 00:07:39,desktop
280,143,b46788bd-d38e-43e4-8de1-087bafa14a55,purchase,76,2026-01-24 15:55:48,mobile
281,24,370b9a29-0a53-4df9-9a72-083cb266986c,page_view,,2026-02-04 15:22:03,desktop
282,,25f88c74-53ea-4919-9b48-62c2d5ff2a1f,page_view,,2026-02-07 13:30:23,desktop
283,47,f7e9101d-3f8b-4433-b60e-695c1759ba96,product_view,29,2025-10-16 00:03:27,desktop
284,52,0c880714-8372-47e0-a570-46ea5b11f51f,page_view,,2025-10-03 22:31:22,desktop
285,,d1f16485-429a-4a7c-8c80-d33aad5be3c8,product_view,48,2026-07-30 07:05:12,desktop
286,104,f3bc9a71-07f4-4ee5-ac82-989ffd9cfbb0,page_view,,2025-05-25 13:45:34,tablet
287,290,8e52fc42-73c3-44a6-9ac7-26b667863fb3,product_view,21,2026-02-02 22:05:51,desktop
288,271,183fea70-3ff6-479e-8cd4-b90abf8211bc,page_view,,2026-03-20 20:19:02,tablet
289,290,cb371d97-cdcc-4d6a-9a16-998c7648776e,page_view,,2026-06-26 23:19:56,desktop
290,38,0fc98d2e-030f-4be9-9f17-8f9323c97a1e,page_view,,2026-01-15 21:31:50,desktop
291,,38e7e019-fb89-46c8-87ec-fe71d49347fc,product_view,10,2026-08-07 16:32:48,desktop
292,,668c879b-d2dc-42c8-b2b8-d8aa21768dd7,product_view,17,2025-01-23 03:10:00,mobile
293,184,f004e897-a15b-4e18-afb0-64065f4b1a97,product_view,67,2026-08-15 20:21:18,mobile
294,155,960be0f4-9513-4c22-9583-9b99a50a13dc,purchase,71,2025-01-06 20:48:45,desktop
295,38,13325c31-d010-418a-aadc-9960424211e2,add_to_cart,47,2025-12-10 18:35:11,desktop
296,61,329fc417-1081-4d45-bf45-f8a20594b24f,product_view,59,2025-10-25 03:17:04,tablet
297,250,cf2e3296-7184-4713-a55f-65b7e709fba6,page_view,,2025-07-09 02:43:01,mobile
298,283,d8e70aeb-e7b3-4085-978b-e96820f87ba2,page_view,,2025-04-05 22:09:24,tablet
299,71,1f5df912-54e0-4431-8f13-3b65d450afa2,page_view,,2025-07-01 05:55:27,mobile
300,245,0cf697a5-7603-436c-b139-4e3c0aee2557,page_view,,2025-03-18 16:21:27,mobile
301,136,6ee35607-92ea-4324-ac93-e5962b015723,product_view,47,2025-09-30 04:48:07,mobile
302,178,7f0223bc-651e-4252-b974-4cded259f960,product_view,48,2026-05-13 01:39:06,desktop
303,259,6d39da75-aee7-4ab2-a1fa-8e7a078c26ce,page_view,,2026-08-15 05:09:11,mobile
304,188,e886a011-36f7-426c-9a9c-06792c3d17e2,product_view,1,2026-08-12 00:39:27,tablet
305,,722dce13-47a4-4c42-8665-34972fe922aa,product_view,29,2025-12-17 14:55:40,desktop
306,236,9d3616a1-08de-4921-a60c-b547e2280fe3,page_view,,2025-05-20 10:08:16,desktop
307,258,a5b40983-3eeb-404a-9df2-372e9e825aae,page_view,,2026-07-28 22:14:48,desktop
308,144,e1fdc6d1-6978-4221-bfb7-5c574b8c031f,page_view,,2025-04-02 17:40:32,tablet
309,265,1674eb65-0f9c-4300-baa1-c5678cf9eea9,page_view,,2025-09-26 16:28:46,mobile
310,,6b52f93c-2321-464e-a20d-4a1f479f6628,purchase,10,2026-02-03 19:44:33,desktop
311,,cc152a1b-e278-4642-a484-e035330faaa3,page_view,,2025-12-26 20:28:42,tablet
312,31,fe7c80e9-a179-4e93-bfc8-25ac869bc00f,page_view,,2026-08-12 13:32:12,mobile
313,238,04ffeab2-cb7b-4b3a-8b2d-158acd5ae324,add_to_cart,14,2025-03-30 11:28:05,mobile
314,23,b69f75c5-c82b-41be-a1eb-64e6fd498e20,product_view,30,2026-03-28 01:56:18,tablet
315,,c80c2195-8b65-44ce-bacc-99705beec570,page_view,,2026-04-19 02:34:50,desktop
316,8,90ce82e8-e9a5-4368-9812-9eb27c13f47a,page_view,,2026-05-11 09:20:10,tablet
317,45,453b45fe-636c-4499-9254-aad3809cd839,add_to_cart,74,2025-11-16 20:27:12,tablet
318,151,98dc9e0b-51a1-45df-86ac-10102e0869c1,page_view,,2025-05-25 20:39:41,tablet
319,285,cf89569d-e550-4736-8780-6e713811b519,product_view,53,2025-12-19 04:47:16,tablet
320,242,cf03f0c8-0eff-45bd-87eb-340dc74e48ff,add_to_cart,53,2025-04-01 22:44:02,tablet
321,73,5b80b8d1-8788-4fed-b8c0-4ed8fdd4ff21,purchase,26,2025-11-15 19:36:11,mobile
322,37,3b964c74-ffe6-4994-9580-4c2ac44fc4b8,page_view,,2025-12-07 01:39:11,mobile
323,288,3f738f50-19a2-476f-a8dd-2bfdf956be95,product_view,52,2025-08-16 06:40:09,mobile
324,152,889fe107-443b-4d0f-bdbc-3093a8284442,page_view,,2026-01-04 15:56:29,desktop
325,124,bcaff931-ead1-4464-8a8e-858cd0f81063,page_view,,2025-06-05 15:18:58,tablet
326,,f2a32efd-ff13-4c80-8398-c3320e500785,add_to_cart,70,2026-03-22 01:25:01,tablet
327,100,fb8fe8c4-d8b4-4ead-9360-8edf382b5b86,product_view,29,2025-09-15 10:54:25,tablet
328,281,ef69a980-5ad4-49ef-a36f-a890cc21cbdb,page_view,,2025-07-01 11:34:30,mobile
329,153,2c78644f-d860-45a2-bdd5-b0f8d6d744fd,page_view,,2025-05-22 19:40:04,mobile
330,28,5168bbf2-97af-4bde-bc8e-9d782d14e9f4,page_view,,2026-03-31 10:04:27,tablet
331,,5bd93609-b297-4782-bcf4-74aace63cb1a,page_view,,2025-12-10 12:49:54,mobile
332,204,b4157cea-0738-4ba4-9770-a3dbe9fa97e2,page_view,,2026-08-02 06:39:16,tablet
333,18,91519998-f293-4585-9a07-d758b357f3f9,product_view,43,2025-11-29 03:54:03,mobile
334,159,f2c84743-9027-4770-a460-d0d2904883c1,product_view,77,2025-04-15 08:30:14,mobile
335,52,cf767343-fced-4994-9631-c383303014d0,product_view,65,2026-02-02 03:26:59,tablet
336,10,8ac8ad93-7e02-421d-b86b-543ae1b243cc,page_view,,2025-10-30 16:12:31,tablet
337,91,09b7fdf7-7d8d-4ddd-acf1-49cb4f1e1a37,page_view,,2025-01-25 14:47:11,tablet
338,120,9a069295-3b8d-4447-8e61-065f171b1b80,page_view,,2025-10-02 03:01:39,tablet
339,,7a5d7c82-86c5-447c-851a-00393803dcee,page_view,,2025-03-26 04:55:25,mobile
340,161,9d37efb6-eafb-4e90-94ec-84ce002ccb25,add_to_cart,73,2026-01-01 02:10:01,mobile
341,,573bfc17-2167-435e-8e73-34f233932b6c,page_view,,2025-02-21 02:52:26,desktop
342,,cd6bb03b-eb35-47a0-ad6e-0291b7893986,page_view,,2025-07-07 12:38:05,tablet
343,133,0f3f0f48-52d6-4779-9e43-79cbd8230076,page_view,,2025-12-14 01:09:53,desktop
344,253,b466fab6-962c-44dd-a5d0-7461059c1574,page_view,,2026-03-30 06:57:49,mobile
345,282,1c654aa2-c63c-421d-a443-5958eacf33a9,page_view,,2025-12-29 21:28:37,tablet
346,15,5d696bc8-dc54-459b-86bb-42c7d8b2f8b6,add_to_cart,9,2025-02-19 00:21:14,desktop
347,111,b45c9a54-5fa3-4531-9291-6e60f5e72daf,purchase,2,2025-07-28 21:04:47,mobile
348,,96053035-6545-4030-a981-fa54f121e129,page_view,,2025-02-02 07:48:36,desktop
349,,52961fb3-4d40-4b28-9628-ddcd19dd3e8c,product_view,37,2025-03-07 02:37:18,tablet
350,49,bb7b6c05-2852-4ca2-b9d2-014a22ee7f07,purchase,44,2025-06-28 19:51:32,desktop
351,125,a3a6ef83-cab6-4107-afd6-9b3af2dd9456,add_to_cart,73,2025-12-15 05:20:03,mobile
352,37,51397c06-a630-4d9d-bcb9-23f5f5edf382,page_view,,2026-02-22 17:43:38,tablet
353,7,8fddbebc-f7ff-48d4-b509-f08a2c988bca,product_view,51,2026-08-08 15:36:00,tablet
354,,9d1c0838-edc8-4ca8-a3bc-d6f3b18d2c8c,product_view,57,2026-05-04 09:34:01,mobile
355,124,aa604892-3926-42e9-9b58-eb49c9784b52,purchase,65,2025-10-01 04:33:44,tablet
356,112,60ddc7f1-2ce3-4822-9080-12b896c56fe7,product_view,73,2025-10-23 11:10:07,tablet
357,192,4b657bcc-b041-4f19-bbe7-18354e8bf78a,add_to_cart,3,2025-01-03 14:17:42,desktop
358,81,0075d3d5-ba94-4a66-ad7e-4a452099e71f,page_view,,2025-01-09 07:56:09,mobile
359,6,92a54d04-f2dd-41f5-b3b6-d344f2e3c6f0,page_view,,2025-08-06 13:48:59,desktop
360,201,c55523ed-fe89-46c8-99cb-3540643ffdae,page_view,,2025-04-19 16:43:31,tablet
361,299,2e9ce8ff-084a-4c4b-9146-8cdcf7164b73,page_view,,2025-07-11 20:51:02,tablet
362,113,cf0df860-ebc9-4914-9176-a9d19a3624d6,add_to_cart,40,2025-12-05 03:28:04,mobile
363,,a3bfe403-388c-4751-9c83-79aef7b02805,add_to_cart,74,2025-02-10 23:24:59,desktop
364,24,7f05fbf5-efca-4577-9aa6-f7cb90c7e6ac,page_view,,2025-01-06 23:11:59,tablet
365,212,13eb22c9-bece-421a-94c7-743b2401342a,product_view,32,2025-01-15 05:30:53,mobile
366,,51cbf9e5-fb7d-4ba1-98c8-8c483ced4d1f,page_view,,2025-08-14 04:57:16,tablet
367,145,f68c62e6-e2a4-4909-a2dd-22d52afaab7b,add_to_cart,43,2026-04-13 12:09:48,tablet
368,279,ab86bafd-b57e-4883-9258-6d9016b6bf61,product_view,73,2025-07-10 03:11:38,mobile
369,217,55f3ad50-e2fb-4984-bab2-7bcea39c3bd5,page_view,,2026-02-09 01:41:25,mobile
370,124,35adde88-43e4-4668-82ea-d2df725656e3,page_view,,2025-07-03 00:18:30,tablet
371,,59b9222c-115a-4fac-b173-fcdf3fe1e8f3,page_view,,2026-06-18 06:47:29,mobile
372,238,b86d066b-1ba8-47c6-897a-24ad41b455b8,add_to_cart,77,2025-05-10 00:02:23,desktop
373,,702f31e5-62cc-4604-8c53-644b0053f649,add_to_cart,21,2025-08-20 20:03:05,mobile
374,,2a9527f6-f817-4ebf-ab6e-64c5bb8aa843,page_view,,2025-06-22 03:36:12,tablet
375,88,e1bbb8cd-7e3a-4f07-a9fd-28e6e271fff9,page_view,,2026-06-22 04:31:57,tablet
376,251,6016c743-8bc8-4a02-99ea-493660f34ebc,product_view,47,2026-08-03 03:26:21,desktop
377,,c9ea356a-7abf-4ebf-942c-b1ae19f738cb,page_view,,2026-03-24 07:41:53,tablet
378,282,c21c3fb3-a6a5-40ff-93fb-71d0dd326d9c,product_view,76,2025-11-17 20:42:56,tablet
379,241,7387928a-29a3-4b6d-b9bf-ca38afe9be90,page_view,,2025-04-07 13:53:52,tablet
380,26,088dbd82-d883-43f8-8c98-03de12de9e5a,add_to_cart,44,2025-08-31 17:25:50,tablet
381,111,42d943ee-5197-4e75-8523-d4fd4b7f2183,page_view,,2026-01-20 22:09:37,mobile
382,298,5780be17-12fe-4c2b-9acf-42c5f3a02120,product_view,23,2026-06-06 10:03:10,desktop
383,160,29310971-601e-4211-a34f-76b42b8c03bf,add_to_cart,13,2026-06-11 05:01:41,mobile
384,245,f11c0ac5-8c0b-493a-9333-5bc9bb635ff5,page_view,,2025-02-25 06:28:02,tablet
385,151,5683ede0-17d5-4563-ba60-ede1e5eb772d,product_view,30,2025-05-19 05:39:40,mobile
386,143,e4aa786d-9d17-4218-bc3b-0de5981262ac,page_view,,2025-10-13 23:50:30,mobile
387,269,6e6b34b9-07ef-4ba8-b45a-6ab37b94a34d,product_view,9,2026-03-08 13:06:13,tablet
388,101,9b792afa-2a3d-418d-a754-a29ff143e545,product_view,17,2025-01-14 04:38:42,mobile
389,26,0db5d441-2837-4418-af27-c1b9e3c6dedb,page_view,,2025-06-02 07:58:27,mobile
390,,f9722cc1-349e-44a9-94c2-9d5c19ec0829,page_view,,2026-01-03 04:37:51,tablet
391,125,8dda4ff2-b27b-4bb4-a8c6-90b230a2cee8,page_view,,2025-07-18 01:30:30,mobile
392,214,8a45a905-badf-4397-acf2-6429b8d77d2f,page_view,,2025-02-18 14:49:27,desktop
393,2,4c2272f3-4811-4562-a91c-f19243e8644b,product_view,8,2025-12-19 21:39:30,mobile
394,226,64953d5f-0cb4-4891-988d-f23b3ccff6eb,product_view,46,2026-02-12 21:16:59,mobile
395,115,7daec949-d700-4461-8cb6-b0ba925f8199,page_view,,2025-03-14 00:50:03,tablet
396,,00fa0eb4-5c5f-48d4-8df4-07b82751ab86,product_view,54,2025-03-17 17:06:01,desktop
397,21,d2eaef18-4b67-47a1-966e-cfe36d779595,add_to_cart,21,2026-08-20 19:19:44,mobile
398,,7af6cd41-99a7-499b-a005-f5e1a97a2846,add_to_cart,34,2025-09-11 19:42:17,desktop
399,,34fadee1-0696-4d48-98d4-2238331de35c,page_view,,2025-06-16 05:29:30,tablet
400,,fa207403-4ab4-47e3-a360-76812bbba89d,add_to_cart,16,2026-03-06 17:43:32,mobile
401,188,1d91fe39-d801-4004-b93b-ed1b14f9c394,page_view,,2026-01-13 15:12:26,desktop
402,21,788fd0cd-65c0-4b93-88ed-abdd4ef03f80,page_view,,2026-02-08 05:34:10,mobile
403,202,43d75413-a939-4bd1-a516-b0d47d3572cc,page_view,,2025-03-03 11:02:20,tablet
404,131,6334fa2a-8b4b-47e7-a451-5ae01754bf08,page_view,,2025-02-07 16:03:19,desktop
405,101,61a66444-e2af-4629-9efb-336e2f546033,product_view,78,2025-07-13 08:10:54,tablet
406,5,0b6c03c8-721e-4419-afc3-e6495e911b91,page_view,,2026-01-21 06:05:25,desktop
407,,436e3c49-770e-49db-b092-d40143675d58,add_to_cart,50,2025-05-18 15:47:44,mobile
408,,907276ea-44c0-4a9a-964a-cb1f39eb038a,purchase,33,2025-08-10 14:57:42,tablet
409,,b24beb96-c092-4b74-a6b0-7ff60fc79913,add_to_cart,44,2026-07-23 11:40:16,desktop
410,52,ab0b4cc5-15f0-4a19-98c1-80d2aadf3692,product_view,66,2025-02-10 19:26:06,tablet
411,51,69fb0763-8a9c-46f7-8ee4-e5125802b640,product_view,53,2025-06-01 23:16:56,mobile
412,44,3a3e46b0-96f8-4ff7-81a7-2883f8802878,product_view,74,2026-01-25 09:35:59,mobile
413,174,6319629b-d73e-4bb9-8f9c-a17b8db8dadf,add_to_cart,18,2025-10-16 16:46:55,mobile
414,30,f7336094-6b2b-48b9-85c7-f3bed183010f,page_view,,2025-08-30 08:11:19,mobile
415,104,efb56207-ddec-440b-afe3-af13891778e8,purchase,5,2025-09-04 02:49:24,mobile
416,188,3c53090e-e1b4-4171-929d-674d798e175f,add_to_cart,68,2026-05-27 14:46:11,mobile
417,137,6511e61a-1436-45f5-8c81-926079ec533c,page_view,,2026-04-24 14:12:51,tablet
418,138,08e3f771-b6dc-4d05-9a9b-ccc1e71c681a,product_view,59,2026-02-16 21:21:56,tablet
419,138,844e250b-e684-490c-923b-78208089b8c5,product_view,43,2025-07-24 13:07:30,mobile
420,289,fb95d0fc-ad72-4d05-924c-de09ccea5031,product_view,35,2026-02-07 14:04:40,tablet
421,258,f3025d16-1eca-4ae9-a5bf-213d9eca381b,page_view,,2025-03-07 15:41:19,mobile
422,65,f2f5b176-2c41-4bd3-b2f4-44abc1d71f4a,page_view,,2025-12-18 10:23:47,desktop
423,,363e6ef4-f8df-4c3a-aacb-4fbdfbff8a7d,product_view,2,2026-08-10 12:05:21,tablet
424,157,0aeccec7-204d-49da-b156-7f2acef74829,product_view,44,2025-07-09 14:31:50,tablet
425,,aee14f87-fcff-49e3-940f-f5896c624c2c,add_to_cart,48,2026-08-13 13:52:56,desktop
426,229,d2938e6e-ff4d-4930-b3b0-fb536f75ee8a,page_view,,2025-09-03 00:29:35,desktop
427,142,98550b1e-d588-4c1c-a5db-5946a091e5b4,page_view,,2026-01-12 21:25:36,mobile
428,198,ba236c22-e92a-4b97-91db-1a374204d733,page_view,,2025-10-20 01:54:59,tablet
429,279,16476e3f-1127-4207-8eae-1325ea074d80,product_view,32,2025-06-11 15:07:34,mobile
430,163,8d536c75-65b9-4e94-8e6d-e263635a775d,add_to_cart,28,2025-02-27 16:29:10,tablet
431,235,850a48d4-46b5-48de-9b4b-b8eb537d0bd1,page_view,,2025-01-19 01:05:30,tablet
432,63,032a461a-df9b-4c1f-aacb-1f6d7549c9f9,product_view,68,2025-12-31 06:04:50,mobile
433,41,966b62ea-9f80-496b-b34e-356ac95b61f8,page_view,,2026-07-17 16:15:41,mobile
434,286,1cce08e9-6b6a-4061-881c-8d3185c69fbf,page_view,,2025-06-10 07:36:49,desktop
435,144,910c4cb7-25f0-4b0a-a64e-f59d6a18e5af,product_view,23,2026-03-20 18:24:15,desktop
436,256,f6ff3521-c225-4530-952a-53459682d9ff,page_view,,2026-05-25 07:03:47,tablet
437,13,1b0ae22e-ecc8-47a6-99a6-f80ef08ce6c2,product_view,53,2025-12-16 05:22:24,mobile
438,237,c926a021-19da-4262-8790-3dc5900c0af7,product_view,74,2026-03-17 14:34:28,tablet
439,97,e1509425-891f-4683-9e12-dbf1493d6196,page_view,,2025-01-04 04:03:31,desktop
440,24,439e754c-6930-46ea-a0bd-a1ee5807cf74,purchase,46,2025-06-06 15:59:43,tablet
441,,92701d60-7c4f-48e4-a7a0-2a3d620f230b,purchase,48,2025-11-30 23:37:55,tablet
442,24,2c154804-0997-49a3-b919-955c9be4f19f,page_view,,2025-06-05 17:36:58,tablet
443,,9e45455e-24d3-4751-a729-4d3c46818a88,page_view,,2025-11-13 06:46:59,desktop
444,100,66d71d97-b193-48b8-ae49-c0799bd0d4c7,page_view,,2025-01-28 21:59:55,desktop
445,294,e1035e1c-e3bb-42ae-a552-ac5309eda6f5,product_view,16,2025-08-11 14:29:26,tablet
446,45,0c9e5550-3cd1-4f3f-b0c5-827854dccba5,product_view,22,2025-02-05 07:13:32,mobile
447,,44c1f1b5-ebbb-4763-b9a7-e63bbee975da,product_view,45,2025-06-07 18:51:48,desktop
448,,567e642e-052d-4b9a-9f58-4603e5a3d8e9,product_view,77,2025-07-10 20:57:26,tablet
449,249,4f9a5f98-4d95-4273-8b2c-c805d1403430,add_to_cart,45,2025-05-11 13:35:59,tablet
450,110,dbb54645-7dda-41b6-97c4-caed47c4cc51,add_to_cart,19,2025-06-23 05:29:22,tablet
451,227,f8f58a26-1924-4644-af52-7666b23909f4,page_view,,2025-07-14 19:00:47,tablet
452,1,4cec495b-2267-46e3-ba5b-6ac5de703b72,page_view,,2026-05-01 08:05:05,desktop
453,117,c626e38f-716f-4276-be64-ac2af96671a5,page_view,,2025-03-31 18:28:09,desktop
454,241,ba92992e-44f8-453c-9224-6d05d3692867,page_view,,2025-02-20 20:04:10,desktop
455,,16db80db-a543-448e-9adf-e9816ab19e15,page_view,,2026-05-25 04:23:52,tablet
456,103,e9d6bb7e-361d-4014-b114-56de301c8db3,page_view,,2025-04-12 00:30:55,desktop
457,,7c059799-bdae-4eff-a83c-510ed2efa93b,page_view,,2025-12-29 23:28:36,tablet
458,286,5fb8944d-de00-48aa-8439-6fc0c26e2706,product_view,24,2025-04-02 17:56:57,tablet
459,223,ca9f1d59-83e8-4700-8e63-813ed22e3226,purchase,34,2026-07-01 09:24:12,desktop
460,167,b5a6571c-4fa5-435e-90cc-460428b26b1b,page_view,,2025-09-26 04:46:13,mobile
461,111,c7cfeca8-22b9-424c-a744-3fb881bd55d5,purchase,20,2025-05-26 05:52:33,tablet
462,55,9194821e-e11b-40d4-8637-9f04d9ee7dc9,add_to_cart,38,2025-09-17 05:36:20,desktop
463,290,e00bd534-3158-41fb-ac7a-0d3107692583,page_view,,2025-07-08 06:30:14,tablet
464,208,0ec0ad4b-d644-4a9d-b362-d476d53ae57f,page_view,,2025-07-07 22:29:53,desktop
465,26,0cf173f9-74d9-41f5-8877-58043fde9814,add_to_cart,32,2026-05-06 08:54:25,mobile
466,59,32f8dbab-b462-43e8-9c41-8a83eb04159c,product_view,35,2026-02-11 17:54:18,desktop
467,,76d70561-d2d1-4ef5-9e4c-4fd1462363a9,page_view,,2026-05-13 11:28:41,mobile
468,157,ec4e8cbb-a2aa-478c-a59e-0258814ff657,add_to_cart,72,2025-11-28 05:24:23,mobile
469,37,3defa7ba-07d2-4d4d-ae61-716a1fb621ae,page_view,,2026-01-30 06:21:14,desktop
470,261,7233d5af-9813-4da1-bd21-20ad5f59fb4d,add_to_cart,52,2025-08-23 20:47:10,tablet
471,188,797e3984-ded7-43ef-b5e4-a9c12d761ffa,page_view,,2025-11-18 10:04:47,desktop
472,,5820b3f2-5989-4d6c-8d24-34f9963dc8bf,page_view,,2026-08-06 02:38:51,mobile
473,35,42378962-e4fd-4c34-9670-7a2129dc073e,page_view,,2026-03-15 09:44:43,mobile
474,,1723ecdb-b058-4256-94b3-e8cfbfbbeab3,add_to_cart,44,2025-12-04 15:35:33,desktop
475,,0cb5ee5c-62f5-47c2-8706-fec248fa4e98,purchase,12,2026-08-14 13:41:19,tablet
476,165,c7a2f280-927f-4103-9a94-08c029b44cb1,product_view,64,2026-01-02 06:43:50,mobile
477,1,38aa76df-db6b-439b-b6dd-9529f704d72f,add_to_cart,3,2025-09-17 06:08:35,desktop
478,8,34ec5264-ad7d-4f81-b9a0-f145a5bab050,page_view,,2026-05-24 03:29:55,mobile
479,46,83666636-68d5-46b8-a6ce-6d7a44e2a94b,page_view,,2025-03-17 07:20:48,tablet
480,221,f796611f-c7c1-4b1b-9d58-631b052226b9,add_to_cart,80,2026-02-18 16:50:54,tablet
481,233,795e6f2b-0247-4360-aea4-a441c47fa57e,page_view,,2026-08-03 19:02:59,desktop
482,85,2c56e0cd-a5ba-4472-a1df-5609e959137f,page_view,,2026-05-11 08:25:20,mobile
483,95,3948fe22-022a-4dda-8d05-79e299e4704c,page_view,,2026-02-03 01:01:51,desktop
484,296,f168c605-ce1a-4669-9bbc-6cbc409ca8f2,purchase,69,2026-05-02 23:37:12,tablet
485,122,b599277f-f78e-49e8-b676-291d4e329b4b,add_to_cart,27,2026-08-09 11:14:30,mobile
486,,e53e5f4c-6c7e-4a2c-867f-358ba48aa108,page_view,,2026-01-27 11:58:18,desktop
487,,7580e4e9-5945-4186-9a01-8d296060b1eb,purchase,75,2025-12-09 06:36:54,mobile
488,,4d59616b-7779-457f-b7dc-8c784082fcda,page_view,,2025-05-04 21:20:20,mobile
489,13,9fa4a627-d306-48be-8548-867bad5cba24,add_to_cart,63,2026-01-23 09:54:49,desktop
490,234,01e187d8-1a31-4044-95a0-f35665abc9ff,add_to_cart,37,2026-05-07 00:15:02,tablet
491,,f76b9723-a990-4071-bfda-9a9382f29004,page_view,,2026-07-29 16:54:12,desktop
492,279,8fbba749-5fcd-459e-96e1-8109d7e174e6,product_view,56,2026-05-24 14:35:48,desktop
493,231,485d831c-9bea-4529-9801-7a2fa5b83693,purchase,12,2026-03-06 07:19:45,desktop
494,219,7b53359e-1bac-4d0d-af35-b30b4c68eb17,product_view,5,2025-09-21 12:02:15,mobile
495,,46c79b36-fd05-4963-9616-af7e1057a002,page_view,,2025-11-19 08:01:53,desktop
496,,46e1ee40-dc8a-46a7-933c-2ed5a3fe0479,product_view,50,2025-10-06 20:34:21,desktop
497,238,f3c2944a-b60a-4dcc-a7f7-745142da8609,page_view,,2025-04-23 23:07:09,tablet
498,71,30385dd7-4c7d-4313-a6c6-81b0e4729be5,product_view,49,2025-08-17 11:41:26,mobile
499,,3d846fc9-c3f6-4136-846d-5a3b2661c426,page_view,,2026-04-23 00:17:22,mobile
500,57,db7904e0-ce30-461d-8e88-c8ece651e3e1,page_view,,2025-06-14 16:50:43,desktop
501,219,6772fe9f-999b-4859-8f5e-0f0bcd67b5df,page_view,,2025-03-22 11:25:58,tablet
502,269,23d26b8d-ae46-424d-91d0-5ef3a91883fc,product_view,72,2026-08-07 12:12:41,tablet
503,145,7f53d344-a7c8-44e4-8684-3c86b8a60402,page_view,,2026-03-22 09:01:47,desktop
504,135,e82b5b36-4269-428c-8bac-bedfff5a229e,add_to_cart,38,2025-08-15 11:11:30,tablet
505,38,bc9a7998-6365-4c2a-a793-cb096b271eff,add_to_cart,40,2025-05-05 14:24:01,tablet
506,126,fea82e3a-b544-41cb-9541-0a9d090aaa93,add_to_cart,32,2025-09-22 10:02:28,tablet
507,116,57d9cbb0-309e-47ba-90e6-56e592715f6e,product_view,35,2026-02-24 09:36:16,mobile
508,288,afb28b3d-38ec-4b4d-b69f-5eabb9ff2c29,page_view,,2025-08-18 01:44:17,tablet
509,216,79c9c839-c8ef-4377-a368-84f588ddd880,page_view,,2026-05-04 07:57:22,tablet
510,273,5bc677ca-abff-4286-b0cf-9d73e8121ef0,product_view,67,2026-08-20 09:48:58,mobile
511,54,2b843ef3-d86d-455d-8cd9-916481df62f4,purchase,74,2026-04-02 04:41:59,mobile
512,59,8ee9581a-e061-465f-a859-6f8cd73418fe,add_to_cart,6,2026-05-06 11:53:57,desktop
513,266,7885187d-18fc-43b7-8b35-6e9a2e5eeb6a,page_view,,2025-10-21 22:56:54,tablet
514,190,b9a5d4d0-4237-41f1-bdac-dc5e20c0f275,page_view,,2026-08-23 04:48:09,mobile
515,,e9a1c6d5-c34e-4baf-8f1c-b2ccceef9fa8,page_view,,2025-11-06 10:07:36,tablet
516,156,e64b9b37-ae01-4122-b269-921c2edd9141,page_view,,2025-03-07 05:24:08,tablet
517,291,38e59b27-16dc-4a6e-a789-077055ec024a,page_view,,2025-01-29 05:08:58,tablet
518,55,df162ec3-be84-4aa2-b92c-04da5af3da5a,page_view,,2025-04-28 07:25:43,tablet
519,171,e3082ddc-c9c0-4b7d-aba4-170b4e9d23e9,add_to_cart,46,2026-06-26 21:39:35,desktop
520,,95e7f614-42b4-4281-9f26-946654d1332a,product_view,61,2025-01-03 20:13:14,desktop
521,41,1e26ed31-d9e9-4758-b6b9-04364b46ef33,purchase,79,2025-08-12 02:30:15,desktop
522,283,a267d32f-ddcb-44bc-8dbd-c5da787515b9,page_view,,2025-09-23 11:54:54,desktop
523,44,9ee339ff-f1bd-4598-948f-664a9565257b,page_view,,2026-07-10 20:03:05,desktop
524,,31cd9f6e-e3b1-4d36-b8e3-6397123b31cf,page_view,,2025-07-07 06:56:08,desktop
525,,ae423568-de14-453b-9eac-41d9801f4909,product_view,18,2025-02-04 09:03:12,mobile
526,150,69c165ae-4c61-4ae8-87a3-7f1061b512ed,page_view,,2026-02-21 07:34:11,tablet
527,,26996aab-daaf-4529-9eef-f82a0dd70158,page_view,,2026-04-07 21:05:49,desktop
528,203,57b936b0-3346-4332-be0a-824e232a5e82,add_to_cart,70,2025-01-29 01:11:22,tablet
529,161,e4917f7d-91c4-4efc-bcb8-96bb68c0cbef,product_view,19,2026-08-06 10:12:56,desktop
530,26,24aa5685-7523-46ce-bc95-0bbae8184f34,page_view,,2025-04-02 23:32:35,tablet
531,225,2e2bdc6c-b736-4c4f-9cc5-d97550fe8199,add_to_cart,9,2026-04-22 09:35:36,mobile
532,155,55273407-7cd2-492f-94b0-0f62c768b07f,page_view,,2025-11-23 02:07:40,mobile
533,188,503be788-2d44-4af8-bc94-76b1a18b5d15,purchase,21,2025-06-15 20:21:20,tablet
534,217,73b9c2ac-0134-476b-8ed9-fa95a26e865b,page_view,,2025-07-05 16:19:39,desktop
535,82,c606ddc4-c2dd-401d-b59a-15334605ec0e,page_view,,2025-05-17 18:56:38,mobile
536,120,288f3435-c3b5-44db-9387-03c92b29bf36,page_view,,2025-01-17 04:53:41,desktop
537,56,c79ddb62-c379-44c1-8903-94ea7d54ec82,page_view,,2025-01-11 08:21:50,mobile
538,130,6f07b60f-9d4e-4b5d-a120-bfba1689e0b8,page_view,,2026-03-28 02:27:56,tablet
539,220,6dd49c96-6744-4b9e-aded-cba5a22c3d4f,add_to_cart,47,2025-01-11 15:55:49,desktop
540,,0131ff3b-6221-4670-ba36-e788f71fb9a6,product_view,79,2025-12-22 11:28:32,mobile
541,30,bb0c7919-330c-4ff5-88a5-fa0d09a85dc5,page_view,,2026-01-15 07:40:04,mobile
542,,e45a87e8-039a-4ed5-b337-b2615f8392d5,add_to_cart,30,2026-08-19 20:14:52,desktop
543,88,87f1d48c-d54e-4948-81c0-c5e3527c8f50,page_view,,2025-08-10 09:51:41,tablet
544,68,010e4265-ad3f-4dd4-8496-26ba30c9a2be,page_view,,2026-07-08 10:46:37,desktop
545,,39ec8ca1-3fb2-4f47-bbcd-6c18a06e8de5,purchase,75,2025-01-17 03:18:30,desktop
546,84,4fe54745-5827-4e80-a082-1918b18ad67d,product_view,17,2025-10-27 01:53:51,desktop
547,,80daa8ca-6230-4d27-9a4b-160621019bff,add_to_cart,53,2025-09-23 19:53:46,desktop
548,53,10b6a662-2ac1-45ca-8e5d-8f1296b31f4a,add_to_cart,61,2026-05-23 11:41:29,desktop
549,94,f2ce7eeb-4c56-4b8f-8bb4-32b3d2e76deb,purchase,7,2026-01-31 13:05:54,tablet
550,275,85319f0f-ba53-4122-b4b7-96204a73b0bf,add_to_cart,57,2025-06-07 17:04:53,tablet
551,,6f04af36-567c-4d44-862c-92fd98abb2e7,product_view,9,2025-07-04 05:39:48,desktop
552,300,2240063b-fed7-47be-afd0-d2f7e3524444,add_to_cart,44,2026-01-30 14:21:08,tablet
553,131,7d7c59a5-e6c1-4650-bf02-f5b057bd56c9,add_to_cart,19,2025-09-11 17:40:31,mobile
554,232,2a35ce30-303c-404b-8007-93365bf7dda1,product_view,10,2025-07-10 03:37:51,mobile
555,,cfdfc6f9-eb0f-427c-a82a-3879f2b5a7ea,purchase,16,2026-06-28 16:40:16,tablet
556,,396d1ffb-3a79-4efa-84e5-5bd56744acd4,product_view,71,2026-03-02 22:21:43,mobile
557,38,3610901c-2196-43b5-bc21-109bba27bc64,product_view,7,2026-05-12 10:36:27,tablet
558,,812faa38-96f6-4c09-859c-1ba0bbec721d,product_view,29,2025-06-04 12:50:05,mobile
559,129,b60b4f87-5dd8-4ffc-9f87-8b322b429596,product_view,23,2025-11-22 03:58:58,desktop
560,,600c9c71-0990-4647-8ac8-d87ea689d07f,page_view,,2026-05-20 14:07:11,tablet
561,113,c5709e30-417b-4634-a3ec-152ce0653245,product_view,24,2025-06-17 00:46:53,desktop
562,77,980b6853-0c70-41eb-9f85-c2dd88e44a48,page_view,,2026-01-20 06:24:48,desktop
563,134,1bad52a8-a976-4c4d-8c47-2187fea35d37,product_view,49,2025-07-16 07:06:38,tablet
564,277,0c5921f8-050d-4bfe-960b-f603a750350e,add_to_cart,26,2025-10-24 10:43:11,desktop
565,10,71be94c3-6ab1-4db6-9da4-66feb0937085,page_view,,2026-06-16 18:10:17,tablet
566,170,40b374f8-8c1a-42c7-9fa3-ed1f61584f88,page_view,,2026-04-21 00:45:27,mobile
567,,349b5089-2733-4670-b3ad-a2ba797209c0,page_view,,2026-01-22 18:28:37,tablet
568,161,0261c87a-a15c-459a-af8c-a888b1f81ad9,page_view,,2026-04-04 18:05:21,desktop
569,94,19d9d0b5-a962-4996-abbe-3b5a4d15f7d8,page_view,,2025-08-03 05:49:26,tablet
570,213,9f6facc1-451d-48fe-8532-fc74a9987bdf,page_view,,2025-07-09 16:28:10,desktop
571,88,6b382a0a-231d-460b-b362-cd559b0ada0b,page_view,,2026-01-03 20:39:09,mobile
572,,82f73861-1adb-48cf-a60c-1638d4a5a81e,page_view,,2026-02-13 12:43:02,tablet
573,,485f7888-1e23-4a4b-9e21-741fb8011026,add_to_cart,18,2025-01-29 23:48:56,desktop
574,81,7f6bd3c6-1b34-4937-88e6-09391d2fed2a,page_view,,2025-10-20 04:15:38,mobile
575,211,c72850c1-3322-468b-9be7-8aec32da81f0,page_view,,2025-06-05 21:31:57,desktop
576,298,f91e5fcd-85ec-4729-94dd-1b56435391b2,page_view,,2026-03-23 08:53:49,desktop
577,79,68e5c8cd-b414-4e4a-9ba0-c3e033a0daa7,product_view,23,2025-10-31 06:32:57,mobile
578,39,8c52d271-0a16-4e18-a90e-3e894b9c22f4,page_view,,2025-09-23 22:42:03,tablet
579,,b02e21aa-352b-4ec8-a90d-21cb7f111a36,product_view,44,2025-04-10 07:04:57,mobile
580,115,3c088990-54a2-4051-bb0c-cad9eee13cae,product_view,6,2025-02-14 09:55:31,tablet
581,115,16c8e3d7-abf0-463e-8343-8b6400b3700f,product_view,21,2025-03-07 23:23:16,mobile
582,,92fbacf6-d5d1-4669-9c45-3357e8294a67,page_view,,2025-06-27 02:46:36,desktop
583,262,f30ee4fe-262e-4559-be7d-9a19ab450578,product_view,15,2026-01-17 19:35:59,mobile
584,279,13365c0c-82ff-4f2e-878f-07cf170fa87b,page_view,,2026-05-27 14:37:00,desktop
585,54,e79f9f3d-19ee-4c3b-b93c-4b0bb93b770c,add_to_cart,15,2026-06-28 11:53:43,desktop
586,30,74eda60e-3b2d-420b-a4f3-418541822509,page_view,,2025-11-09 04:51:46,tablet
587,,439db29d-4bc8-4c16-ba2f-bd74fd1935cc,add_to_cart,23,2026-08-07 18:17:40,desktop
588,269,d02c75f9-198d-43a4-8cd2-0e4376dae194,product_view,41,2026-06-18 11:54:58,tablet
589,206,da2cf852-0a19-4939-9fc7-ab262cb941fc,page_view,,2026-02-13 11:18:56,tablet
590,,ad409244-cd35-46ef-9c37-07394a629c5e,page_view,,2025-05-13 07:55:35,desktop
591,58,1dabb10a-bd10-487c-ad0e-0597500d92a7,product_view,56,2025-05-29 06:31:07,mobile
592,,e3ea2d7f-c219-4845-99eb-404c1851d1cf,page_view,,2025-03-07 01:39:20,desktop
593,,236dd176-da1c-46ae-8279-e2ab0bbf6334,page_view,,2025-08-11 04:06:20,desktop
594,262,54231dbe-2ba6-4158-a5ae-cf37a9d1a28e,add_to_cart,73,2025-04-25 03:16:42,desktop
595,229,f480b91e-700e-4efc-a4ff-c31a5b86ea69,page_view,,2026-02-21 21:24:47,tablet
596,143,bbaa574f-e0e3-45ce-84af-ecb79f2ebefc,product_view,68,2025-04-09 23:43:38,mobile
597,102,57bcad3a-d0a1-4fe8-9f64-2a5317cba85d,page_view,,2026-07-17 00:43:28,mobile
598,222,6676cc75-6699-4af5-9d24-181c2ed087d4,page_view,,2025-01-22 06:07:12,tablet
599,,d5f0fb6a-4596-4a75-b4df-b83ff659f188,page_view,,2025-07-21 05:52:21,tablet
600,279,7a6e43d0-d9c5-4cd9-b09d-721b62be4009,page_view,,2025-04-09 00:08:24,desktop
601,168,e2d903c8-a61a-4d8e-abf7-240fccc62fed,add_to_cart,35,2025-09-08 19:16:37,mobile
602,1,21ec4754-1cf1-4654-aab2-02c2cc0243c6,purchase,71,2025-06-15 15:12:58,tablet
603,,fb481ded-0f03-4337-b9f6-143bb2383056,add_to_cart,79,2025-03-05 02:10:17,desktop
604,222,1a8cf13c-28ce-431e-9827-4fc3f1458426,page_view,,2026-04-14 15:52:46,mobile
605,91,7b90942f-973b-4977-a946-28206a80cac2,add_to_cart,27,2026-05-29 22:11:17,desktop
606,105,702b7014-adab-4c2f-91a6-46dacd613988,page_view,,2026-05-11 14:50:13,tablet
607,,c7774fae-6137-48c3-9c7f-aca62e671784,page_view,,2025-04-27 22:58:40,tablet
608,207,dcd1c413-0760-401f-9c81-fc465bcd236c,page_view,,2026-04-11 03:48:50,mobile
609,157,ba2eeeb3-d6aa-4382-a144-6b45af390a9d,purchase,14,2025-01-01 02:42:29,mobile
610,,7bab1baa-2172-40aa-a44a-913af933a9fa,product_view,21,2025-07-25 08:12:51,tablet
611,51,e3395b1a-1ce9-4871-bcf5-9d5feb9f33cb,product_view,66,2025-08-18 12:43:07,mobile
612,33,1036ca81-0bc4-47ba-b0d0-ebcb6949ece5,product_view,42,2025-01-21 14:47:03,desktop
613,49,032a09e0-5071-45f0-a7ac-590c42f90f92,product_view,55,2026-01-15 21:11:24,mobile
614,,865a7766-ad8c-4fea-9e4b-061eb45e9463,add_to_cart,69,2026-06-20 03:39:26,tablet
615,127,b9493906-939f-44eb-be5e-215ec47cc30b,add_to_cart,80,2025-05-11 17:00:22,tablet
616,210,f4acc7e2-fa57-4cea-b957-134490a4a421,page_view,,2026-05-31 04:01:45,desktop
617,215,84e3b774-569a-4ef0-9f86-5633ab7aeb66,product_view,69,2025-09-10 19:41:52,tablet
618,255,9e44e98c-b359-490e-b030-9aaf85ea16e0,page_view,,2025-01-18 05:29:09,tablet
619,189,ba05dd0f-a966-4a5a-aecf-1ed21861c9f3,product_view,52,2026-07-01 13:59:53,mobile
620,182,a9e8f0d8-5883-49de-bb5f-be413fa2bde0,product_view,13,2025-05-22 11:47:04,desktop
621,260,260e37cc-6287-4624-a433-1510ad21b4cc,product_view,21,2025-12-18 11:52:29,mobile
622,223,e45e2ad0-8eef-45dd-9391-6dcfd6cade2c,product_view,2,2026-04-01 10:50:41,mobile
623,12,02fb2869-0df8-4b89-9ce7-eed1fcdfe961,page_view,,2026-05-02 05:11:46,tablet
624,156,816ce054-282c-4470-af32-f72aa4b5c723,page_view,,2026-03-25 20:54:07,tablet
625,12,7eef09ab-da14-4a47-b823-51d9d94df188,product_view,71,2026-04-14 11:10:38,tablet
626,131,c05db774-132a-4e58-aa57-e880de9205ea,product_view,80,2026-08-08 10:20:54,desktop
627,261,54b58635-3dab-4614-9215-0ed87ddca413,page_view,,2026-06-01 11:00:18,mobile
628,125,81c61eeb-0ce3-48c8-8735-4e4ff85b6d0a,page_view,,2026-04-15 18:53:44,tablet
629,205,60ee64ba-a4b0-418e-8ced-470739034b65,product_view,69,2026-07-01 03:53:20,desktop
630,300,142e3df0-3c28-45dc-912d-aea8673d2920,product_view,34,2025-10-24 11:30:23,mobile
631,86,92b26acd-cd1f-45a3-b1b6-5ca175873920,product_view,66,2026-02-08 00:21:39,desktop
632,61,7f9ad277-db49-4e6d-9688-782f72b696ca,add_to_cart,5,2025-06-17 14:30:28,mobile
633,21,fb0d3cda-1e63-4261-90e9-688872730e7b,page_view,,2025-10-24 20:07:46,tablet
634,10,048c8480-a743-4402-bec7-fb117f53dc0a,add_to_cart,23,2025-10-05 19:27:56,desktop
635,54,092c4801-698f-44f8-a747-d24a1a46d536,add_to_cart,1,2026-07-24 19:38:49,tablet
636,22,d36ec1bd-000b-4f5e-8c91-bd138ea02346,page_view,,2025-11-09 19:41:31,tablet
637,243,f692641a-9aad-40ce-8ab2-4f241744ee3f,page_view,,2025-04-19 20:08:46,desktop
638,122,e3de4ec0-4dfa-41be-a335-b2c89e7b1e95,page_view,,2026-04-03 13:29:29,mobile
639,,a7939a2e-34f4-4404-8ff5-070182226c16,page_view,,2025-12-20 14:12:47,tablet
640,183,57423882-f34a-4949-b4ca-0ad7abe5be96,product_view,3,2026-01-02 14:06:17,desktop
641,,d10bf4dc-0de4-4af4-9347-94cc5d04032d,page_view,,2026-08-02 06:58:31,desktop
642,151,54fc286f-7457-4d47-9825-301039112943,page_view,,2026-08-07 01:53:07,tablet
643,10,99966612-9ea8-4552-8475-66bf8f660bbd,product_view,68,2026-04-29 05:53:53,desktop
644,18,5d00df1b-a83c-4c2b-b776-e729791f49f6,page_view,,2025-07-28 15:34:23,desktop
645,63,18f1a1e4-1d30-4290-b3d9-2aceb7461b72,page_view,,2025-10-05 10:45:48,desktop
646,130,008ffab9-38c4-4b38-a8ae-57b9c262cad0,page_view,,2025-02-14 14:19:23,desktop
647,176,a2379e6f-d473-4534-9aea-635257632e1e,purchase,72,2026-02-15 13:37:30,mobile
648,20,8c357321-4abf-4f5c-8cc7-147ff6e5203c,page_view,,2025-05-10 04:15:13,desktop
649,224,1b37ef19-b3bc-412f-9fb7-474e85a0d089,add_to_cart,18,2025-11-19 15:29:27,mobile
650,,7e0f60b2-2a06-4609-a599-bd3c0bb81d38,add_to_cart,16,2025-01-09 12:04:47,mobile
651,151,be153187-b783-41d5-9264-04b923f47a55,page_view,,2025-01-31 09:24:57,desktop
652,200,41191aa7-1b61-4453-a8c2-094db8b818cf,page_view,,2025-10-23 11:51:27,desktop
653,224,1ee93260-3002-4831-b227-e8d89c60c81b,page_view,,2025-04-09 08:26:17,tablet
654,4,3730dfba-6494-4d5c-9a29-6905ee22a70b,product_view,11,2025-05-21 10:27:59,desktop
655,112,30c9c51f-c80b-4af7-9315-fafa7500f785,page_view,,2025-02-27 00:07:15,tablet
656,66,c1d48a10-1b96-4925-9682-d038b77f69b9,product_view,12,2025-03-11 17:11:45,mobile
657,74,a21c0c06-ed37-4567-8be7-728e6a1aba9d,product_view,60,2026-05-22 05:43:05,desktop
658,275,1f8b4af1-96bc-432d-ac11-7babd6642fe8,product_view,32,2025-12-21 20:13:54,desktop
659,165,75175f39-7354-44fb-a44a-0371c5ab4e57,product_view,22,2025-07-05 21:16:45,tablet
660,178,811317a8-f4c8-4393-96dd-6c82a8909e31,page_view,,2025-11-17 03:41:31,desktop
661,,011c4544-7fb3-4be5-b6bf-2f7222778161,product_view,63,2026-01-13 22:23:22,mobile
662,29,8da03d88-0c6f-4051-bc78-842387c5f526,page_view,,2025-02-23 19:15:49,tablet
663,,95ca788d-d6bc-4712-aecc-a931ef705d01,page_view,,2025-04-05 09:24:19,desktop
664,138,c7f4f4f9-8222-4ad3-aca3-91d47ba16dd7,product_view,47,2025-08-08 12:59:03,mobile
665,271,b11af726-2d5d-4395-a901-a768ebd14b0c,product_view,38,2025-04-25 16:47:36,mobile
666,154,d0b3d752-bb01-42a5-ac74-5800941c23fa,product_view,74,2026-04-16 07:15:40,desktop
667,105,a8535961-632d-4302-9a82-833c20dda0ff,page_view,,2025-08-25 17:46:46,tablet
668,114,52645a59-e1f8-4b33-9b2d-5a2a99bd6240,page_view,,2026-06-27 07:55:43,desktop
669,,6b2d9ccc-6279-403c-a1a2-cfe7810d5c57,add_to_cart,26,2025-09-03 23:27:30,tablet
670,94,b148b2a6-ea79-47e1-9be7-02abfac08fc4,page_view,,2025-02-08 18:40:37,desktop
671,90,65daced0-460a-4125-bf8c-93d4c32afc4a,add_to_cart,72,2025-03-11 12:50:19,mobile
672,244,4b4ef503-f872-4413-97c5-982cf6ae10e8,page_view,,2025-10-20 20:12:05,desktop
673,,235fc3d5-2224-4806-8e07-2a5273edb223,product_view,41,2025-07-05 04:27:00,desktop
674,210,e2ed8686-b334-42cb-9a3f-0ad169a9aff9,page_view,,2025-08-06 11:55:17,tablet
675,263,d7d3b9d9-4c85-4233-8325-bd9ebf98e734,page_view,,2026-06-09 20:33:13,mobile
676,245,505c7527-dc57-446d-8c3d-031ab3952193,page_view,,2025-10-13 13:53:26,desktop
677,,8db78572-ef7d-4821-bca0-258eb63d65d5,product_view,49,2025-06-16 21:34:18,desktop
678,34,35afbb2d-336d-4786-b7a3-c30aa1f0fa7a,purchase,29,2025-08-03 14:25:11,mobile
679,295,afc5c20e-4a63-4af5-b6e1-e7ac9fc97264,page_view,,2026-01-21 22:54:18,desktop
680,175,21f6c63d-ac20-4f11-abd3-3927586528e6,page_view,,2026-08-12 21:19:46,mobile
681,58,f9a55cf2-a66c-4fa1-b5dc-8a9afb38cd91,page_view,,2026-07-22 12:23:21,desktop
682,9,8ae0b8a0-80ff-4909-ad85-2212f554e1f8,product_view,30,2025-12-15 05:57:39,mobile
683,277,b5d9ad36-5287-464d-a30a-6658b1be6df2,product_view,67,2025-10-25 10:28:01,mobile
684,200,8ff19886-5a2c-41bc-82c2-26ff1d8b32d9,page_view,,2026-06-11 18:48:45,desktop
685,235,f1530f68-9215-483a-9532-caba7af985ff,product_view,57,2025-06-24 20:25:36,desktop
686,252,ac9b389a-6adf-4568-b5ca-a993aacad101,page_view,,2026-08-08 12:41:22,tablet
687,,88addab1-d765-4a18-a4d4-66ebbf74531c,product_view,15,2025-02-22 06:31:21,mobile
688,,6c21835d-d8e8-497c-a0a2-59014932936e,product_view,60,2026-07-06 22:10:49,tablet
689,38,1b41a61e-85d1-41ef-8344-edb3ceed0ffc,add_to_cart,39,2026-06-26 19:40:37,mobile
690,232,0d95aaf5-2534-41bc-a180-b78a06783c34,add_to_cart,60,2025-01-15 11:56:53,tablet
691,135,4458b006-332c-4e0a-8e7d-a698ab95c72f,purchase,13,2025-09-30 07:30:15,desktop
692,82,fbc8c77e-2933-4fc4-8918-a346c00c200c,product_view,51,2026-06-20 03:48:57,mobile
693,,257c54bc-4024-4424-aef2-ab2f495fa2fc,page_view,,2025-01-31 07:38:34,tablet
694,223,c8cba592-b0ca-42eb-8fe1-621ad6e1ba00,add_to_cart,15,2025-03-25 21:02:55,mobile
695,252,8a8a4105-c0eb-4875-b439-67294b8e5509,add_to_cart,11,2025-10-09 12:15:13,tablet
696,,73dd3bc6-d064-45a8-9bd2-9cb108453b2f,add_to_cart,80,2026-08-10 22:56:51,mobile
697,228,acef45c4-de37-40fb-9db9-4eee1a3c2131,product_view,7,2026-01-15 11:29:29,mobile
698,218,396c357b-dd66-4071-8fd7-b1a1bd4f6118,purchase,75,2025-08-01 08:02:48,desktop
699,,638e1388-8faf-4d4a-a5a9-9ebcbe0ec2da,add_to_cart,41,2026-06-01 19:36:17,mobile
700,238,cbfd4a31-c8c8-4ad6-82cb-cdc73cd30e99,purchase,2,2025-11-23 07:06:19,mobile
701,11,b1644235-49a2-4fde-b235-7a3ccc7f9517,product_view,16,2025-05-05 20:57:34,mobile
702,41,61af663c-ed2e-4bcd-8c06-df90aa1c4023,page_view,,2026-06-30 04:34:29,tablet
703,158,c9c1ad45-f4ea-4b97-aaa4-15b56336c815,page_view,,2025-11-19 12:43:37,mobile
704,219,f740d87c-500a-474e-af65-e8ccf9cf8499,page_view,,2025-03-02 19:20:14,desktop
705,52,be6127a8-0351-409d-8dc5-fb068d5809b7,add_to_cart,16,2025-02-13 10:19:06,desktop
706,,de6cf36b-9edd-4182-b3fd-862d4057e470,page_view,,2025-08-06 16:47:09,mobile
707,176,716ca1f2-dec0-4f3a-9c46-1b34c7eab19b,purchase,68,2026-05-24 07:29:13,desktop
708,72,a23ff67d-e957-4bc2-b9bd-8bd6d479cc36,add_to_cart,11,2025-08-11 12:41:42,tablet
709,206,5e244824-a5cb-4c6e-b5a4-c55bb4629214,product_view,27,2025-12-28 08:48:38,tablet
710,,bd0b0fa2-8bee-483f-96a0-6bf2c14ebd10,page_view,,2025-12-08 19:49:35,desktop
711,221,b993ff63-c6b1-4d94-b24b-cc3d9a7791a2,page_view,,2025-10-26 16:23:49,tablet
712,172,72e588e9-4b4f-4b2e-b189-10ecf6dbb2b6,add_to_cart,49,2025-09-03 21:17:28,desktop
713,183,13106665-aec2-4b19-bbc3-98d82d6bc882,page_view,,2025-04-29 03:41:12,desktop
714,202,bc2e2b59-2c7d-4667-b664-c7202fddb26a,purchase,79,2025-02-13 04:52:46,tablet
715,242,0a670143-6090-403c-9e8d-f8ad838b77ad,product_view,59,2025-01-29 05:46:02,tablet
716,194,43a534d2-8e7d-4f5a-8773-e66a6db2b020,page_view,,2025-12-18 09:04:45,desktop
717,,d89462e8-9580-4c3a-a932-a211214c0a4d,page_view,,2025-09-19 09:20:10,mobile
718,212,77617d80-549f-434c-8171-f5a74148bd11,page_view,,2025-04-18 22:41:57,tablet
719,166,0a398bf7-27a1-48a0-afff-a2f4b5ae329d,product_view,27,2025-12-09 19:29:37,tablet
720,210,98cd2655-5297-41ad-adba-948427591ad4,add_to_cart,6,2026-01-18 04:31:50,mobile
721,,a0180791-eeb0-43fe-860e-a4d50d04dcb6,product_view,1,2025-05-19 17:51:19,mobile
722,,4d187b75-a971-431f-97d8-05949d9887bc,page_view,,2026-03-06 07:35:32,desktop
723,,8cd74c27-929a-4586-8a37-6c367d94bf10,add_to_cart,14,2025-09-27 23:04:28,desktop
724,233,b52a9e6b-c8b6-48e0-92a8-50c55bab7f4a,page_view,,2026-08-16 08:22:15,tablet
725,109,f4fd25b7-384f-4e3b-8680-4a8a515f352c,purchase,74,2026-02-26 20:56:23,mobile
726,206,c948384b-1174-4357-8546-74262f120b9e,page_view,,2025-01-04 20:44:27,mobile
727,,8b074d1a-6a7a-4841-a8cc-812a8150e0c9,product_view,36,2026-06-06 16:32:31,desktop
728,180,597278c5-1789-4e63-a746-5743897b303d,page_view,,2025-08-31 11:57:56,tablet
729,233,a9d049dc-369e-4af8-a226-49ee38a06ffe,page_view,,2026-05-18 04:29:19,desktop
730,101,4b27b079-5c5d-4f1b-94c0-c6c254f6516e,page_view,,2026-03-12 20:07:36,tablet
731,55,9e47a339-c0ae-4b1a-b347-673637ec07a6,add_to_cart,35,2025-02-05 07:23:40,desktop
732,258,8fb3a134-ff23-46e9-b990-3d9687cec69d,add_to_cart,9,2026-06-04 17:57:53,mobile
733,227,a6388854-fb2b-4b80-808b-d674d2dd3e26,product_view,46,2026-06-09 08:05:56,tablet
734,208,5893ef12-ab3f-4d22-9d5e-6aee0240f59a,page_view,,2026-05-02 16:21:57,mobile
735,49,a46b6fce-e78d-447c-bd87-703472173fa3,page_view,,2025-01-09 22:01:44,mobile
736,58,3e6b74fd-9f02-4cbf-ab29-d9129d1b83df,purchase,45,2025-07-17 18:39:54,tablet
737,12,e2ba9fce-aebb-4f9c-8a35-653cf57a431e,page_view,,2025-05-11 14:24:51,mobile
738,86,cbd431cc-ea7a-4c21-a1a1-a29c5228ed8d,purchase,34,2025-03-11 23:51:19,mobile
739,120,41afeb2a-62c8-43f4-9d06-149ef1eab64a,add_to_cart,79,2025-02-05 23:45:07,desktop
740,69,06531d47-4867-4b30-b956-77318a4cfe1f,page_view,,2025-10-14 02:24:48,mobile
741,,c53f1db3-d275-4d43-8451-7303e94d4fbe,product_view,76,2025-10-06 03:37:48,tablet
742,139,823c7ef9-cd85-45ce-83a9-c2355ffd4015,page_view,,2025-09-03 20:03:19,tablet
743,,4be318a8-0b39-4ccf-bc9f-3bc37210045a,product_view,79,2025-11-13 03:35:48,tablet
744,74,5200044b-3148-4df8-a6ca-8d50e5f5c891,add_to_cart,70,2026-04-22 01:01:31,tablet
745,286,189099c9-f2be-429f-9514-9755838e9a61,product_view,50,2025-09-19 20:54:39,desktop
746,91,c5f833cf-f4ce-4477-b8bc-a9ac2ada62ce,page_view,,2026-05-23 10:52:11,mobile
747,,a07eafb1-01e0-4ad8-8880-2d4d89b8b7ee,page_view,,2025-08-08 06:16:35,desktop
748,,a127dc6b-ab9b-453d-b5f5-c65410c2c2e5,product_view,80,2025-02-22 01:17:25,mobile
749,270,af76b6c2-dd6d-4b41-b692-a531c6097cd8,page_view,,2026-01-26 07:49:55,mobile
750,77,34a0dcd4-1a9a-429e-95ee-25876c98fd9b,product_view,58,2025-06-23 02:02:31,mobile
751,17,e0ee5e8a-b3e6-44c6-9428-df6c89aa4293,product_view,31,2026-02-05 15:04:37,tablet
752,,6f6bbdf3-c673-42e0-bdca-c10ff9e9cf93,product_view,26,2026-02-24 19:47:44,tablet
753,,12767d13-f093-4776-9116-d014a5850828,page_view,,2026-05-03 22:01:27,desktop
754,,0614ac41-275c-45dc-afa0-8cbebf343ca7,page_view,,2025-09-07 04:58:19,desktop
755,289,09b2eae6-54eb-4c91-b784-ae08758fc8fa,purchase,4,2026-04-18 07:52:16,tablet
756,98,2d90e4ee-0de4-433e-92c0-620c1667c518,add_to_cart,5,2026-04-08 06:15:00,mobile
757,,12087e20-8ede-4b46-807d-0affcb51a911,page_view,,2026-01-25 20:37:15,mobile
758,242,e9366a85-3a46-4be3-9255-a4de9330ba83,add_to_cart,50,2026-05-23 05:11:22,mobile
759,,737cf8b5-6356-4add-a85a-9f2b4236c0bf,add_to_cart,33,2025-11-20 10:10:12,tablet
760,58,50ffde64-6eda-4a8c-a789-e7d0a155eb2c,purchase,15,2026-08-07 06:05:13,tablet
761,36,1e494952-ac5d-4e57-a3b6-64f40452f779,product_view,1,2026-04-11 09:21:03,desktop
762,28,b864a47b-a434-47fb-8182-978288eae7d4,purchase,19,2025-08-19 10:58:42,desktop
763,68,bef6a59a-c186-4221-9030-56b79e4c24dd,page_view,,2025-05-28 03:22:49,tablet
764,74,d926fe41-b36d-4121-8ba6-fe0995ea6825,page_view,,2025-08-08 21:23:52,desktop
765,73,80b9ec30-ed94-498b-9b92-3c67129538df,purchase,3,2026-08-21 09:53:18,desktop
766,229,af95be79-c971-4f51-8a32-bb221b2bb2ec,add_to_cart,61,2025-07-04 13:41:00,tablet
767,,481186e9-1625-44ca-9b47-e6394d2551eb,product_view,54,2025-12-28 11:29:53,mobile
768,67,61a451ff-700b-4b43-ad3b-9d13c3e90323,product_view,11,2026-04-22 21:56:34,desktop
769,13,07e3c39a-a925-4745-9276-9c9665262474,purchase,18,2025-10-04 12:33:32,tablet
770,277,38491ecc-8891-47fd-a804-d0ac795741bb,page_view,,2026-01-27 01:20:56,mobile
771,,cbf925b5-6418-46b7-bf2b-43b422e9e527,product_view,15,2025-11-24 19:33:08,tablet
772,47,4b83b570-8bb4-495a-9976-b2bacc27f386,page_view,,2026-03-17 19:40:43,desktop
773,147,4c4d6e40-24e2-426c-a250-d133f5cb5be4,product_view,69,2026-02-28 09:17:42,desktop
774,264,f7222fbe-ea06-494b-a310-ff72ad62d094,product_view,17,2025-08-08 16:52:46,desktop
775,5,a5df6f85-bab5-43fb-9dfc-d1d5cb863dea,product_view,35,2025-11-16 16:36:33,desktop
776,,02dabd76-f310-4525-b517-9e725f857b21,product_view,57,2026-07-25 03:13:29,tablet
777,,243113fd-8e19-4d07-9ff0-b9bf8db3c2c1,page_view,,2025-10-26 22:33:46,tablet
778,,929daf9f-0149-42af-8ab1-a5041f8c56e0,page_view,,2025-02-14 01:49:59,desktop
779,271,8c2aa0b1-8982-4bf8-a4e2-89c098be5ff0,purchase,26,2026-02-07 22:08:02,tablet
780,102,35c606b5-4e00-4d55-95ca-dfaff26d3dd3,add_to_cart,30,2025-10-13 19:40:22,desktop
781,139,b9d707a9-e74e-40b3-bdce-635fbf905d6a,page_view,,2025-02-10 18:21:22,mobile
782,,e7d73d1d-69a3-4991-b634-646c5806a961,product_view,68,2026-02-25 11:35:54,desktop
783,76,2477f047-8336-4758-99f9-3502a55bc44f,product_view,2,2025-06-22 02:24:00,mobile
784,,9dec2b83-3885-4f7e-af1a-25a829344e15,product_view,19,2025-01-15 13:04:51,desktop
785,,1d57e734-31bf-4cf6-80b3-af7cd5b211a9,page_view,,2025-08-12 00:04:19,mobile
786,,913a1734-ccb6-4571-abc5-35452e6d7a04,product_view,49,2025-09-12 10:37:12,tablet
787,207,c04446bf-d9f4-4bbd-8dec-644cda2d2156,product_view,76,2025-04-24 22:17:20,mobile
788,,8c8181b4-fe8b-4ccb-bd75-a5f3eeafca83,product_view,73,2025-04-03 04:25:01,desktop
789,,12b99a50-8cb6-41f0-a509-6396761579e7,add_to_cart,3,2026-08-17 03:21:43,desktop
790,78,402d105b-113e-4f84-abf3-90964a68369c,add_to_cart,18,2026-05-22 07:20:16,desktop
791,298,94a1eab0-b9c0-47aa-b289-f58b1923cafc,product_view,74,2026-04-16 22:29:33,mobile
792,278,5b6d6b7c-54b2-4582-b398-1e9e7cb882a0,add_to_cart,44,2025-11-04 19:46:54,mobile
793,281,3c0a584e-a7cd-43cb-abda-06b220d2b528,page_view,,2025-09-22 14:08:42,mobile
794,,11defebf-9e98-461d-88fe-bf6d199c8d94,page_view,,2026-06-12 10:05:50,tablet
795,223,7c6166df-515a-4b43-b189-1f48e66e2c11,page_view,,2025-04-10 08:53:43,desktop
796,,a8cfe589-9dc8-4e1a-940e-7d01735d88f3,page_view,,2025-03-29 11:35:25,mobile
797,285,27035b27-958c-4936-b186-78ce4e40bfba,product_view,34,2025-12-04 18:14:59,mobile
798,159,cec56969-5d4f-4107-911d-dc7990c80420,page_view,,2025-01-19 06:53:07,tablet
799,7,2b2bf58c-6da5-4dad-b56a-abc050fb35b0,page_view,,2025-07-28 11:47:39,mobile
800,211,c921057c-3f05-457c-902e-d818013ca998,page_view,,2025-11-26 13:39:20,tablet
801,129,a40dfea5-bd64-487e-b652-ae9938b5e89a,page_view,,2025-10-07 14:43:28,desktop
802,28,5c074653-d711-43e4-86d4-7d416fa5d3b0,page_view,,2026-07-18 05:01:21,desktop
803,9,54e14f3a-bba4-4ae0-adf8-f7672261ddef,add_to_cart,70,2025-04-04 18:27:32,mobile
804,114,7202fae5-767d-4b27-bade-4367e0bd202c,product_view,77,2025-10-23 00:02:27,mobile
805,201,7caa281b-4e33-4644-8657-20ae5bd67d4d,page_view,,2026-06-28 12:37:16,tablet
806,255,a542deb9-2cff-45f8-9bdc-74a98d3a5d76,page_view,,2025-11-29 04:56:58,desktop
807,184,47d6723c-d77f-4eeb-94fc-3a5d9b4bf377,product_view,25,2026-02-26 11:20:38,mobile
808,114,e42c0aea-23d7-463d-9391-d017dbd4a86d,page_view,,2026-04-11 00:38:00,mobile
809,82,bbc99473-4363-489c-b249-5cff89e2df24,product_view,72,2025-05-23 20:05:07,tablet
810,282,ba388c8f-1393-49d1-a06a-187de2e6e7a6,page_view,,2026-03-05 02:31:42,tablet
811,,d97e8d3c-04c4-446a-a461-0160134d695a,product_view,42,2025-12-21 20:33:05,mobile
812,204,d0095507-07fc-484e-a1b2-462781d67019,page_view,,2025-02-02 02:12:53,desktop
813,113,c4ea4ece-67b6-4467-9432-d79794f6c67a,page_view,,2026-03-13 14:52:09,mobile
814,,09624ec9-e803-42eb-b677-7be4970c9eb4,page_view,,2025-09-06 19:01:08,mobile
815,16,e4dc4306-8b20-4e3e-82b7-c0488d3543be,page_view,,2025-06-29 07:18:00,mobile
816,219,a7668617-78db-4de3-8a28-4792ffaca645,page_view,,2025-04-02 04:33:16,mobile
817,136,647ac591-5da6-4a3a-a60c-cfb4c6735380,purchase,48,2025-01-12 18:07:22,tablet
818,167,96f01335-c5ab-48da-a435-4021392a9fc4,page_view,,2025-09-22 11:21:41,desktop
819,157,22460ac9-4a7e-4bc2-9b6f-1c33bbb4c0ce,product_view,19,2026-03-27 15:15:14,mobile
820,154,172e8c68-82aa-4c46-8049-9bbf76f6a778,page_view,,2025-01-26 03:53:54,tablet
821,,02b622e9-808e-48d2-9d26-4b1b6593b659,page_view,,2026-01-10 18:10:33,tablet
822,105,f6c8b8b9-d915-4664-bd27-4ad5a9a54c24,purchase,40,2026-05-19 05:25:16,desktop
823,286,af2537f5-9d31-462a-bb5a-bb36ce7968b7,purchase,11,2026-05-18 14:55:17,tablet
824,,23ef5561-839e-4623-81d8-41d32a74b90c,purchase,13,2025-05-10 16:42:22,tablet
825,202,90fcc9f1-2ddc-456b-a8c2-cce9723b80d4,product_view,1,2026-06-06 14:16:18,desktop
826,199,df482e7c-a8cf-4f62-90d9-170cf2dec75c,purchase,52,2025-06-06 04:44:02,desktop
827,227,bb64a525-bc65-4d94-a56d-4d11f7bd8499,add_to_cart,53,2026-07-13 16:05:33,tablet
828,139,0a58f43c-5bda-4655-b06d-ca247bc6e121,add_to_cart,38,2026-04-30 17:00:21,mobile
829,297,3b53f64b-7cd6-4da4-82ef-da8b38048786,page_view,,2025-08-01 13:09:56,mobile
830,,3be8a5df-5e93-4de0-83ac-e8751017ab44,purchase,14,2026-06-07 11:02:35,tablet
831,155,8494205c-34ef-4552-ab28-6d090af57e60,purchase,17,2025-08-29 11:24:12,desktop
832,158,635a11f2-5c7a-483d-8a9d-2704e860bcb1,page_view,,2026-03-06 13:46:38,tablet
833,,e1ad640c-7463-435e-aafb-9f20783c91eb,page_view,,2025-03-30 12:14:36,tablet
834,130,a605b7c9-fb07-4e93-8a37-31ab0be3534a,product_view,46,2025-06-17 12:59:41,desktop
835,89,f7ebc69a-b428-4f0d-9a6c-f45952f6531f,page_view,,2026-02-14 10:03:49,desktop
836,46,4603c9ee-d463-4183-a231-72118578b1c6,add_to_cart,13,2026-05-20 07:07:13,tablet
837,272,94213090-4368-4e93-bded-cb7ad5ba304c,page_view,,2025-09-13 00:05:30,tablet
838,158,606cc2f5-2c81-4bf0-91f6-04068b5a8683,page_view,,2026-08-24 10:28:03,tablet
839,258,96721e98-5d84-46e0-a0e6-96ffa75743f9,add_to_cart,9,2026-06-25 18:49:00,desktop
840,215,13ed280a-d5e1-4d1f-a5f2-2dfba741104b,product_view,52,2026-02-19 09:27:15,mobile
841,51,f9012b9c-6057-453a-8067-f79084440504,add_to_cart,6,2025-07-06 03:19:01,mobile
842,190,67e54646-8430-40fa-b90f-ecf5e8410a39,page_view,,2025-10-13 02:59:42,tablet
843,,585409d9-de22-4c3f-9136-6db15a578607,add_to_cart,16,2026-02-16 01:51:19,desktop
844,271,e31db345-7b6b-411e-8aeb-99597ca2f582,page_view,,2025-09-03 18:04:59,mobile
845,,e1ccff0d-8078-436d-81b0-62c19aad9234,product_view,65,2026-01-30 01:55:29,mobile
846,32,3ae0acdb-2a65-44af-b09d-338b23936d45,purchase,26,2025-04-18 21:39:05,desktop
847,26,47e321c2-a4ba-48bf-83b8-fa0513bc0dc6,page_view,,2025-10-10 01:10:51,mobile
848,244,28489240-2fd9-4ce1-a676-27ca3625fc20,add_to_cart,31,2025-04-20 18:04:21,tablet
849,,d123f7c1-b7a1-467e-9a1e-00365cbaa496,add_to_cart,72,2026-03-01 01:39:35,tablet
850,,6a241f46-3af7-4a21-a93e-7b5b1e4ae3a7,product_view,50,2025-06-09 12:55:01,tablet
851,27,1d03c3d5-b862-4cc3-9489-9c37cfa9026b,product_view,34,2025-04-11 21:11:02,tablet
852,239,7aa1219a-7a93-48bb-acdb-d5f27b44acd0,add_to_cart,43,2026-01-09 00:20:35,tablet
853,,a5b2c7ea-2947-4f54-973e-129c35f0b1be,page_view,,2026-03-25 12:24:19,mobile
854,85,3e612d66-05bf-4618-a930-b0c4d5576899,product_view,3,2026-04-29 06:03:39,tablet
855,228,97a418b8-92d0-4319-a0bd-14220b0b81de,product_view,1,2026-04-28 05:00:35,desktop
856,29,833c8f55-a129-4fa2-a27d-4660293fc266,product_view,60,2025-04-25 15:07:40,mobile
857,283,2598f383-9280-4da2-a40b-50e40a086989,product_view,15,2026-04-27 05:37:47,mobile
858,197,ec257a75-421d-4dca-aa95-59080e503fd8,page_view,,2026-05-18 04:23:29,tablet
859,,67cbfc39-f54f-4b92-8442-906f2e16f0b6,page_view,,2025-08-21 01:28:04,desktop
860,287,a33b3dfd-9048-45c6-b820-5aa7996f7e88,add_to_cart,1,2025-07-06 10:26:30,tablet
861,,ba5c865d-b834-4070-a0e5-f6e504c44853,product_view,71,2026-01-11 12:48:43,desktop
862,257,f27f3ad7-4890-4b6d-9240-ef02a9681fc1,page_view,,2025-06-23 23:42:51,desktop
863,151,9b4547e0-72fe-4dc2-b772-aa9715f39d39,page_view,,2025-05-19 07:45:55,desktop
864,84,7b4e9ecd-de07-47b1-b8ae-8d5dfe268e77,purchase,16,2026-02-05 21:18:07,mobile
865,197,6928043e-d492-451a-b828-3a052baa43c9,product_view,49,2026-07-19 12:49:51,desktop
866,242,95284c0a-cb6b-4562-a488-c84d99d090fd,page_view,,2026-03-30 12:58:48,mobile
867,61,9f8acdeb-2e8f-45a8-847a-3b7ed209383b,page_view,,2026-01-09 05:10:17,mobile
868,60,2aefcf3b-43b7-40ef-82c4-1c54a8debd88,add_to_cart,39,2025-05-29 14:08:27,mobile
869,,ec1f41ce-57b9-4dfb-af82-e70cb9644e4f,purchase,28,2025-07-22 13:15:07,mobile
870,268,119fb03e-9731-4c91-98b6-691b74169e82,add_to_cart,21,2025-10-16 07:42:51,tablet
871,58,21d8b96a-62ad-4157-a0d2-759a3ad51382,product_view,29,2026-08-15 04:59:10,desktop
872,150,85d0691c-33cd-4d56-843d-72db1bcb404c,product_view,29,2025-01-25 00:22:19,desktop
873,218,af32baf8-811d-44af-a8ca-7483dc0e3375,product_view,10,2025-01-16 11:31:10,mobile
874,,9b02c535-2649-4478-9396-6f0a6b77af9e,page_view,,2025-03-14 13:43:41,desktop
875,282,e6cfcbd8-79d2-4001-ad6b-8a4e18a70609,purchase,38,2026-02-18 08:55:21,mobile
876,169,e0b4659a-09fe-4cdd-998d-65ba9d6022c5,page_view,,2026-07-18 03:18:10,mobile
877,,c09c2ebe-80da-4ed7-880b-cb0ec8ab96ac,page_view,,2025-05-02 10:03:13,desktop
878,80,a8cdf44d-7b74-4440-97db-4c2f1e158e2f,product_view,75,2026-03-11 04:27:07,desktop
879,283,8a0ea57a-9a7d-409d-a6e8-790b215d3b1f,page_view,,2025-04-24 04:58:52,tablet
880,230,f00f63ef-e59f-41c2-804e-a81ad3d877a8,add_to_cart,43,2025-04-11 04:52:41,mobile
881,289,6e76936a-a634-4d1a-adb6-10f4c65de86e,product_view,13,2025-12-16 13:11:24,desktop
882,,dff47c51-5ed1-4e7f-abb1-f2bc85a4b0cb,add_to_cart,6,2026-04-18 05:51:13,mobile
883,10,6dd013f3-87a2-4e22-b298-b8110b1ec578,page_view,,2025-10-27 15:50:33,tablet
884,190,7b6c7129-cd63-4ba8-b03c-664b3abf9c65,add_to_cart,55,2026-04-19 17:03:35,mobile
885,,59bb8900-6198-4718-84c7-aab4ca20508d,page_view,,2025-04-15 00:59:40,desktop
886,257,e869707c-bdcb-4ffc-8dfb-a4e996cbdafb,product_view,47,2026-01-29 09:35:47,tablet
887,118,937ca77c-b25b-4de7-9652-1e08c2f43c10,product_view,8,2025-08-10 03:33:26,desktop
888,117,412817eb-2246-49cd-acec-df821903f9b3,product_view,24,2026-03-29 10:47:43,mobile
889,258,e8fb5a96-3b85-46e1-840f-54057a25ed81,add_to_cart,59,2025-07-05 13:57:22,mobile
890,,9929afeb-4884-4a14-9575-11addbeae9f8,page_view,,2025-09-23 14:21:38,tablet
891,76,41ff81d1-689d-4205-8b31-f4d8e073c1d0,add_to_cart,24,2026-07-23 18:47:38,desktop
892,230,be5f902f-b58a-4738-8166-72213063ae7f,page_view,,2025-09-14 04:57:19,mobile
893,194,85c53910-93f6-4723-81d2-3a76ca179780,product_view,19,2026-05-05 02:27:40,tablet
894,174,6001f54d-01d7-4831-850f-1cdc1e2a03f1,page_view,,2026-07-16 14:35:45,desktop
895,71,cde5c35a-b011-4b0a-b496-51d6a79055b0,page_view,,2025-05-09 07:55:59,tablet
896,259,1b4909b6-5cbd-4682-a8aa-123650deef43,add_to_cart,78,2025-02-23 14:47:52,tablet
897,135,95dad216-a6cd-4e3c-ad13-0705279f91ab,product_view,67,2026-02-07 21:31:45,tablet
898,30,893e2b89-dadf-4499-82e4-bf0140ee131d,product_view,48,2025-08-29 09:27:20,mobile
899,14,9ca4364d-5d9a-49f1-908e-3a956c6e8796,product_view,78,2025-05-29 17:16:02,mobile
900,43,65bf8e04-ae3c-4ce6-bde6-849b468b22af,purchase,42,2026-04-06 15:37:18,desktop
901,161,8d56bff6-69c9-420f-b425-449cc145d6ba,page_view,,2025-11-26 14:58:55,desktop
902,,2dc09158-7b83-41cf-8ebc-6d7ec8a65b85,product_view,77,2026-04-20 18:11:51,tablet
903,131,7bd7b4bf-8e0e-4bb7-8f20-c5e75ec646eb,page_view,,2025-03-20 21:21:39,tablet
904,124,93e0f235-4e80-410b-bd0e-e0b640f7924b,add_to_cart,68,2025-09-23 05:21:28,mobile
905,207,65ebd4dc-b49b-4b72-8631-9c165827bc1d,product_view,17,2026-04-12 07:30:32,mobile
906,,dd23ff41-dae1-4586-a358-755cbc5c3cd8,page_view,,2025-05-31 17:33:15,mobile
907,,3ad24ac8-bf70-4042-9e7c-6795a8c6c2df,page_view,,2026-04-21 13:30:26,tablet
908,219,f301bb6c-b306-4300-8879-d93272540ab7,product_view,63,2025-04-20 15:23:54,mobile
909,,8222cd7f-36e6-4a85-99ab-dc15296b67bf,page_view,,2026-07-11 13:32:32,mobile
910,283,cd04c001-56a3-4ccc-893c-9cc6668b28da,page_view,,2026-07-21 08:28:19,mobile
911,54,af3f9d9a-b272-4aa7-9d30-c42e8cf29000,add_to_cart,75,2025-01-09 07:32:55,tablet
912,92,639c4c6c-2926-405d-8d53-551ab4f02f6f,page_view,,2025-07-04 15:02:40,tablet
913,8,cdeb2696-015a-4a1d-a2c8-cf62f6ee137d,page_view,,2025-09-30 06:42:47,tablet
914,254,78bf46fa-2534-4e85-92c0-dec2175194d7,add_to_cart,8,2026-03-09 19:53:33,mobile
915,231,1690636b-6f74-455d-99a9-af6aed054732,product_view,3,2025-08-10 02:55:36,desktop
916,229,5eef0d1e-38c5-4f5e-8359-ff43106793b6,add_to_cart,6,2025-12-17 00:23:32,mobile
917,102,b9787c4b-09aa-4570-9be9-50c7147d7bfc,page_view,,2026-02-28 16:42:20,mobile
918,144,6690a951-fc04-4a7a-ae41-5f166263307c,page_view,,2025-08-18 04:07:08,desktop
919,,49560c36-8560-4e8a-a7fb-19979d2cd944,page_view,,2026-03-31 15:46:24,mobile
920,3,0eb5e5a7-98f3-4640-b6a9-e3e3b62bccb1,product_view,73,2025-02-03 14:28:47,desktop
921,81,2cde9187-d1fa-42a6-860b-340cf21a6f38,add_to_cart,79,2026-07-18 11:50:04,mobile
922,113,02bdeabe-7060-48eb-be8e-ed12a3ea21a2,product_view,29,2025-05-11 16:49:17,tablet
923,,ee462fcd-a829-407c-99be-ccff33a315f3,add_to_cart,24,2026-07-08 03:10:04,mobile
924,61,31dae817-4937-490f-84a5-b18bcdcd0a34,add_to_cart,29,2025-12-23 23:44:47,mobile
925,289,82b34384-9979-4f26-88b1-90e1089a9f4f,add_to_cart,8,2025-05-09 15:40:19,tablet
926,203,9d7d1756-3b4e-49f5-b2cd-9a0a840c5cb0,product_view,22,2026-04-10 06:03:04,tablet
927,183,5c17ebb5-093b-4d72-ac8c-dcaf2b633b18,purchase,76,2026-05-16 09:38:24,tablet
928,192,f9c3ee05-0012-4399-a7af-55453d3fec1b,page_view,,2025-01-01 18:24:38,tablet
929,2,46a3cc71-ff2f-4883-963b-5481284e4cd4,page_view,,2026-05-23 13:13:49,desktop
930,12,ab6ef8dd-5a66-4316-a641-4954c798a445,page_view,,2026-07-13 00:22:20,tablet
931,53,33478a91-9609-498e-a7cb-a27a65281970,product_view,22,2025-02-17 06:02:25,mobile
932,191,b4209103-bca7-46eb-83ef-0f77848ac924,add_to_cart,39,2025-09-01 22:33:44,mobile
933,278,8cb21aa2-1715-4c03-ab4f-36381190e515,product_view,5,2026-08-22 08:11:53,mobile
934,179,8f221604-d46b-4756-b9e4-39ef48d495a4,purchase,32,2025-07-31 06:18:36,mobile
935,126,58f42098-591c-4524-953b-0f1fea3e072a,page_view,,2025-02-11 05:36:20,desktop
936,170,39ee80ab-46c9-47e0-90c5-9550f69a0539,page_view,,2025-03-02 04:07:59,tablet
937,116,746b161a-31cc-4738-b68a-e9b79b3aa1d1,purchase,37,2025-12-03 01:12:56,mobile
938,298,0130d66b-932d-4648-a769-b0f1ee01b9e0,product_view,71,2026-07-28 10:22:14,tablet
939,100,8198d1f5-6839-498f-accf-147242d7f112,add_to_cart,32,2025-07-17 05:54:20,desktop
940,202,80cfb1db-1287-4313-8f02-6c2c1b414999,add_to_cart,76,2026-03-13 04:48:55,mobile
941,14,1df44d3e-f26f-4b19-9708-013e4b541670,page_view,,2026-07-06 23:29:15,mobile
942,,41f83199-f4ea-4769-8366-c189cd8d9f75,add_to_cart,35,2025-10-04 03:17:37,mobile
943,30,cb1b8eff-d02a-4cbb-89b4-094ae048f1de,page_view,,2025-12-08 21:47:19,desktop
944,69,71594914-b1b6-4ecd-8009-45ce932c3ec9,purchase,16,2025-05-27 08:50:14,desktop
945,39,7bcf2b31-902b-4154-a088-5550f74f6900,product_view,40,2026-01-16 10:06:59,mobile
946,,56f401e5-c1e9-44fa-be47-27fdc51c91f4,page_view,,2025-07-06 21:40:26,desktop
947,290,ae7cfd14-7577-4730-868d-a4b2f613bda0,page_view,,2026-04-04 12:26:53,tablet
948,51,dcad8ec2-963a-4333-a582-95dc75f1c654,product_view,24,2026-02-10 16:15:02,mobile
949,52,420079f5-1dc3-426e-bb62-659e0700749a,product_view,30,2026-02-15 04:39:51,desktop
950,141,c9e55c47-a237-48c1-a1f6-dfbe114b3c79,product_view,20,2026-06-05 22:55:17,desktop
951,53,b38046ef-ad4a-4b3c-b86a-f9ddfe83c32a,add_to_cart,19,2025-01-27 22:36:10,desktop
952,,6994bf84-50d3-4a03-8cd7-608f3adcb38c,add_to_cart,30,2025-01-28 00:09:51,tablet
953,273,89207bc4-8439-4ed9-9a64-845ef49816ad,add_to_cart,41,2025-05-21 09:50:52,mobile
954,,436ae2bb-d509-4e07-b368-d836027d3808,product_view,9,2025-12-29 08:23:02,desktop
955,163,66205167-17cf-475f-898b-cf673f8dcf96,page_view,,2025-08-03 05:04:54,mobile
956,54,578cd875-d231-4372-bfb0-942cac777762,page_view,,2025-02-20 18:50:19,desktop
957,237,2db13deb-ee6f-4bea-8df7-164713769ff9,product_view,34,2026-04-23 22:02:39,mobile
958,129,37f3f32b-5a81-462a-9059-f77b79ff89d9,add_to_cart,20,2025-04-06 18:16:01,tablet
959,131,2ecaf629-44e2-4691-92de-d495e4f1e8e8,product_view,42,2026-07-07 03:59:07,tablet
960,,ee25356a-aee0-4ec9-bf04-18a9f2765513,purchase,1,2025-11-06 19:45:36,desktop
961,221,bcb3636d-7fbe-4bb3-b0ae-d12de8f10194,product_view,49,2026-08-12 07:13:08,mobile
962,88,3df76a69-bc45-444a-bc1f-dff0331d58bb,product_view,72,2026-03-17 12:53:57,mobile
963,30,3aad5840-34ef-41df-83f1-9b58df6c0d60,page_view,,2026-04-24 19:45:59,tablet
964,222,d61a080a-3fec-4a37-95be-a8dc33e88249,page_view,,2026-06-17 12:08:38,tablet
965,184,c7688339-27ef-4357-9b24-9c2a9e5c5dcd,product_view,68,2025-07-16 19:42:53,mobile
966,165,1417c2f9-eb91-431a-9eb0-5b4a1b4ffd5f,product_view,62,2025-05-19 14:43:42,mobile
967,,7e1f48c4-a9d6-490d-b4ad-fa22ad0205f5,product_view,51,2026-05-09 04:33:47,tablet
968,87,db6a34ea-c3a5-4237-81b2-16cf9d23c3cf,page_view,,2025-08-10 23:12:57,desktop
969,42,d91738f8-0ad1-418c-b53f-091e8a9e0964,add_to_cart,51,2025-06-22 20:13:23,mobile
970,,50bf2995-9ee4-405d-9f06-bc767b777e71,add_to_cart,2,2025-04-19 19:24:58,mobile
971,208,e1886146-fc40-43d4-a5eb-45497e0a04c2,page_view,,2025-11-04 16:16:58,mobile
972,97,4654e77d-de67-4278-9313-b3a7e5a1c6e4,product_view,33,2025-07-04 23:31:28,mobile
973,,c3a6b204-fc01-4a22-aed0-b0b27da56b6e,purchase,21,2025-09-09 09:57:31,mobile
974,294,65db6e43-47bf-4db7-82d9-a774ea7f6c7d,page_view,,2025-01-12 00:29:22,tablet
975,214,20d4ba18-93a0-4478-800b-19de38db128d,page_view,,2026-03-31 01:26:51,mobile
976,1,6c5540f0-cc9c-441c-8696-99010ddca788,page_view,,2025-12-17 01:54:56,tablet
977,100,08560684-8a6f-44b3-b08d-312e7a732f35,page_view,,2026-05-04 10:22:40,tablet
978,,dc432ed5-64ca-41c7-98e7-edf880a23721,product_view,79,2025-03-18 01:49:00,tablet
979,295,750acc98-2cbf-4769-86a1-a468afb3e3ad,page_view,,2026-01-15 07:18:38,tablet
980,69,84a91789-b2c0-47e8-9ed0-72e9f9fc6034,page_view,,2026-04-20 03:24:34,mobile
981,114,0227b8d5-b070-4a53-90ce-857f75c72fb6,page_view,,2025-01-06 01:42:11,desktop
982,271,61223189-35f3-4e4a-ac92-04b40306a258,page_view,,2026-05-13 23:59:46,mobile
983,144,5c91f845-534f-496d-99ca-9c1b94bcf47a,page_view,,2026-03-05 01:59:54,desktop
984,67,2fe938e4-427b-4ffb-9ca1-adcc9cdf0664,page_view,,2025-08-12 19:08:27,tablet
985,6,44f7f01a-3cb5-46d7-834a-130e8c6ea6ad,page_view,,2025-11-30 08:18:39,desktop
986,,57d52b78-9cf3-437e-b562-037b78aa16ea,page_view,,2025-04-03 16:11:26,desktop
987,115,6c878546-7faf-4458-af14-f7775dad348e,product_view,27,2025-07-22 14:56:27,mobile
988,,c08fe6d7-b361-470a-ab49-acc635e574e0,purchase,80,2025-09-23 10:18:28,tablet
989,,668d3c8b-dab5-4d55-9d75-c03c5f4faf10,page_view,,2025-05-21 07:17:00,tablet
990,,9247e851-2e0d-4860-b362-f9b74795cd1d,page_view,,2025-10-22 04:14:04,tablet
991,,af9e7a0e-936d-44a7-bab1-996a21925613,page_view,,2026-04-27 23:58:29,desktop
992,245,b8875caf-1991-403f-906e-ccbc3a8359b6,purchase,5,2026-03-09 07:35:19,desktop
993,93,8e2ac3ff-3c5d-4a42-8dd8-af09451b6267,product_view,6,2025-10-12 15:36:13,mobile
994,175,323132fa-6181-42de-9b37-0ca76ea5e341,page_view,,2026-07-18 16:04:12,mobile
995,254,bd1116ee-f58a-47c7-8ccf-4130255603d4,product_view,73,2025-07-13 06:16:41,desktop
996,22,027e789c-ce40-483b-b915-ad7e2648c819,add_to_cart,37,2026-07-28 07:58:50,desktop
997,137,226cbc6a-7fe5-44b6-abe8-c7562d36226c,page_view,,2026-05-24 06:07:28,mobile
998,220,a1726883-d971-4e00-a4ad-5e9bfedd22d9,add_to_cart,26,2026-05-29 14:09:10,tablet
999,292,50d3802d-b876-4455-88b3-152d845a91b8,add_to_cart,2,2025-06-19 13:04:06,desktop
1000,190,403fd582-4ccf-4a4b-bc93-243ec90b9454,product_view,49,2025-05-21 15:13:10,tablet
1001,144,0c36ad4e-915d-4a63-9bc6-c9288fe84e20,product_view,23,2025-07-22 18:46:36,desktop
1002,137,29d0c613-b0c7-4002-9956-699065fdaadb,page_view,,2025-01-13 00:07:01,tablet
1003,257,411920f6-d056-4199-b728-ddc20f5e8b47,add_to_cart,41,2026-05-09 09:45:16,mobile
1004,,18a73d94-a13e-466d-96c6-d99779fe7ccc,product_view,31,2025-11-25 21:28:48,tablet
1005,,42803aa0-55ac-4d06-be9d-a9517329af6e,add_to_cart,75,2025-08-14 17:21:55,tablet
1006,,8eb7c306-8f73-498e-9c3d-0d5f5c6801d6,product_view,7,2025-11-09 17:47:38,tablet
1007,49,581993cc-41f9-494a-8f5d-337fee8d5daa,page_view,,2026-04-12 18:23:36,tablet
1008,109,59e110eb-1f09-4b9d-a969-29b20513eda8,product_view,51,2026-01-20 02:59:54,tablet
1009,180,9b0707e5-f68e-4e81-adf9-568bde0bde18,add_to_cart,33,2026-03-01 17:00:57,mobile
1010,199,a65d958e-936d-41a8-93ac-b00e32eeeb38,add_to_cart,52,2026-07-21 02:26:40,desktop
1011,45,fab8328f-2cae-43a2-89d7-16efa62d7221,product_view,67,2026-08-08 01:13:18,mobile
1012,,53391df4-5ae8-4d18-88dc-1e26c7c2564a,product_view,22,2026-08-14 04:00:17,mobile
1013,158,c655a597-7ccc-43de-82ac-7e1dac565da6,page_view,,2026-04-11 23:39:32,tablet
1014,149,141283fb-e3be-43d6-b26a-030dbc8cfa8f,purchase,47,2026-02-26 15:35:51,mobile
1015,19,76b874d3-4959-4bed-9d19-11a5618dde71,page_view,,2025-09-11 16:10:23,desktop
1016,261,de46222e-2514-47ce-b4e3-5f7ba1b7e3d8,page_view,,2025-01-28 14:25:51,desktop
1017,109,edb68b81-cec6-4cfe-a3fd-17f02ae63af6,page_view,,2026-02-19 17:08:55,tablet
1018,62,9cc05b67-a19b-424a-abfc-2a47565f1491,product_view,18,2025-07-07 06:40:39,desktop
1019,244,e835f080-d951-4f98-a79f-2f429256d707,add_to_cart,36,2025-03-25 22:21:58,mobile
1020,232,57f7d71f-2978-4c73-9440-adec12439b0f,product_view,65,2026-03-18 11:58:55,mobile
1021,169,a72bdddd-511e-4eb8-9040-5c433a6c7da6,product_view,6,2026-02-01 17:08:19,mobile
1022,105,9afa8267-4479-4214-b5de-f8074a965478,page_view,,2025-06-23 18:45:06,tablet
1023,258,e33fc52c-4570-43e4-a53c-8f74a5076897,add_to_cart,52,2025-01-25 11:27:56,tablet
1024,12,f0533851-dce0-42bb-87ed-ea0271e4dc42,add_to_cart,39,2026-08-08 05:01:34,mobile
1025,234,855c0a97-9640-4fcd-bf76-14495cf85eeb,page_view,,2026-07-29 15:23:09,tablet
1026,280,2ad55c0b-69fb-4fe6-b346-1e07f72cb6c8,add_to_cart,57,2025-01-31 14:49:23,desktop
1027,32,20029d9f-05e9-4407-9aad-a0b12f132a6d,add_to_cart,52,2025-06-16 21:02:23,tablet
1028,8,406bf02d-a97a-4f4e-bc10-871bba4f4b03,product_view,75,2026-08-19 06:27:20,tablet
1029,42,bfeef19d-b360-4faa-be6e-9d47f0c0804b,product_view,73,2026-07-04 05:48:57,desktop
1030,,65a4c79b-2aba-44f9-b5e8-0364147f1f67,page_view,,2025-11-27 07:25:48,mobile
1031,235,efd1b588-1054-42d5-9876-35761a5ed196,product_view,1,2026-07-01 15:23:48,desktop
1032,88,0dc78104-8c66-4766-b922-b440e0f1e44c,page_view,,2025-10-26 05:44:34,mobile
1033,275,8623bc74-65a2-4cc8-855b-e95d06bfd9c4,product_view,31,2025-03-31 08:38:37,desktop
1034,10,1a9b0d42-154f-437d-befa-c198c3d6cd54,page_view,,2026-01-03 20:35:31,tablet
1035,231,15956c42-27c0-4f89-9e3b-f1b34330125c,page_view,,2026-01-25 21:48:07,mobile
1036,,63ccf604-e2ae-4f87-ae7c-a782a7a31d25,page_view,,2026-07-06 15:59:25,mobile
1037,,bcd2e8eb-3f55-40cd-bab7-127e4f32ea54,page_view,,2026-06-28 05:54:46,desktop
1038,263,205c8491-a061-49db-b172-f63648bfb602,product_view,36,2025-09-09 01:58:37,tablet
1039,,2bacf712-d6a9-49e8-86d8-95e5219b606d,add_to_cart,10,2026-04-23 19:36:58,mobile
1040,258,5b59f28e-a9de-4b26-88ff-eab0075072d6,add_to_cart,1,2026-01-31 23:05:01,desktop
1041,139,dd3ee854-5340-44b0-aa4f-4a80dc412176,product_view,15,2025-12-18 23:29:27,tablet
1042,27,def3306a-f998-43f2-b799-fddb79e546e7,page_view,,2025-09-16 21:09:02,tablet
1043,262,8c6d768e-45bc-43ba-af52-d36e8a63b93c,page_view,,2025-01-02 07:16:16,desktop
1044,59,f2cffcae-f833-4bfb-a296-e3f171e15b9f,product_view,77,2025-06-09 15:00:36,tablet
1045,229,9740b212-2d52-45f4-8a0e-c018b29769b2,add_to_cart,27,2025-02-01 18:41:03,tablet
1046,266,bfb8abb9-a18c-4492-b4e0-079a98fb4727,product_view,9,2026-04-11 05:48:04,desktop
1047,,6f5aad52-9061-498f-a096-521ea2c723d4,page_view,,2026-03-01 20:02:04,mobile
1048,152,88a613b4-a3b8-4f92-a3c9-0c6a86017633,add_to_cart,68,2025-12-01 01:05:57,tablet
1049,235,7b4d8646-58e0-458f-a8af-301f4f45f6f7,page_view,,2026-06-04 21:05:50,desktop
1050,95,16ed0330-ce01-4413-ba25-16fe8a27b0b0,product_view,60,2025-10-10 03:14:01,mobile
1051,2,6986305a-5da3-49cf-8ed0-730d711dc1dd,page_view,,2025-04-26 21:50:22,desktop
1052,88,02b3c948-4db6-4475-a7dd-1ac44282b6e4,add_to_cart,52,2026-02-06 04:49:18,mobile
1053,272,c21f84fc-d0bc-4ad5-85f8-0d9b00060d5a,page_view,,2025-01-18 08:44:31,tablet
1054,,49694032-5808-4790-a2e4-9628d913057d,page_view,,2025-06-29 15:20:17,mobile
1055,136,b011b125-0221-41e5-88fc-3da1781d5b6c,page_view,,2025-08-12 11:52:17,tablet
1056,95,c166a8b3-f26b-4ebf-bdef-3b8eec0dfc3a,product_view,43,2026-06-19 17:38:31,mobile
1057,,c4100108-0256-4389-8cb3-46637a211151,page_view,,2025-10-30 23:56:52,mobile
1058,192,98d53cf5-4afc-49e8-8c47-6b726e310234,page_view,,2025-01-20 21:19:11,mobile
1059,80,8c57a277-01d9-49b4-8bf8-f29e3b30ee97,purchase,59,2026-01-08 09:03:10,mobile
1060,,e1d55f85-6967-4586-b046-30085fa72012,add_to_cart,73,2026-04-08 14:44:53,tablet
1061,,3ff93134-650e-48e4-afe6-33f18f807d8b,product_view,58,2025-01-01 04:48:03,desktop
1062,163,a55fa725-bcb3-4168-b706-2cfa29cc0789,page_view,,2025-11-12 01:31:48,desktop
1063,218,3878becf-60dc-42eb-9413-c85063c4e76d,page_view,,2025-03-23 19:23:53,desktop
1064,143,a0152b5b-6c17-4150-9447-16cc4352acea,product_view,32,2026-02-14 09:54:08,tablet
1065,61,ccca1e14-c3b8-480f-8440-8e983d53ec43,page_view,,2026-08-07 16:26:54,desktop
1066,190,b1a50a3d-cebd-4b2b-9cfb-bce7e8f2c584,page_view,,2026-02-14 14:58:05,mobile
1067,66,a60147c3-48e0-4502-8598-f3c8af449605,page_view,,2025-02-09 13:52:39,desktop
1068,271,44d18524-cf0e-4567-882d-7fc1be3074f8,page_view,,2026-08-23 02:40:58,mobile
1069,159,1186da93-da7d-4c53-b020-cf0669b41194,product_view,63,2025-06-28 04:54:40,tablet
1070,,1c405045-4a22-4ae9-a2f9-cafe2eb23ca3,page_view,,2026-06-22 14:05:18,mobile
1071,,73e88db6-9e23-43d0-b491-5c14a30b669c,page_view,,2025-05-12 00:24:12,desktop
1072,38,7df37378-9f6c-4ab4-b352-2c1845aa9503,purchase,73,2026-08-21 14:51:41,mobile
1073,,26f341c8-04f7-48c8-9215-b5033012f819,page_view,,2025-06-08 21:24:28,tablet
1074,281,05aa5eab-88f3-47ea-b83f-52740cb4afe1,page_view,,2025-11-25 20:07:42,tablet
1075,205,4838a888-1a2e-4864-b8ea-ca362f999b2a,product_view,60,2026-05-23 16:25:05,tablet
1076,,703c1286-b717-44cd-a002-91bb44e9f8fb,add_to_cart,56,2025-01-13 10:57:46,mobile
1077,269,17172654-3b99-4815-8219-a9c7ba23b07a,page_view,,2026-06-20 09:09:20,tablet
1078,49,3799a376-7e5b-4ac9-83c5-01fe269334ef,page_view,,2026-06-25 06:54:11,tablet
1079,,c9254bb5-4fc3-4d4e-ab95-0c1d578799d9,purchase,52,2025-01-11 01:04:04,mobile
1080,149,5f13e10b-ff7a-484d-bf96-dd35cca99089,page_view,,2026-04-23 14:31:24,mobile
1081,35,081fec82-ca9a-4f77-b26a-51a576b40672,purchase,40,2025-08-21 01:13:44,desktop
1082,289,c02553ea-d7f2-4678-9489-8025548b2ce3,page_view,,2025-11-04 04:18:13,mobile
1083,295,4439940d-0e58-4770-a566-0316f39ef1be,product_view,20,2026-07-11 17:06:53,mobile
1084,,8b0ea0b9-1246-4474-a475-c0eec6913069,product_view,56,2025-12-02 13:58:18,desktop
1085,,e54c8739-3133-439e-ae7d-952b785b8a07,add_to_cart,18,2025-10-31 00:24:48,desktop
1086,78,61af0e8e-d137-47e1-8005-353dd76f1e65,page_view,,2025-07-07 08:30:09,desktop
1087,16,f97f4994-1f38-4f55-833a-c4d6d4085391,product_view,63,2026-03-13 15:35:12,tablet
1088,53,62821d61-3fbb-4f57-b6f5-6f1cc4a531cd,product_view,34,2026-07-27 22:35:22,desktop
1089,,3f46057b-7165-436b-b997-c779c56f05e6,purchase,70,2025-02-04 23:37:50,desktop
1090,68,32fd73c5-0894-4176-be99-df69bcd49975,add_to_cart,11,2026-05-01 23:59:20,desktop
1091,2,180dc855-c55f-4de8-bc3e-1d1975f94230,page_view,,2026-02-23 14:53:33,mobile
1092,221,355cca9c-fb6b-41dc-aa7f-7e0685695f97,product_view,62,2025-06-06 23:43:31,tablet
1093,149,f6121d2c-ae73-40eb-a39d-8fe7790b185c,add_to_cart,1,2025-11-14 09:01:33,desktop
1094,62,289ac251-52b4-44e8-afab-cd734fe66636,product_view,41,2025-08-19 02:38:28,tablet
1095,,bea6450f-0acc-423c-ba6d-bed8a110e887,product_view,41,2026-02-19 03:31:45,mobile
1096,,1f44aa88-855b-4c5b-8cb1-457eeffad15b,product_view,26,2025-06-23 02:40:04,desktop
1097,180,4c7f03bb-a376-4c2d-bb31-dcdc40d91a8e,page_view,,2026-03-06 03:08:13,tablet
1098,92,0d559b64-e334-4bac-9c44-ebd132df8d45,purchase,19,2025-12-08 22:38:48,tablet
1099,37,f9287d26-37c0-487a-aaac-826edd18ab28,product_view,67,2026-05-11 07:02:26,mobile
1100,98,6f2537ce-a206-427c-bc68-41d61ce8e12f,page_view,,2025-07-08 10:42:05,desktop
1101,230,cb5d2b59-2ad8-40ca-83db-7a2e531350e0,page_view,,2025-01-01 09:51:51,desktop
1102,228,6553b15f-1ea1-4b0f-95ae-b18b46ae7e06,product_view,69,2026-03-02 04:41:05,mobile
1103,34,f80590f0-0249-4a09-be3b-1a40ca0553a2,purchase,1,2026-04-27 15:03:23,desktop
1104,,b0d515ab-c891-455d-94c1-76b90ac013d5,add_to_cart,10,2026-04-28 22:55:58,mobile
1105,286,27ad8d51-98a1-4e4f-b03b-693479ab56d1,add_to_cart,46,2025-04-02 17:35:49,tablet
1106,86,3fac4317-16e8-47b0-8552-f3c55f13fb98,add_to_cart,76,2025-12-22 02:51:23,desktop
1107,99,af9a1168-1766-4795-bffa-b493285eed0a,purchase,5,2025-03-17 20:19:43,desktop
1108,177,f83b1806-ee4c-4b18-96a2-d49d9e5f8273,page_view,,2025-03-22 03:28:29,desktop
1109,232,0f5f9707-a008-4c20-8272-88e6ff39a117,page_view,,2026-02-06 13:18:58,mobile
1110,60,276732d3-a502-4c4b-9b03-34d80f4d6c40,purchase,7,2026-05-19 17:12:50,mobile
1111,,1b7e0502-ca9d-4831-894e-7397b38a3db1,page_view,,2025-09-09 00:27:31,tablet
1112,160,5115d7ee-3b90-408e-bce3-456320363a73,page_view,,2025-10-10 00:40:08,mobile
1113,280,a50784cb-c9df-401e-8ef0-0de1fb4f1972,page_view,,2025-03-25 19:38:50,mobile
1114,196,e44cbd41-ce36-492a-98e9-d0aac1b6edd4,page_view,,2025-06-14 01:27:10,mobile
1115,279,05776108-3166-4c94-bbb2-4366704fe1a8,product_view,36,2025-01-22 16:11:42,tablet
1116,78,b972393a-5bb0-4d76-a0b5-7717b072afc8,page_view,,2025-06-11 22:08:22,tablet
1117,196,0a1bebd3-e60e-4813-802d-a0fa227dcecc,page_view,,2026-03-24 21:51:24,mobile
1118,122,8f1c3fa0-7000-4009-b4e5-70ba7c3cc2bc,page_view,,2026-03-04 04:48:41,mobile
1119,,7d76ab58-b271-415b-8af0-9ec34b726a7c,page_view,,2026-04-25 10:55:19,desktop
1120,258,8b2ab759-2fc6-44e6-9113-5d7e30952621,add_to_cart,7,2026-03-19 17:44:42,mobile
1121,286,77e8b762-bb7e-4979-92dc-bffd59008d65,product_view,6,2025-06-22 01:29:37,tablet
1122,48,994316bb-d4d3-43a5-9e1f-1619467ba9e5,product_view,37,2025-08-16 02:52:16,mobile
1123,,290c4414-8df5-4b01-9c4d-b762ea1af7d2,add_to_cart,19,2026-02-04 13:47:00,mobile
1124,,730ad7de-27af-4ff9-87f8-9f6211a1e557,product_view,71,2025-12-13 20:25:15,mobile
1125,205,8aa6b006-436a-4b9d-91c5-6a004bb13407,page_view,,2025-05-03 04:03:26,tablet
1126,17,c6a28e4e-002f-4ca4-b43e-85315dfb1922,page_view,,2026-04-11 05:47:11,mobile
1127,,bbd0fe6c-6108-4fcc-8186-722ba355ad05,page_view,,2026-04-27 00:15:18,desktop
1128,140,9ea6ed4a-04ca-430a-a207-db202f7f2cd7,page_view,,2025-10-13 10:47:12,desktop
1129,30,9ec5405d-c6a9-4598-9d34-0833db592a19,add_to_cart,18,2025-07-21 02:54:36,desktop
1130,149,10372a5c-b893-408a-9219-02163d211daf,page_view,,2025-03-17 22:29:08,tablet
1131,125,d1ad3e51-89f9-4de9-b798-0131a885a7b4,product_view,54,2026-05-13 14:06:28,desktop
1132,,aee7c7a5-8629-4fbe-b09b-48dd63329992,page_view,,2025-09-12 11:53:43,tablet
1133,193,277529a2-8d2c-4e83-8407-26547f5f61aa,purchase,47,2025-08-26 00:29:43,mobile
1134,38,68e8f311-5295-4a96-887b-25d79cf023dd,product_view,39,2025-01-17 04:43:25,desktop
1135,285,18a440bd-1c47-40a5-9270-2b29a41247a2,add_to_cart,1,2025-08-10 14:08:10,tablet
1136,170,0b34fc84-1111-4e29-a8ad-153985f0786a,purchase,7,2026-02-07 08:36:39,mobile
1137,123,2dbb45bd-2138-42e6-b013-a170d5cf3b4c,page_view,,2025-01-09 13:30:23,mobile
1138,,1b67f7bb-33bb-4382-8801-8e83df9d3910,product_view,12,2026-03-16 09:41:02,mobile
1139,62,08252b39-1947-4a42-b10d-c9d17c413a2a,page_view,,2025-08-10 21:21:32,mobile
1140,85,637b3648-d617-49c0-a449-d64f922ddab6,page_view,,2025-08-31 23:16:07,mobile
1141,,9fbc879e-869c-4a8e-bd6a-b7c2a86d8706,page_view,,2025-09-26 12:20:29,mobile
1142,236,0c90e028-4185-400d-971d-f5fdb38950ce,add_to_cart,73,2026-04-24 21:45:09,desktop
1143,58,b7c4b3ee-9b1f-46d1-b881-49dc5dc96097,product_view,24,2026-02-06 01:31:00,mobile
1144,274,ebc8f6b7-ee22-4f70-8359-9c6d1224cbd2,page_view,,2025-05-17 16:52:27,desktop
1145,253,edabddab-7dcc-4026-a7df-30b2356fdc0a,purchase,42,2025-09-21 09:57:09,tablet
1146,71,77d2b94f-1478-4c9d-9503-0b43e3c7ca9a,page_view,,2025-10-20 20:16:25,tablet
1147,147,5c65a65c-0f8a-4c2c-a390-0bc0cd0fa4a6,purchase,29,2026-06-11 03:17:50,mobile
1148,288,e3f342a8-f030-4fd4-be54-898e8eda6433,page_view,,2026-07-16 21:40:19,desktop
1149,180,cb53f0be-5e7b-4866-9270-54706a7be8b1,product_view,37,2025-10-17 12:01:16,desktop
1150,81,9def57b4-d2da-43ec-8eec-c013b55beaaa,add_to_cart,77,2026-01-15 05:26:23,mobile
1151,254,bbfb1b71-0a68-4eb8-876d-e8c5440c7e5b,page_view,,2026-02-22 13:49:52,mobile
1152,210,13f39289-4dcc-405d-959e-f0fd1204f4d6,page_view,,2026-03-07 05:04:49,desktop
1153,16,84fcfcb0-f5e9-4352-b745-39f2f1d188b9,page_view,,2025-10-31 16:20:39,tablet
1154,,3b23feed-b9a4-4e2b-99e9-e3a418dcceb6,page_view,,2026-02-20 00:35:01,mobile
1155,,317046b9-3080-4a5d-a2a5-0eec881af04f,add_to_cart,9,2026-01-10 18:20:56,desktop
1156,,91ed554a-3fae-4f01-a829-0f3c86b4852c,page_view,,2025-07-23 00:09:32,mobile
1157,47,8ef4d74b-2dcc-4095-b28f-9444a0154d65,page_view,,2025-04-07 11:30:23,desktop
1158,,bf00f56c-6a49-49a6-8ee2-5e54bfcb3388,product_view,74,2025-03-05 13:35:44,mobile
1159,,9399ad15-a37c-41c5-842b-266b1b02fa24,page_view,,2025-08-03 08:55:51,tablet
1160,227,b3da5808-756e-467d-acab-8b695ba37cb5,product_view,8,2026-01-20 09:37:11,tablet
1161,110,1aa67474-e200-4157-ad54-c95aaa4d52a8,page_view,,2025-11-24 17:01:21,tablet
1162,,8cca8963-2e2e-47a4-8ade-c3792ab403f6,product_view,16,2026-08-10 02:54:39,tablet
1163,295,a854027e-5667-4e49-8133-8bdc66cc7376,product_view,56,2025-11-04 14:43:53,tablet
1164,170,999413cc-ff99-47a8-88ad-b388287e4086,page_view,,2025-05-07 20:09:38,mobile
1165,,e7094153-5a31-4916-aefb-2a2471693ed5,page_view,,2026-05-22 09:36:22,tablet
1166,236,ff31950a-fdd0-44a1-8cd2-216f50adff63,page_view,,2025-01-08 13:37:34,tablet
1167,96,698f546d-5f29-4290-9848-5a54531c8812,purchase,62,2026-05-01 03:13:46,tablet
1168,4,d37ee471-6e3b-4507-a21c-1209c3a1962d,add_to_cart,13,2026-08-01 06:45:28,mobile
1169,,3d9ffe59-9bc0-4a93-92cd-adefb9d276f4,page_view,,2026-05-16 08:48:25,mobile
1170,,60042231-36c3-4e85-8bae-295e902a405c,add_to_cart,78,2026-05-06 07:44:39,tablet
1171,,be9cafcf-ed17-46e9-8cdc-718dc4057420,product_view,52,2025-10-24 09:25:57,mobile
1172,,73d0b6c7-f62e-4f88-9c29-850b410bfc29,product_view,18,2025-11-26 08:44:26,mobile
1173,236,000cd21a-65a7-4a30-b5b7-0dd9728f5897,page_view,,2025-07-11 09:24:14,mobile
1174,122,48d3d2ce-fba3-491f-88df-aaf8b9efaad6,product_view,21,2025-08-18 19:28:32,desktop
1175,24,2294fa0a-8482-4c08-842c-65ad9883e9b1,page_view,,2025-07-06 00:47:23,tablet
1176,,01ae7eb1-4d45-4ea5-a3ec-4f6afe503fdc,product_view,1,2025-03-08 15:24:40,tablet
1177,,36fea0b4-38cd-4122-bc01-45e14ce2afa2,add_to_cart,23,2026-06-13 10:09:16,desktop
1178,,c5828939-058e-489e-909d-97cddb107e7f,purchase,64,2025-03-14 22:00:52,tablet
1179,5,d284b528-b091-4fb7-b17f-3f92d26aa790,add_to_cart,62,2025-12-06 11:41:24,mobile
1180,138,82e2b02d-8dbc-4e5a-ab4a-ede646a52064,product_view,17,2026-02-03 02:05:46,desktop
1181,292,9255273f-ed09-40f7-9217-4fb08e6b3085,product_view,80,2025-03-13 07:20:42,tablet
1182,64,75dacbbe-09a9-461a-9823-3383279b637c,page_view,,2026-02-07 10:21:09,mobile
1183,80,43d643ed-236e-4832-a7f6-a2ac5b0c4170,page_view,,2026-03-19 22:46:14,tablet
1184,66,3ff69f41-9508-4801-a3be-7ca05df924fb,product_view,60,2026-04-24 07:56:58,mobile
1185,213,4ce09ecb-cfa2-4fb8-8199-322e3ba58126,add_to_cart,65,2025-02-04 14:30:22,desktop
1186,245,91ae3d4c-6659-4d83-920b-725b17871810,page_view,,2026-03-30 00:07:32,mobile
1187,27,13c37b5d-bbf8-4a91-b7a9-f824eafa4d5b,page_view,,2025-02-05 12:11:56,tablet
1188,258,7b874b4a-cafb-44fe-931f-04afb93c92d5,add_to_cart,18,2025-10-22 03:05:16,tablet
1189,243,e6267164-d361-4b3a-bcff-ae922c435667,add_to_cart,39,2025-02-24 04:48:57,desktop
1190,223,d1cbc092-9383-486d-b3ed-d6edb0894de4,product_view,47,2026-06-03 06:04:49,desktop
1191,71,a46acc9a-9861-4260-9869-c755e85c1ec9,page_view,,2025-01-03 15:38:41,mobile
1192,,ceef7261-bb15-42ea-8991-2f464ce6928b,page_view,,2026-02-19 06:57:02,tablet
1193,183,c7b611cd-1417-482a-a1ad-018a93875413,product_view,52,2025-09-26 14:59:12,tablet
1194,,559a8f54-c559-4d0f-abff-c53f0e50f355,product_view,35,2025-11-19 21:39:49,desktop
1195,107,6f2e92b9-d130-42db-a13a-14ca5911f42e,page_view,,2025-08-11 21:22:29,tablet
1196,249,1edbbe71-de2a-4ddf-ae24-9b726aa12abd,product_view,70,2025-10-12 21:46:41,mobile
1197,260,bf67de42-3a0a-4b59-8538-4872deaa543e,page_view,,2025-11-19 11:25:01,mobile
1198,107,edbc36d8-9a30-4096-9977-66bea71c8948,page_view,,2026-03-03 15:53:35,desktop
1199,68,a1d770ea-c704-480e-a246-6cd702ed5d15,product_view,76,2025-09-21 13:52:19,mobile
1200,,863dfcd6-4e06-48d0-8ddb-545b61eaaa65,page_view,,2026-07-16 21:19:31,tablet
1201,274,909e21ba-8a38-45aa-91be-ba8e0a8aeb94,add_to_cart,10,2025-04-17 11:59:54,tablet
1202,174,b2a0f778-809d-4444-93ab-3cce264ae04f,page_view,,2025-01-17 00:08:55,tablet
1203,,ac735be0-0cee-4dc2-a737-f345388629ff,product_view,56,2025-06-17 05:00:18,mobile
1204,272,f89617fa-6493-45ef-bf53-76a4bb48bbba,product_view,39,2026-05-25 10:55:44,mobile
1205,83,9343e6ea-985a-4548-80ba-22a47213e7cc,page_view,,2026-04-18 18:21:02,tablet
1206,263,6e935615-38da-4a90-970f-ad328135f15a,add_to_cart,68,2025-05-25 04:41:17,mobile
1207,280,25e42403-64f2-402e-894f-6ed34a2f3876,product_view,8,2025-12-04 23:55:48,tablet
1208,149,79d19c4e-1521-4d35-960f-1e2d21d72432,page_view,,2026-06-19 01:48:04,desktop
1209,103,8c53b74c-0c9f-46e6-becc-f7609249ee3a,product_view,33,2026-08-13 23:23:25,desktop
1210,240,6605de3c-15c7-4c83-8336-ffe5663166a7,product_view,74,2026-07-04 09:52:02,desktop
1211,,b2a7a475-c619-4773-af3a-cf3380777ac5,product_view,66,2026-03-15 16:09:32,tablet
1212,199,7b1dbca3-2286-43f8-8314-96ea2160446e,page_view,,2026-07-09 08:47:26,mobile
1213,228,65339cf0-7ce4-470e-b2b7-3d808f2e08d3,page_view,,2026-02-09 04:20:40,mobile
1214,31,8fa8ae34-3233-4053-9242-ba54a6f9c0e1,product_view,19,2026-03-04 03:02:47,desktop
1215,4,86351a54-bc54-48c1-bf40-8dcc9db1f7f9,page_view,,2025-11-27 12:58:24,desktop
1216,260,44296ca2-1257-429e-be08-5cb73f09f7a6,page_view,,2025-10-12 12:02:05,desktop
1217,268,af4afcdd-52cb-4ae0-ae18-c9b3c6da85f1,purchase,42,2025-12-02 13:03:05,desktop
1218,89,1ccec1ef-16ef-4cdf-9375-ee61ec94503e,page_view,,2026-03-18 09:59:52,mobile
1219,,5d822e3a-6c6d-482b-a9e0-8370abf7a5d0,page_view,,2026-04-03 12:17:27,tablet
1220,213,5832c8de-521b-48c2-b0c3-ef8a592ab43d,add_to_cart,17,2025-10-26 02:05:35,desktop
1221,,c509d558-0632-4b36-a7c8-f0c59808552c,page_view,,2025-09-19 11:50:10,mobile
1222,,5987038a-fcd6-418e-ab54-500d4e089bb4,add_to_cart,39,2025-09-24 02:30:06,tablet
1223,242,cd840a47-fd7b-4279-9253-55159dc0a8b5,purchase,1,2025-05-28 07:20:39,mobile
1224,274,70c23600-2554-4c1a-9f88-dda37134ae6e,purchase,3,2026-06-09 08:29:49,desktop
1225,22,3bc5f97f-d173-470b-ac99-3c800b7d1856,product_view,58,2025-01-21 08:55:32,desktop
1226,,27ef0a4b-5fb2-4838-af73-b3cf331e91f2,add_to_cart,39,2025-10-02 05:36:09,mobile
1227,211,15f7ef61-da4e-404c-ba7e-1b86c1fad753,page_view,,2025-02-16 12:06:58,tablet
1228,,3e3869e2-0df6-4417-bd55-38c71cc464ed,product_view,69,2025-08-17 01:06:24,tablet
1229,143,25ce2a21-ed3e-4846-9efa-0407f2edcab0,product_view,28,2025-10-03 21:03:30,mobile
1230,222,49a5baeb-d1f4-4c8d-951b-1974de668dd0,product_view,78,2026-05-03 21:42:48,desktop
1231,295,cde55848-b19c-405e-97e0-a1f103840661,add_to_cart,18,2025-10-07 12:15:23,mobile
1232,57,789fed96-7337-4c2f-8e1c-37621c7cb6ed,page_view,,2026-02-03 22:11:14,desktop
1233,153,bd717da3-3581-4632-94f5-df7005d2d205,page_view,,2025-02-13 16:53:42,mobile
1234,194,8be27516-342c-4348-b63d-75f189bab9c8,add_to_cart,63,2025-11-03 18:32:53,mobile
1235,256,8c7e2904-4237-492a-8017-466e85f4c0a2,product_view,29,2026-08-10 09:08:47,tablet
1236,,fe07832a-badc-4599-9f7f-ae0c7ba79d05,page_view,,2026-07-16 01:38:38,mobile
1237,222,ab132032-b2e1-4f66-b1f0-2ea8242f5829,page_view,,2025-09-14 09:50:24,mobile
1238,23,e7f2418a-953f-4fd4-a069-4b6d04b51c12,add_to_cart,12,2025-12-29 19:18:46,tablet
1239,72,4165964c-0b21-4308-86dc-4e34a9dcfe52,page_view,,2025-10-15 22:13:42,mobile
1240,160,3360d115-48b5-4c88-8f63-5f4a2b9a118e,page_view,,2025-08-21 03:30:31,tablet
1241,236,4572b385-9e32-4085-b24f-92b9ca0841de,product_view,69,2026-03-24 16:45:29,desktop
1242,59,f1f71605-a79e-4626-b707-ac0e0d96feb3,product_view,9,2026-06-10 15:29:12,tablet
1243,268,a90e319d-637e-4f94-910c-8d920222305d,product_view,26,2025-01-04 18:14:08,tablet
1244,67,e9b1c4a1-da22-4b85-a9b9-2a1d457498ca,add_to_cart,41,2026-06-17 14:26:01,tablet
1245,142,1b9ec5f9-dd41-4a67-9c37-5254a8fc5690,page_view,,2026-03-07 05:47:43,mobile
1246,113,e226a768-de0e-4c53-8ae0-fd7a04e25132,page_view,,2026-03-16 01:08:00,tablet
1247,281,fad3b44c-3b2d-4dc9-a2f3-2faea63fcf12,page_view,,2025-10-14 06:02:04,desktop
1248,247,b5ae2a56-fa03-4d6c-822f-b2f06175a257,page_view,,2026-06-13 07:38:17,mobile
1249,228,7c12d198-50c1-48f7-a764-28c4197fa0fd,page_view,,2025-01-03 13:58:44,desktop
1250,,168885c2-8814-4bde-98db-f732dde4d194,product_view,12,2026-01-16 03:21:34,tablet
1251,47,f77fa3a7-802a-46eb-b2e9-7c2d2fb90ccf,product_view,65,2025-06-03 10:44:13,mobile
1252,186,b6646199-ed25-459e-8f89-37fa753e9662,add_to_cart,73,2025-11-16 15:05:05,tablet
1253,12,ec19e4eb-3f55-4740-8a2d-36a605804493,purchase,20,2025-08-30 04:51:40,desktop
1254,113,7d6c3d2a-5564-41d3-8e0f-bae18787c3f4,product_view,16,2026-04-07 22:44:37,tablet
1255,14,04b40ac9-2831-4f0d-be90-63fb64b5d9a5,purchase,22,2025-08-22 17:10:03,tablet
1256,29,5afa0fb3-5a16-49d9-af2f-077358c69158,page_view,,2026-03-15 11:31:05,desktop
1257,278,fef97d57-3c77-4a4a-8d65-4036a00f230b,product_view,58,2025-02-26 20:06:16,desktop
1258,229,469ff562-8052-4405-ba84-bb5ffa6e3743,product_view,34,2025-03-14 22:49:57,desktop
1259,161,41f74651-a033-4dad-8fdf-de19cfd835fc,page_view,,2026-06-22 02:49:04,tablet
1260,21,fffcd743-e3f1-4406-a31d-9c8be0f0fe79,add_to_cart,27,2026-04-19 18:43:15,mobile
1261,34,f1b2f143-078b-43a9-bd88-565ad09a934b,page_view,,2025-03-01 20:18:35,tablet
1262,262,39bfc9b6-47ba-48aa-b2f9-4b2c8e10814f,purchase,50,2025-06-21 14:44:42,tablet
1263,135,6491982b-e5ad-481d-977f-4c1626d658fb,product_view,57,2026-02-25 07:28:37,tablet
1264,,bada0c94-1679-4be0-a323-8416a82cae18,page_view,,2025-01-18 17:26:21,desktop
1265,,ad9112c5-f5ea-4128-854d-c3bf61d85365,page_view,,2026-02-13 03:57:37,mobile
1266,,afbffde4-a022-4155-9f69-5d179cc96aed,product_view,78,2025-01-29 23:00:42,desktop
1267,281,92a97acd-3d88-4938-aad6-5b8c3a38b844,add_to_cart,70,2025-04-13 05:37:55,tablet
1268,277,4ff85111-f875-4fd4-ad2c-cf42271a919f,product_view,50,2025-04-11 18:35:44,mobile
1269,14,72fcc072-544c-4132-9af9-7493e8e46b31,product_view,63,2025-01-08 14:37:43,desktop
1270,19,a7087280-34ee-4b67-a1bb-d1838acfd4d6,add_to_cart,7,2026-04-11 21:20:26,mobile
1271,76,af1dcfb8-8a96-4a11-94be-6d9f2379c05f,product_view,19,2026-02-01 20:08:39,tablet
1272,115,235b275b-dcd2-4b97-b3ca-9a6bccd3af7c,page_view,,2026-06-08 15:53:53,tablet
1273,233,e60d7a94-b483-4162-b043-a39a4f1a84cb,purchase,32,2025-11-20 01:36:38,desktop
1274,236,6e18b184-229f-485b-a8d9-1a2086181db2,product_view,53,2026-06-16 08:12:08,mobile
1275,229,c521ff2e-f9cc-43ed-a8b4-5c6afee543b3,page_view,,2026-05-14 16:06:07,mobile
1276,88,9099a283-eedb-4ce5-a7fe-cdcd2528b516,add_to_cart,28,2025-04-13 11:45:23,desktop
1277,22,115c42cd-5147-4e86-a875-d40aeac7dc2e,product_view,41,2026-03-27 01:11:30,desktop
1278,,b82d40de-f2d7-4d53-8870-2ae78eadda9a,page_view,,2026-05-05 22:29:45,tablet
1279,114,d6eaf269-514e-4353-af23-7c4d1e4ea133,product_view,36,2025-09-27 01:37:40,desktop
1280,261,078c3875-ba21-4269-a540-fbfee12ff6cd,product_view,14,2025-03-20 11:20:11,mobile
1281,248,f90fb6e4-e150-42f3-9195-8000c3f38c8c,purchase,14,2025-06-06 08:15:29,tablet
1282,26,4da838b7-6947-4bac-b610-f40d69fe890f,page_view,,2026-07-03 16:09:51,mobile
1283,202,d25ad576-ef0b-443e-bee0-47627168bdec,add_to_cart,69,2025-03-18 01:21:51,tablet
1284,231,bd03d33b-eee9-495e-a308-6e48e4e5b5b0,product_view,69,2025-02-24 05:10:28,mobile
1285,155,301c6abf-c773-4d46-a6e6-a84a46178161,add_to_cart,35,2026-01-01 15:31:22,tablet
1286,211,06b4ed27-2f4b-4be8-a1ac-fdb51b555f6d,purchase,74,2025-10-28 00:54:02,mobile
1287,217,9df034d3-9caa-437c-bc67-95e2c32fc21b,product_view,55,2025-11-02 00:47:17,mobile
1288,69,9cc3c1f5-9129-4c75-9b08-e5a844511ba0,product_view,62,2025-08-12 18:09:13,tablet
1289,61,3b1d12cf-3b70-4092-98ab-182c3b1d0181,page_view,,2026-05-26 13:19:39,desktop
1290,83,14588063-5bf8-4d1d-86ad-7920aff7ff5d,product_view,19,2026-03-26 08:30:08,mobile
1291,287,22538040-7a02-4a6d-87a2-b171b02a06ee,add_to_cart,27,2025-02-08 04:58:38,tablet
1292,170,7800e27a-9ace-43cc-989c-83f68098580d,product_view,39,2025-06-17 08:15:23,mobile
1293,,2f191516-5fbb-4da5-a64a-1fe8b646e2b1,page_view,,2026-01-17 02:30:40,tablet
1294,131,794e0838-7dcf-40fd-a330-98edda252795,product_view,75,2026-03-20 14:09:55,mobile
1295,107,39ed0800-3179-49f9-a9ed-e760233408ba,page_view,,2026-01-29 17:08:47,tablet
1296,91,f80443ee-c3b8-4179-a899-4c8408403234,product_view,45,2026-08-10 12:59:18,tablet
1297,43,f3402dd3-4515-45b9-ace9-504b03d7f962,purchase,63,2025-10-02 22:12:02,mobile
1298,227,abdce0da-be0b-4ddd-b8f9-500169bd40d8,page_view,,2025-01-14 05:52:56,mobile
1299,,345e2eaf-c1fd-4581-b3ec-e6b1fcfd8547,product_view,52,2026-08-02 20:05:27,mobile
1300,147,f4672866-ed56-42a0-ad54-ff2b10ee4f77,add_to_cart,13,2025-08-22 10:55:02,desktop
1301,198,9df79a27-ddfc-4a92-b074-feb3fc5217cc,product_view,8,2025-09-19 20:28:41,mobile
1302,231,dde4f5c1-532c-4c01-b017-c5337d6ce5c3,page_view,,2025-05-12 21:32:07,tablet
1303,275,6d744a0b-3f2d-49c8-a338-e5797521aa18,page_view,,2025-09-05 07:19:42,mobile
1304,218,9ba14c35-0ab5-407f-86b6-020a67a55936,purchase,45,2025-01-31 20:56:24,tablet
1305,197,b85f164b-6160-4399-9307-3198bc3eb402,product_view,24,2025-04-30 20:18:35,mobile
1306,232,f06b6c12-9c8b-4550-a4e7-0f9a501a0ccf,product_view,77,2026-01-22 15:07:38,desktop
1307,40,8941bdd3-9803-482e-926a-4bd0be125f8f,page_view,,2025-11-17 14:21:02,mobile
1308,17,b440b852-e033-400e-a432-62b38675820e,page_view,,2025-05-12 04:51:56,tablet
1309,113,1bfc270c-8549-4255-89db-ebb5c9739495,page_view,,2026-07-12 01:26:32,mobile
1310,107,e0b55615-d3b6-4f1b-b4f7-6d09739cafa5,product_view,55,2026-07-22 08:02:08,desktop
1311,9,3ee79d31-feef-41f8-a0b6-2f900adbc4ff,page_view,,2026-04-09 22:21:53,mobile
1312,156,fbdc532e-6546-466d-89b1-cad184c9b276,page_view,,2026-02-18 04:22:47,desktop
1313,85,632c817e-8ec5-4d47-8a0c-64e5bc341b4f,page_view,,2025-12-25 02:16:53,desktop
1314,203,f66c7331-a172-4ee3-83e1-847c8420e0d8,add_to_cart,56,2025-11-11 05:06:04,desktop
1315,57,70869a45-4a8a-4b17-b09a-083a0c9ea060,product_view,32,2026-05-17 04:40:08,desktop
1316,291,c60fb252-4df7-42ae-a267-e12b65e5f13f,product_view,46,2026-01-26 22:17:40,tablet
1317,299,2a9edda7-761a-4914-8931-b2d4d3def87c,add_to_cart,24,2026-05-13 15:58:17,desktop
1318,135,eb45bc38-9cf6-4e33-8b5f-174b6c267b56,add_to_cart,39,2025-02-16 00:57:30,mobile
1319,281,e7574997-8458-4f73-b0a0-c1cd0df6c527,page_view,,2025-07-03 12:10:46,desktop
1320,,a566e884-d473-4687-b6ad-1c332469d0c2,product_view,27,2025-10-05 10:30:20,tablet
1321,282,802b1bf4-b8ff-415c-9727-20fa73a27c7b,page_view,,2025-05-25 06:34:27,tablet
1322,118,95dfe6cb-c75a-4c94-ae05-7f791cf8d03f,product_view,39,2026-04-26 08:46:54,mobile
1323,,8be15610-b234-4948-a4f2-ae4cf016716b,purchase,36,2026-01-23 03:02:49,desktop
1324,150,52ce55e3-69df-45c7-a4a0-053f22a37556,product_view,26,2025-06-02 13:01:11,mobile
1325,,74246baa-2dca-4c82-8660-a3e9736d417c,product_view,76,2026-04-14 19:09:01,tablet
1326,163,e552d0a8-b66f-4507-a588-b999971eea39,page_view,,2025-05-18 00:17:38,desktop
1327,,171603b1-7466-4e6f-a1ee-b1f133b1d0dc,page_view,,2025-09-07 16:02:58,desktop
1328,218,a6091ad0-b114-44aa-92f6-9081400564b8,page_view,,2025-07-18 01:53:05,tablet
1329,192,29fb832c-cbe6-4571-b622-e18ee83bcc84,product_view,8,2025-04-13 19:30:43,desktop
1330,44,17584f23-1fa0-4802-bbb7-1494b7e767d4,page_view,,2026-08-20 03:04:10,desktop
1331,,a25291f3-730b-4657-b4cb-46131d39e9c2,page_view,,2025-08-23 15:46:11,desktop
1332,88,b5103e9c-8618-440d-95d6-a6585ce9dbbc,product_view,2,2026-05-13 19:58:13,mobile
1333,50,f9a62522-ca83-4709-ba14-675762538cdf,page_view,,2026-02-20 22:58:08,tablet
1334,155,28ef2f46-f323-423e-9cb0-c90c82fc9294,page_view,,2026-04-11 01:55:30,desktop
1335,2,0b3d6dc9-616f-460a-8ce3-77d760f11528,page_view,,2026-03-15 21:03:04,tablet
1336,,55cf37ba-e989-45f2-abbf-1e35c4acb57d,purchase,10,2026-01-17 09:35:08,mobile
1337,101,dcd81a8b-a8d6-4af6-9f0d-def190c40e45,page_view,,2025-02-04 01:55:19,mobile
1338,,2504fd28-de6a-4459-a980-f6ff266c47fb,page_view,,2026-05-30 15:43:08,desktop
1339,172,0d22af35-b648-4e8a-84e7-75b92dca365a,add_to_cart,3,2025-12-01 05:01:41,mobile
1340,49,baebe15d-4f3c-4771-8edd-2a2a6b69b4ae,page_view,,2025-06-07 00:59:39,desktop
1341,19,49ed856e-723d-4acd-b601-e005c4c4f69f,page_view,,2025-03-19 09:19:26,desktop
1342,290,e606d7c2-1e18-446d-ae42-1840a05f36c8,page_view,,2025-04-08 14:37:44,desktop
1343,106,00e78824-33ee-46e7-b5de-feba21aea39b,add_to_cart,67,2025-05-25 04:41:12,mobile
1344,143,03200c4e-40cb-4188-83f0-fac39f601d17,page_view,,2025-11-24 08:27:02,tablet
1345,,7fa70485-dafc-4805-bf64-85de75699aef,product_view,7,2026-01-17 13:45:16,mobile
1346,49,9ba4d5a6-0178-4e26-8eb5-57ac8b22e445,purchase,79,2025-02-17 02:44:59,mobile
1347,132,37850b5c-3ce5-488c-be53-d702e1f8d192,product_view,27,2025-08-17 20:58:01,mobile
1348,,74283491-79c8-42cb-a8d3-110e96bfae6e,product_view,47,2025-07-05 18:49:27,desktop
1349,60,99e95433-1453-417e-b11e-be6f68ffae17,add_to_cart,21,2025-09-07 21:45:42,desktop
1350,211,e1d5c0dc-3ea5-45a9-81ae-c50599a04abb,product_view,43,2025-05-10 07:53:07,desktop
1351,,a0ee404f-9ea8-4cb1-8732-68c98c1e9464,page_view,,2025-11-02 22:11:16,desktop
1352,3,3527bcee-d343-4f88-91f3-79b18ebb8208,page_view,,2026-08-21 18:38:28,desktop
1353,138,0e18ab96-25f4-4dd6-af51-ac6e0c85f154,page_view,,2025-02-25 21:14:19,desktop
1354,233,253741e4-0966-4d08-9959-5d27a73d2746,product_view,61,2025-09-06 10:04:31,tablet
1355,185,93fde248-aac0-4912-884d-7822da948e70,page_view,,2026-04-29 08:26:55,desktop
1356,48,54c3b22e-4c66-4a4d-9a70-ea8ad6881d3e,page_view,,2025-07-01 13:58:05,desktop
1357,171,1be00f8e-0c8d-41d2-9673-aefbeb9e54e0,product_view,9,2025-10-01 17:45:53,desktop
1358,190,294d43ed-2da1-4fda-be65-6dcc6abdb05a,add_to_cart,66,2025-03-04 22:33:30,desktop
1359,54,a9325ae1-9c70-40da-88cd-29c5ac0e1f71,page_view,,2026-01-14 07:58:47,mobile
1360,298,92811c92-984f-4323-b329-2925b107094e,product_view,21,2025-10-23 16:04:32,desktop
1361,202,f75efed8-2d6b-4953-8fea-d84ec98cfd48,page_view,,2025-11-22 08:29:42,desktop
1362,298,5c3552b3-9437-4280-bfd4-67e77491050c,product_view,53,2025-05-11 23:04:32,tablet
1363,174,c4bd338e-17d7-4fc0-892c-d030ee757637,product_view,20,2025-10-24 07:22:28,tablet
1364,199,e5c482ff-5e5a-40c1-92a4-73f94c9e903a,product_view,76,2025-06-04 10:50:34,mobile
1365,42,c2294116-1152-4a73-91fc-dedd61022b56,page_view,,2026-04-14 23:28:43,tablet
1366,101,109efb40-8ceb-4c57-97e3-23cf6d651847,product_view,71,2025-08-18 11:47:44,desktop
1367,147,1f3cea1d-2271-47ca-b887-73ed4af715b7,page_view,,2025-12-03 18:12:43,tablet
1368,296,54470290-4640-4b2a-9c02-28afb1d29457,page_view,,2025-04-14 14:19:10,tablet
1369,152,35b86d0a-864f-46dd-a9ec-09d586eced99,product_view,76,2025-08-31 22:25:28,tablet
1370,280,0ee52f63-9caf-4df1-b584-5d71b221e1c5,add_to_cart,10,2026-03-02 03:30:06,desktop
1371,257,fab6ad91-bacf-4cfc-9245-1cc41bfb3b3d,page_view,,2026-02-08 18:45:37,tablet
1372,,16718639-fcb8-4f9e-8769-0baaa104bdce,product_view,4,2025-09-08 00:50:30,desktop
1373,243,9ad2bb72-b04b-4584-b95c-ec2d7bd15655,page_view,,2025-03-02 17:10:04,tablet
1374,,b4f136fc-fc7c-4e71-89c6-7b51ef13864b,add_to_cart,1,2025-04-08 09:58:16,tablet
1375,247,d90949aa-9bdd-4d7a-ad53-628b49851b79,purchase,3,2026-07-24 05:05:41,desktop
1376,294,933c8d00-8680-4a0b-8279-1490510564f9,page_view,,2025-05-15 04:27:34,desktop
1377,101,ed56c714-5a96-41f5-9f8c-eda5feb9ea24,product_view,39,2026-03-29 14:26:57,mobile
1378,143,7f13de67-9008-4dc9-9d42-1bae2134e15b,add_to_cart,75,2025-06-18 14:08:54,tablet
1379,208,7f6bf62c-a1c1-4b96-baab-d9f2850b7073,page_view,,2025-07-15 21:46:01,mobile
1380,300,e237c877-2e0e-4673-8ed7-cd177e14c595,add_to_cart,76,2025-11-04 00:24:47,mobile
1381,294,4a5d6cea-b565-464e-bb93-a53f9c02040d,page_view,,2025-03-23 03:59:56,mobile
1382,197,1e42d2b8-0067-4b62-b18c-d979fab0a15d,product_view,73,2026-04-17 03:13:10,tablet
1383,14,cbf6aa23-a01e-41f5-b702-beba0623ffbf,page_view,,2026-07-18 08:09:45,mobile
1384,57,3513a238-d91b-4a04-bcca-ba381e30614f,page_view,,2026-02-03 03:54:41,mobile
1385,293,6a25542e-ffbd-4cdd-9d84-d303ccb03fc5,page_view,,2026-02-15 08:59:21,tablet
1386,300,5982aa44-5573-48cf-8ba5-605069fe99a9,page_view,,2025-03-25 07:05:18,mobile
1387,140,365bc763-a333-4ea8-8e58-de208f7763e0,page_view,,2026-03-06 17:33:00,tablet
1388,141,b0a4f557-3381-401f-a3ff-8fd202e460aa,product_view,13,2025-10-16 01:39:35,tablet
1389,136,115db44f-ca4a-40bc-8121-81a34818b004,page_view,,2025-03-05 02:35:26,desktop
1390,111,8ccc617e-81b6-4951-8cdf-697f4eca2e96,page_view,,2025-09-15 19:49:16,mobile
1391,,1d2467e2-0191-419d-845c-3fbb52ecac27,page_view,,2025-10-17 21:03:24,tablet
1392,43,65637d1f-5763-4902-9552-0712af92ef22,add_to_cart,7,2025-11-16 23:53:23,mobile
1393,20,f5c9f459-9db1-4d5e-91a4-d796b9720eec,page_view,,2026-07-30 15:11:27,desktop
1394,207,31ab0158-2cf6-473b-9500-c14707743c94,add_to_cart,5,2025-03-16 22:36:15,tablet
1395,,ec1a86d3-5683-4783-9575-9337549c9eb9,page_view,,2025-05-05 07:18:09,desktop
1396,169,7978dc84-ea89-4979-baa6-d6eaac273009,page_view,,2025-09-25 05:40:38,mobile
1397,102,22c0c475-a549-46d0-891a-5875cc18dd0e,page_view,,2025-03-04 17:24:19,tablet
1398,50,75eb0e8f-a090-460d-a7c7-655a7b434a72,product_view,76,2025-04-13 07:28:43,tablet
1399,41,e55b93ad-8976-4471-9d7f-57d1e45def26,page_view,,2026-05-08 03:36:00,tablet
1400,254,d06d3943-c8b3-415e-b664-704355c9bf0f,page_view,,2025-05-19 03:33:33,tablet
1401,9,0e5779ec-be1a-470f-ad83-a4c869f8d3e4,purchase,39,2026-04-21 00:09:24,mobile
1402,267,90a014ab-4ca1-4abd-8565-0e0bd5c97d5d,product_view,12,2025-10-24 03:21:00,mobile
1403,,8e2017e1-50c4-4b4b-ad9e-5c1eb9974024,product_view,39,2025-11-21 04:58:39,desktop
1404,39,93d054e4-3550-407e-84ca-bb38892fca69,add_to_cart,78,2025-08-07 15:52:45,desktop
1405,189,ea8b31f5-ccae-48fe-94eb-8e20af7c7d2b,product_view,38,2026-03-15 06:49:38,tablet
1406,,10f35676-5a85-4cd8-8bb8-6be0e355e636,product_view,11,2025-02-08 23:11:52,desktop
1407,57,d73aae7b-47cc-4a66-a638-d8bef83893a2,product_view,49,2025-05-06 21:01:46,desktop
1408,,600fc79c-fbce-4087-96d2-b14d07faf6f7,product_view,16,2025-12-23 10:20:19,mobile
1409,,2a7cf9e9-d7a7-47b1-88c6-2063a06303ca,page_view,,2025-12-10 07:55:46,desktop
1410,,2ff8107a-63ba-4d86-9b0e-70ad922bda48,product_view,56,2025-07-09 14:08:46,mobile
1411,130,c847b130-dd56-430e-9de9-87a2985e7e89,add_to_cart,44,2025-06-21 11:45:59,mobile
1412,255,db9a0eb7-b48c-431b-8eeb-87ffc064f074,product_view,10,2025-01-03 05:03:29,tablet
1413,250,4580dac2-0818-4965-b5b8-135150830841,product_view,9,2026-04-23 21:15:13,tablet
1414,142,e0864418-7f3e-459b-9638-613769f35b2d,product_view,46,2026-03-13 14:12:54,tablet
1415,292,d4575305-73b0-420d-9f20-19ea3cd61f5e,purchase,77,2025-08-15 02:07:28,mobile
1416,175,866cfb2b-3754-416f-8d79-132cf362d408,page_view,,2025-12-23 14:37:56,mobile
1417,259,5fcc997d-1cbb-404b-accd-a2af4d64bb63,page_view,,2025-05-30 06:42:27,desktop
1418,45,33bcb8a9-c71d-4564-8992-b886c8f216c1,product_view,50,2026-02-18 04:51:07,tablet
1419,188,8188de48-719b-4dd6-97b4-e75be9d18ec2,page_view,,2026-01-27 00:17:27,desktop
1420,,e7ab2ef7-7b8f-409a-8c8c-eba90662200c,page_view,,2025-10-29 23:48:29,desktop
1421,,5711d5fd-30b1-467b-a771-a42280038f26,page_view,,2026-01-23 18:32:27,tablet
1422,216,dfb68a5f-bb81-41f0-bbc4-d138ec737598,add_to_cart,34,2025-02-11 18:38:22,desktop
1423,53,53cc6b95-c689-4836-8f73-ab1c860c7b68,add_to_cart,1,2026-02-26 14:53:51,tablet
1424,140,192703a7-df2e-47e7-84fc-bb8424aefbea,purchase,13,2026-05-13 04:56:10,tablet
1425,,84222f58-f022-44af-bb76-4637d277ab64,product_view,22,2025-07-16 18:15:32,tablet
1426,,3487246c-21f9-4072-be22-eba1ad3d581e,page_view,,2025-06-15 05:05:50,mobile
1427,,6338fb29-7599-4b0a-895b-81d6b97d7617,page_view,,2025-06-29 20:14:44,mobile
1428,275,1da76d69-85b8-44d4-9d64-3387b6b38fbc,page_view,,2025-12-01 05:39:47,tablet
1429,,0b458c23-eead-490c-8f9c-78bf010d583f,purchase,76,2025-11-01 01:09:47,mobile
1430,20,df3334c6-9823-4b06-991e-a7e6afe2a940,product_view,71,2025-10-02 16:28:13,tablet
1431,117,e3a1af97-7785-4ddb-9552-7a3c164a9b18,page_view,,2025-04-15 04:12:13,mobile
1432,16,c4246277-8544-44ab-9a64-f27d0bcfd0fc,add_to_cart,41,2025-07-18 11:36:10,desktop
1433,85,05c14422-4ffe-4dfd-bedc-acb7a8b331a0,add_to_cart,68,2025-05-15 00:16:43,desktop
1434,185,a38bbaa4-4fe8-48d8-822c-a6a893daf60d,purchase,72,2025-02-11 21:48:05,desktop
1435,15,33579b27-5225-474a-b5b8-726ce462ff64,page_view,,2026-07-08 00:37:33,mobile
1436,,88433a38-46d2-4109-895c-7ac8314aabdd,page_view,,2025-10-22 11:59:38,mobile
1437,171,abcec90f-70ec-441b-85d5-601651b3ccf5,add_to_cart,17,2026-06-07 03:28:51,tablet
1438,241,2851a8be-2639-4214-85cc-aa931e1e5d91,product_view,59,2025-10-22 22:53:39,mobile
1439,90,f5530567-03e7-4d21-9d4d-46d6460d113d,page_view,,2026-06-07 20:13:25,tablet
1440,198,1a354475-8399-4ac5-8f43-a2509f795228,page_view,,2025-12-19 18:07:17,tablet
1441,13,8ca33a54-59ae-4302-8ae3-297e34e24142,product_view,30,2026-04-21 20:19:38,tablet
1442,75,f17aa7a9-243d-416d-8563-abbe51883a26,page_view,,2026-04-01 09:07:24,mobile
1443,207,92f71993-4884-4b5b-8dd3-214cb4508610,product_view,2,2025-11-23 12:05:07,tablet
1444,177,4fb67094-123c-4911-abd8-ad4d3eacdb28,add_to_cart,48,2026-08-09 11:08:36,tablet
1445,279,8a6342ca-56b7-479e-a46a-0b429cfecbd8,add_to_cart,24,2026-08-13 00:01:26,desktop
1446,221,076c108d-214c-47b1-8cfc-64207192e443,product_view,7,2025-11-02 13:04:52,mobile
1447,279,0ceaaf73-aced-4d55-a73e-2bc578822064,page_view,,2026-01-22 02:25:39,tablet
1448,,160beed4-0dc5-442e-a233-960a1b1e06c3,page_view,,2026-04-16 08:45:34,mobile
1449,140,b465c027-2dd1-445b-a454-a82a6d2cdbf9,page_view,,2025-02-14 03:01:18,desktop
1450,228,a124fdb2-97be-4f31-a42a-a836989b68c0,page_view,,2025-08-17 15:13:41,tablet
1451,154,7222534d-b309-4e0d-b0ac-0677d60f8680,product_view,71,2025-03-01 05:05:51,desktop
1452,11,5513b74f-4ffc-4c54-9b0a-31ea9dc6d783,product_view,25,2026-05-06 14:30:28,tablet
1453,204,c226ab53-b680-473b-b2b9-c542d143e0a2,page_view,,2025-11-05 16:44:31,desktop
1454,93,141b9098-8892-47fe-8f2e-45efabbe274a,page_view,,2025-01-10 19:21:05,desktop
1455,124,c3b1927b-c178-4e77-ac3b-9258f943375e,product_view,33,2025-06-28 07:44:24,desktop
1456,17,17c95aaa-21bd-45eb-915a-a3c07737cfb5,page_view,,2026-04-11 04:35:17,desktop
1457,,b2d7692a-eb70-4da9-8d66-d79dd0170108,page_view,,2025-09-10 14:30:08,tablet
1458,,4f75d45a-74a1-4a0d-98e6-3a5577e0ee02,product_view,41,2026-04-15 10:15:34,tablet
1459,197,c438eae0-b5d0-4595-a4f8-9e23af39f2ce,page_view,,2026-05-26 20:30:06,desktop
1460,,f28bf846-3b50-4fda-b875-b1c777243aa3,page_view,,2026-01-13 16:27:47,mobile
1461,110,e54ca6ca-dc70-4e22-a4ca-f1b8394a97fd,page_view,,2025-05-28 22:35:41,desktop
1462,150,5d0b042d-e9b1-4c76-820f-beef9defeab9,page_view,,2025-08-16 03:00:22,desktop
1463,72,ead1d758-b319-418d-aef0-3a1b645f273c,product_view,29,2025-02-17 10:10:39,mobile
1464,72,dc5cd673-c9ed-46a6-9490-5f79aa4946f4,product_view,51,2025-07-08 22:28:22,tablet
1465,,7ccd3dc0-740a-4bed-9323-8affe1e538a1,page_view,,2026-05-13 10:45:30,mobile
1466,68,1ce62a9f-79af-4348-90bb-c60d07bf63ee,page_view,,2025-03-31 14:49:41,desktop
1467,91,d8842354-7613-4f44-ba88-f16259f8068e,add_to_cart,46,2025-09-04 21:29:37,mobile
1468,196,593edc83-c497-40a8-8842-04d52bb9a661,product_view,61,2025-01-06 14:25:32,mobile
1469,182,8208fd42-209c-44a5-931e-1d4d9abc9859,add_to_cart,28,2025-05-05 08:23:48,tablet
1470,,b6da99cd-d14b-456c-a7db-09431a59c3eb,page_view,,2026-06-29 13:02:42,mobile
1471,,8e5fd65f-536c-42d0-9b63-205fcbf85149,page_view,,2025-04-08 21:18:02,mobile
1472,,4d579d00-cadc-410f-9228-130ba64272a2,page_view,,2025-09-07 07:42:20,desktop
1473,251,972d5d57-669b-4896-b602-72ba8862036f,product_view,11,2025-03-05 00:04:30,mobile
1474,95,3e628981-9ef1-474f-bd13-452669d75427,product_view,44,2026-03-17 03:37:15,desktop
1475,,7b7ce7cc-f950-47fa-a8b5-8db58c466308,add_to_cart,49,2025-10-15 17:55:17,mobile
1476,189,354f184e-5739-4b03-90e9-4dce6241cba3,page_view,,2025-11-13 00:05:22,tablet
1477,74,6e5fbf71-9749-42b0-b1ad-e82ad05cc78d,page_view,,2025-10-20 12:31:45,tablet
1478,112,9134c0b7-6f73-473b-baee-bacdc8c8ccf9,page_view,,2025-08-28 03:00:58,desktop
1479,240,b1b2b5f8-8b66-4d1f-979a-7954c98e3f5b,product_view,69,2025-03-19 10:22:17,desktop
1480,226,ab6b3f08-a9a0-44ef-ac4f-54163c749c16,product_view,32,2026-03-31 00:28:04,tablet
1481,,b63fa809-ee4d-4dec-bd47-288513f0e33f,page_view,,2025-12-28 07:07:45,tablet
1482,54,1d444351-7c93-4dc3-9635-212d92fe00e8,add_to_cart,58,2026-05-26 15:34:46,desktop
1483,175,534bfa86-7681-4ad7-9898-6758979800c3,page_view,,2025-07-01 23:59:14,desktop
1484,215,71f9b0e2-d270-4a52-98ff-d8ad8e1a3a51,page_view,,2025-01-28 20:57:11,mobile
1485,165,67e2189b-f4b4-4704-8edb-6dc82d19bd52,product_view,8,2026-02-21 02:42:02,tablet
1486,80,af7d7f21-1bd6-403d-9927-839b11d1ce50,page_view,,2025-03-12 04:08:46,desktop
1487,281,d1e2b878-c576-426d-98ae-0666d066ad21,product_view,57,2025-01-25 14:04:03,tablet
1488,219,a51e01ad-7e8a-4078-93d1-06cb61004ffe,page_view,,2025-09-09 04:55:58,mobile
1489,,37b567b4-172d-4bd0-8fbd-4c81a9008ecd,product_view,70,2025-12-31 21:19:38,mobile
1490,,94ad345a-e323-4264-a390-0c1dd1291d13,page_view,,2026-06-14 10:21:27,tablet
1491,213,cf51a203-a2d9-49ba-8146-ed52e73bc913,page_view,,2026-05-25 03:03:02,mobile
1492,78,a92f85fe-258f-4afc-81cf-d878000c14a5,product_view,25,2025-01-23 01:27:28,mobile
1493,126,4a9ff50e-8800-41b6-b3f6-21a826330c43,product_view,44,2025-09-09 20:44:44,tablet
1494,77,7279101c-93f3-403d-9d96-232d63d5e750,add_to_cart,10,2025-08-01 05:12:49,desktop
1495,258,e09ef2a3-ae77-4249-b4a6-3e7632173525,add_to_cart,49,2025-08-02 04:37:01,desktop
1496,275,cb5a4d77-91fd-427f-8cbb-7460510c8c48,product_view,14,2026-05-18 23:59:50,tablet
1497,255,eb22ec1d-4df6-4f4f-adf7-92ffe9c7c13a,page_view,,2026-08-07 02:36:21,desktop
1498,269,b7c12a4c-6f4a-454f-afca-07aef17e4a71,page_view,,2025-04-07 03:34:52,desktop
1499,16,fd8398c3-5821-49f8-aa45-2afdfb8a61eb,add_to_cart,46,2025-06-17 15:34:54,desktop
1500,221,9c8aa872-0214-4a68-952d-986c16db8a18,page_view,,2025-08-14 13:25:39,mobile
1501,250,d8feb8de-6779-4b58-82ab-23a0fc862110,page_view,,2025-10-14 11:30:08,desktop
1502,128,0ffa2366-4b4f-4faf-9a3d-c78020a77d78,product_view,47,2026-02-06 11:25:58,desktop
1503,211,f7c8435f-8c83-4c68-a6ac-e59a5e85643c,page_view,,2026-03-28 18:36:58,desktop
1504,82,8f5e248e-b40f-440e-8037-447f0d99c071,page_view,,2026-08-15 10:29:05,tablet
1505,62,1c153057-5bf7-44cf-ba8b-d601d21ce315,page_view,,2026-02-21 22:46:22,mobile
1506,212,07fbb920-dd9d-4e4d-883e-dd69dc7abd16,product_view,73,2026-03-05 11:54:19,desktop
1507,171,9714fadc-b3c4-4030-ae84-e8323c38c3f0,add_to_cart,19,2025-02-25 15:21:13,mobile
1508,214,b636cc4c-5170-4a8a-a00e-0b6064eec4c1,product_view,23,2025-08-25 11:38:07,tablet
1509,,6f689d65-61ae-4f21-a7f1-c18b61fe800a,page_view,,2025-08-09 09:22:18,tablet
1510,71,2c649adf-a998-48e1-b612-41be8b8ce7be,page_view,,2026-08-13 04:00:50,desktop
1511,191,8e301bcc-302f-4247-a39a-046d79912c51,add_to_cart,24,2025-05-31 07:07:54,desktop
1512,237,5c3bd3b5-ecaa-4afb-97e4-527a6274d240,product_view,1,2025-10-21 12:33:25,desktop
1513,238,49d93a08-277e-4fbc-aacf-f20fd707cb6d,add_to_cart,18,2026-01-18 04:13:52,tablet
1514,27,2023fd4b-ab89-436b-9f6b-9b3fff594778,product_view,27,2025-08-24 23:39:21,tablet
1515,48,a5fcd671-125d-4206-82f8-65f8226001c6,page_view,,2026-07-23 05:14:36,mobile
1516,,e288109d-b8a9-4014-a4dc-ea0704056d2b,product_view,20,2025-02-27 20:39:28,tablet
1517,163,f997f697-6fcd-4f50-a86d-e2517c98756f,page_view,,2026-02-09 17:46:34,desktop
1518,228,2320de16-15ac-40e4-a2c2-3308fd7ee75c,page_view,,2025-07-21 14:49:05,tablet
1519,72,dc32f8a0-6a75-40e2-8e52-309da46a07c2,add_to_cart,67,2026-03-13 07:17:54,mobile
1520,,b2051cec-c9f7-469f-a4c1-d21074be4b20,purchase,20,2025-01-28 01:47:03,tablet
1521,150,9f8d367d-6cfa-42dd-ae28-dccd9abbe46b,product_view,35,2025-05-10 14:06:56,desktop
1522,279,6c936f69-8269-441a-b453-30442e07336d,page_view,,2025-08-06 15:23:45,desktop
1523,196,627ca9f7-7336-4302-91f0-33748d532691,page_view,,2026-06-06 06:03:28,tablet
1524,208,6cbdd931-2f90-4058-b9ca-28265af56a23,product_view,11,2025-07-31 13:52:43,mobile
1525,130,7f8736f1-93f3-4702-81e6-ee9a9ac55023,product_view,37,2026-03-22 21:49:23,mobile
1526,,b64e26cf-3c9b-4542-bb1d-23a8d8c823b0,purchase,54,2025-10-14 20:41:22,tablet
1527,59,ed3353fc-692c-4aae-84ed-98e280714c8a,add_to_cart,19,2025-09-25 22:37:58,desktop
1528,48,0890f506-5df1-4f6f-938b-d3f88bd18d4b,add_to_cart,28,2026-01-19 01:49:02,tablet
1529,1,7bb775d4-9172-4023-89b1-85d6fa6d81ee,page_view,,2025-12-06 10:37:23,desktop
1530,,948c7eb4-1cf8-470b-9e5b-2ad8b4732eb6,page_view,,2026-06-28 23:23:05,mobile
1531,25,147f0413-b0c4-4ddc-b634-71f87b45bd9c,page_view,,2026-06-21 18:33:10,tablet
1532,19,86c2ad8f-bb36-47b0-baed-6f49245fd841,page_view,,2025-03-11 02:13:48,desktop
1533,,c02627d1-fbd1-40c0-9bfe-679afbcbd6ec,page_view,,2025-12-23 14:46:11,desktop
1534,175,8456ce4f-7706-4136-8788-17ecc764032e,page_view,,2025-08-07 12:01:16,mobile
1535,53,9c2d9672-e3d1-403c-85fa-b5ea14072edb,page_view,,2025-08-11 17:22:42,desktop
1536,181,a1731ed8-78f2-461c-bec7-7a8f16a46b83,product_view,26,2025-02-13 22:44:09,tablet
1537,,ab310bfe-f5dd-4f92-a9ea-a9ffbddf2416,purchase,67,2025-11-22 13:53:15,desktop
1538,250,8a08d40e-a239-4ad5-af1f-798c13fd2d26,add_to_cart,58,2026-07-17 09:32:55,mobile
1539,,9cf021b8-4fff-4b59-9462-8786cc502a89,purchase,5,2025-06-08 16:50:32,tablet
1540,,88f7f097-57f2-445f-a751-5d4b0d829d52,add_to_cart,68,2026-07-27 23:30:51,tablet
1541,53,743b9f71-7807-4947-82c2-b367c74d8df0,page_view,,2025-04-20 13:19:07,tablet
1542,218,92ef63c1-781f-4d3f-a7f3-39dc833de3ad,purchase,67,2026-03-09 04:06:27,mobile
1543,241,5a589b67-6bc7-4635-94de-19cdbbdb4536,add_to_cart,50,2026-03-26 12:58:14,tablet
1544,267,4b6c14e4-cc58-4b60-ba4e-8355f5e8a7e1,page_view,,2025-07-23 05:49:09,desktop
1545,,b1eedf64-090b-43ed-aae1-d0bc4a099088,add_to_cart,42,2025-01-29 12:07:05,tablet
1546,98,4dd7962b-bfda-45c9-98fe-b4f3ec40d95a,page_view,,2026-07-07 02:26:18,tablet
1547,168,42ac66dc-904f-4df7-88f7-2c2dba1ad160,page_view,,2025-06-03 19:51:30,desktop
1548,123,94010dfe-7921-4c7c-a119-ceee0fb91307,purchase,75,2026-06-06 05:56:17,desktop
1549,,a8049463-0d36-45e4-92a6-f3e62b48c6e6,page_view,,2025-05-26 03:25:55,desktop
1550,247,bcc4f0db-cf13-4b3d-8ab0-5699fd888cbd,page_view,,2025-02-14 02:25:20,tablet
1551,138,7c193e6f-496c-403a-86fd-01e69fd33d40,purchase,55,2026-07-16 17:39:13,tablet
1552,3,13ad3ead-816e-4f32-a077-5ce4151f62f9,add_to_cart,26,2025-01-07 05:31:13,tablet
1553,81,408669bb-4721-494b-88a4-ae21d9f850e9,add_to_cart,60,2025-07-03 17:26:22,desktop
1554,287,4674a0eb-47ed-46dd-9da4-ec0f21ee0f6c,add_to_cart,29,2025-09-19 11:31:44,mobile
1555,32,bdce4d4d-03a2-4ee9-81c7-d9b3db9c9b7c,page_view,,2025-05-09 18:51:16,desktop
1556,219,e8fe6095-2cb3-4e23-9a94-0c6c1c8e806b,page_view,,2025-09-02 00:09:39,tablet
1557,98,a8be6c80-26b0-42c9-bd2c-f4eb977e3f2c,purchase,1,2026-07-03 20:32:44,desktop
1558,,2ce6f908-cece-45d3-9ea9-09ef7257dcb6,product_view,2,2026-04-13 08:08:48,tablet
1559,86,3c775558-b365-4b7c-8853-bc5542e17302,purchase,61,2026-04-26 16:35:53,tablet
1560,60,8702f4ad-cca3-44c4-ae49-82cf7c239ebc,page_view,,2026-05-29 10:38:57,mobile
1561,247,fbec1ed8-57c4-42c3-8878-9ef0dcacfa54,product_view,50,2025-07-23 00:02:23,tablet
1562,,987593c3-2523-42f6-b7a3-f6a6159b558b,page_view,,2025-03-26 05:19:52,mobile
1563,,d66de2a1-2776-44d0-925c-7d37ef16d03b,page_view,,2025-10-13 05:07:36,mobile
1564,149,69b6f3b7-fe5b-4fc9-80b4-f6d67ef6775b,product_view,7,2025-12-24 23:58:50,desktop
1565,229,a9217ddc-3cea-4f89-a217-3b7fc536d2ce,purchase,13,2026-03-14 04:22:49,tablet
1566,244,2ad3136f-a338-47fa-b9db-138870aff6eb,page_view,,2026-01-09 22:12:22,desktop
1567,205,d7825ea3-bbff-46e9-93e7-e89335fab528,page_view,,2026-04-12 14:48:29,desktop
1568,,43af6c46-a46b-4932-8de8-4b635856e1fc,product_view,49,2026-06-21 08:32:20,mobile
1569,137,0d722918-1db1-4e86-91cc-c8d3c1676505,page_view,,2026-01-11 05:32:47,mobile
1570,145,79ea5621-6614-43a7-b6c9-aeb22ae7dc19,purchase,49,2026-01-09 07:08:46,desktop
1571,94,f2c0a0cf-bf03-48c2-b9ec-958b4d266574,page_view,,2025-04-01 21:05:50,mobile
1572,125,3bd13a43-8853-490b-ac26-4a0cc09f1c91,purchase,2,2026-04-15 00:46:25,desktop
1573,245,63dba8c8-b4a2-4699-aefa-823b613a9ff9,product_view,54,2025-02-21 04:09:04,desktop
1574,59,87cb0e2a-2528-4a1b-833b-66fc797eb3e4,page_view,,2025-12-03 01:21:08,tablet
1575,23,49ee4969-0309-44c0-af4a-bfccdeca8598,page_view,,2025-06-05 15:15:26,mobile
1576,,61cb0527-72e5-4892-8c1c-7204ed5e749b,page_view,,2026-02-15 12:41:38,tablet
1577,107,87beb021-f636-44f5-90d0-f83dadb1be7a,product_view,60,2025-12-11 21:46:04,desktop
1578,105,18ecde2b-0a80-4167-b4b3-f20eaed0fb57,page_view,,2025-10-23 18:28:52,tablet
1579,184,5a947a40-a32e-4ab5-8802-d74aeaef2ec2,product_view,12,2025-07-11 03:55:29,desktop
1580,242,9c48c830-6e89-44f4-9820-10d1f4c873a7,product_view,33,2026-01-29 08:49:40,tablet
1581,212,45c87f41-dbbd-4290-a6ed-caddeb04cd29,purchase,50,2025-10-18 08:44:25,mobile
1582,,cd649aff-445f-4de1-8534-17b555c06c8e,page_view,,2026-05-22 05:03:00,tablet
1583,187,958c9cfd-a783-4a8f-815e-38051928aae5,page_view,,2026-06-15 05:10:10,desktop
1584,171,acdfe0ff-c5ed-4982-b60b-36736422a73e,page_view,,2025-06-20 18:08:01,tablet
1585,,ac00f929-bbfb-476c-bde6-67f9bfc46c0e,page_view,,2025-02-05 23:57:02,mobile
1586,,851b9860-31e6-4645-853f-4f7e96b6a287,page_view,,2025-02-20 03:08:39,desktop
1587,194,fe43541a-b0b6-448c-ad7e-eff756604762,add_to_cart,41,2025-03-30 21:27:11,mobile
1588,174,02b53d3d-8c30-463f-9032-739c2e0f0484,page_view,,2025-05-27 18:02:27,mobile
1589,104,11654cb3-d4e9-4a65-822b-7e76ac3cbe34,product_view,26,2025-08-29 11:39:38,desktop
1590,112,8677b81d-1902-493b-a947-9974030fe73e,page_view,,2025-07-25 00:28:06,mobile
1591,30,59fcfaeb-7229-44a9-af7c-e6091a99aae0,product_view,76,2025-02-23 19:09:46,tablet
1592,34,407c4370-4886-474c-b9aa-06f5382bab11,product_view,67,2025-04-27 00:07:45,desktop
1593,273,9e90d107-0611-4bfe-88b6-f61d316da914,purchase,23,2026-06-24 23:26:10,mobile
1594,143,98197749-f041-44f7-8e8f-d00b178976de,page_view,,2026-07-11 21:51:01,mobile
1595,26,3781d306-d5e0-4664-a4db-04c8a8174c85,product_view,30,2025-02-20 09:33:27,tablet
1596,228,1f2da344-a359-4667-9971-4b2bf3533e8a,page_view,,2025-04-01 08:49:37,desktop
1597,274,161d6acf-1eb6-41f0-b532-1352b54468e4,add_to_cart,4,2026-06-09 02:59:53,mobile
1598,220,603ecfef-2141-4a14-9acc-b00ddb3fb4a2,product_view,45,2026-08-09 11:02:07,desktop
1599,132,a5dd2836-e65f-49fa-838c-2eafa8097a77,add_to_cart,1,2025-12-22 08:01:13,mobile
1600,46,2f4cfefb-f798-48a2-8d9e-84ec90e9e294,page_view,,2025-12-24 19:58:10,mobile
1601,126,2f2bdc13-b216-4b5a-9c60-57fee5605cfb,page_view,,2026-03-20 18:06:08,mobile
1602,258,a9151364-778a-469f-8b68-d94d40da9c7d,page_view,,2025-05-23 03:26:47,tablet
1603,64,7414e3e1-a387-4e92-9362-0119efa9a0a3,product_view,18,2026-03-09 22:04:42,mobile
1604,209,c4f4b844-46c1-42a5-bec8-8839ec35c3de,product_view,46,2025-01-30 03:46:51,desktop
1605,219,aae6787e-e744-4a30-b135-6d676d4ec8a4,product_view,13,2026-06-06 18:01:52,desktop
1606,65,41e0cfaf-52ca-4ced-8526-8f0fc516e394,product_view,70,2025-08-10 14:53:50,mobile
1607,270,46fc4ff2-12f1-48bd-87de-01a929769b0f,add_to_cart,46,2025-01-26 03:11:45,tablet
1608,83,637aa999-61ff-4d9a-8ff8-9e8ac6f06a71,product_view,52,2025-06-26 21:33:30,mobile
1609,,421becca-0f60-40f3-bef7-24105528dc45,page_view,,2026-03-31 18:44:25,tablet
1610,292,2d8cc973-43c1-436c-9013-b7a3f4a29332,product_view,25,2026-04-04 23:25:55,desktop
1611,,fabb6609-7de1-4a85-91c4-194a70c98336,page_view,,2025-11-29 06:09:12,mobile
1612,276,6483b0e7-9c3c-4e9d-b35f-0d14edb7d4e4,purchase,1,2026-04-20 10:36:38,tablet
1613,163,1bc2197e-7df7-4791-a53e-62ba2dae62c0,product_view,14,2025-05-19 11:46:36,desktop
1614,246,6e66a273-c4ca-40d7-8a66-de6724d4d5a3,product_view,56,2025-11-27 21:57:50,desktop
1615,13,1b332e43-a4b1-4f6a-9d2c-e51b37e82d71,product_view,25,2026-07-25 13:26:52,tablet
1616,163,424d9430-b724-49b7-b10b-7fa9e9a0c20d,page_view,,2025-03-16 10:35:29,mobile
1617,56,12068ad6-12aa-4a4b-88ec-a4c81a71064d,add_to_cart,50,2025-12-04 17:34:47,tablet
1618,293,c6f903cf-4027-4514-ba40-662f9243a301,page_view,,2025-05-23 21:29:22,desktop
1619,180,7f695b97-e581-4601-84cd-c4e87225539d,add_to_cart,69,2026-06-30 16:04:15,mobile
1620,158,0038dc84-a3ed-433a-a722-2ea2261b5048,product_view,6,2025-02-27 23:43:11,desktop
1621,3,63f6bf77-aa23-4ba2-89af-9883eed21f94,product_view,24,2025-09-26 09:49:19,tablet
1622,93,546fcba3-b336-4143-a6cf-bf5144352e6f,product_view,58,2026-07-29 17:53:12,desktop
1623,26,00f2baa4-931b-4fae-a42e-3a16e79503fb,product_view,3,2025-05-25 21:28:06,mobile
1624,,c55fa445-f09e-4302-b525-a4d983f023fd,page_view,,2025-06-03 12:22:30,tablet
1625,,6766d37b-6fa1-49a5-ba67-58707d9d2b3b,product_view,51,2025-02-06 17:57:51,desktop
1626,,cff14c0e-c7eb-4d43-ba4e-f72fd8139af7,add_to_cart,3,2026-02-16 23:24:56,tablet
1627,93,39d11950-8a45-402e-91f2-0d9bc90ec689,page_view,,2025-07-13 14:51:27,tablet
1628,61,b0736dd1-f443-464c-a269-9a4400d8c046,product_view,3,2026-01-29 06:07:19,mobile
1629,,1f0733df-7b68-4323-87a2-ee6fd166eb08,purchase,26,2025-01-21 04:57:19,desktop
1630,198,fdd99681-ef5e-4ca5-8909-b0039136e530,product_view,55,2025-05-23 09:27:01,tablet
1631,232,4d862412-ae8c-497b-955c-4e185be2124f,page_view,,2026-04-26 23:07:18,desktop
1632,168,ff3c6d4e-a1dc-4cab-8e21-3ce5668eb10e,product_view,12,2025-10-11 11:06:26,desktop
1633,189,5d87edd2-1735-436b-a5a6-ab3af5757b77,add_to_cart,64,2025-09-19 01:48:34,tablet
1634,253,570e5af5-f5ff-4705-9a74-a05688dd44cc,add_to_cart,47,2025-11-08 09:13:01,desktop
1635,170,c2ad0d97-75aa-4cb0-9757-ad381498d0dd,product_view,36,2026-01-25 23:51:33,desktop
1636,275,33ffb402-a5d5-4bf9-8a3a-bb3ac439dfcf,product_view,54,2025-12-29 18:43:05,mobile
1637,138,f7aeede8-0a11-4bac-8df2-1ad52d36db7e,product_view,38,2026-07-30 08:19:28,tablet
1638,181,4c82c445-30e5-4543-a925-de8562588ce9,product_view,55,2025-06-13 15:09:50,desktop
1639,201,1b552618-e57e-42d3-a3dd-e733b225574e,add_to_cart,67,2025-11-17 08:45:01,mobile
1640,,7c8b7f1e-5bf8-4967-b057-fcd4a1701e8e,product_view,59,2026-04-30 13:17:10,tablet
1641,261,701fb3ea-a1fe-4bc6-a29d-650a15b98c20,add_to_cart,38,2025-09-07 05:47:29,tablet
1642,288,092385fe-23d3-4d22-b080-bed6bc3e34af,page_view,,2025-09-15 10:57:02,mobile
1643,221,ff12fe28-b840-4136-867e-4b72316e8645,purchase,44,2026-07-03 01:09:11,desktop
1644,,638644e0-7d3e-4830-bd0d-5c8f97cb4585,product_view,40,2025-11-23 02:10:08,desktop
1645,17,a4b65cfa-8a61-4e64-8af0-f442102048e6,product_view,69,2025-10-03 14:35:45,desktop
1646,,f7073712-88b0-4b77-bfeb-4cf34ec77371,add_to_cart,7,2026-04-14 07:10:30,desktop
1647,,f7716700-7305-4d23-8fd0-b040d5916d49,purchase,78,2025-07-20 20:38:56,mobile
1648,229,56db638a-097b-4119-8433-fd20feeef3e1,page_view,,2026-05-17 05:09:56,tablet
1649,177,b8943df8-c9ab-4a91-9674-b9e20e5995aa,product_view,1,2025-09-05 20:28:12,mobile
1650,,36308a60-1e41-42bb-a7cf-5ce00af5e4a9,page_view,,2026-07-27 12:47:07,mobile
1651,68,85eb2b3f-aad5-4fb8-a762-b59cce9e5929,product_view,1,2025-11-04 12:30:22,mobile
1652,288,dec56dc3-ad96-4213-b0a9-b97f7557c28c,page_view,,2025-08-03 12:30:12,mobile
1653,72,bdb58d06-2621-432d-895c-167fdfcf338c,add_to_cart,77,2025-09-29 08:27:59,mobile
1654,170,1270c935-ecc0-4aa6-bba4-f2ba94500024,page_view,,2025-04-13 04:03:57,mobile
1655,181,7d283421-243f-45fe-bc47-16ad0970d09d,product_view,36,2025-06-20 14:36:13,desktop
1656,,e83cdff9-78a1-4988-84e1-502aa76180c7,product_view,34,2025-06-02 20:04:27,desktop
1657,195,3e20718a-0bb9-48f6-9e4d-a214eb034c4e,add_to_cart,45,2025-04-24 01:51:39,tablet
1658,115,03ad702e-216a-4bcf-a616-dde4b388300a,product_view,71,2025-12-25 12:41:26,desktop
1659,42,e797f3ae-0cca-4c05-a1f6-19ed2c1882c9,page_view,,2026-03-18 01:29:31,tablet
1660,42,18e824e9-cb2f-4bc3-921b-f7334eada8d3,product_view,42,2025-04-07 02:51:15,desktop
1661,156,d5d9a385-2bb2-4cbc-9c79-4cdb74c88361,page_view,,2026-01-02 11:23:01,tablet
1662,233,d145bd7f-d15b-4a37-905f-86aa974e8f83,product_view,54,2025-05-19 17:15:15,mobile
1663,56,98507072-7f44-4bca-9d3a-e1311b388581,page_view,,2025-07-24 09:00:33,desktop
1664,49,1027fbf7-3877-40f0-9d99-d4c5cc96bf43,purchase,18,2025-03-30 11:33:30,desktop
1665,217,565c1e3f-6d1c-41d6-b3e0-4a38cdf0aaba,product_view,22,2026-03-12 09:22:08,mobile
1666,,bce8e033-fb70-4bf3-95fd-46d7cfbfd796,page_view,,2026-06-11 09:22:36,tablet
1667,,1eece891-5301-4fb9-a6ea-0949adab7b01,purchase,57,2026-02-06 05:49:03,mobile
1668,31,8bbf1b30-9372-42e6-af20-6a9df9d18507,page_view,,2025-08-28 03:03:08,tablet
1669,124,f6f61488-d620-45f0-9253-b6f72328051e,page_view,,2025-08-29 22:31:03,tablet
1670,38,0bab8f53-c3a4-404f-b696-5c84cb08b605,page_view,,2026-05-21 02:09:34,desktop
1671,169,102f4f5c-55e3-4295-ac67-10bd97d46f61,product_view,76,2026-07-07 05:12:02,mobile
1672,215,c1eecd7a-2428-485a-861d-e0171ee92d3b,page_view,,2025-04-13 06:18:27,mobile
1673,118,5eb38ef5-b240-40ca-ab05-61676a478ddf,add_to_cart,68,2026-07-24 19:19:05,mobile
1674,177,3e5f7e23-704c-49e2-aa3d-d7698dac210d,add_to_cart,12,2025-10-26 23:40:24,mobile
1675,,22249813-0a6b-4e3d-94fd-0594ecf91245,page_view,,2025-09-06 14:35:25,desktop
1676,75,a1d78199-d8ed-4649-8a82-673019977e2e,product_view,31,2025-04-20 08:58:05,desktop
1677,,28628b4e-c714-4549-a04a-1fe29cc8f772,page_view,,2026-01-15 16:04:36,desktop
1678,33,14aa3ca3-7ca9-468f-a12f-3b2104005940,page_view,,2025-12-06 10:39:38,tablet
1679,,ed174fdd-2dee-403e-81d9-6e9601a02047,page_view,,2025-09-22 07:03:58,mobile
1680,104,97feb937-a6d9-47a1-b4ec-fe8d16d1f5ca,product_view,32,2026-03-23 22:23:34,desktop
1681,44,b189727f-6a8d-4a70-88a2-a172e30cdee2,add_to_cart,21,2026-08-23 17:36:53,desktop
1682,,79dbf407-c5c6-4b7d-8ad0-4982ceb28a32,product_view,42,2025-01-17 14:51:17,mobile
1683,59,24a167fd-34c6-4a9b-a07c-0594b13e655f,purchase,60,2025-05-10 14:11:35,desktop
1684,232,734eab10-85e9-454f-855c-f668a3cb9e18,page_view,,2025-06-15 18:32:26,mobile
1685,73,2caf3d2f-f026-4418-bd3f-bbec697ae294,product_view,11,2025-02-24 18:19:44,desktop
1686,80,98a547b2-09a1-4b34-b111-84e79c4c37b3,page_view,,2026-07-18 08:57:48,desktop
1687,39,9caf4bfe-7ff8-42c6-b79a-566b2e1482be,add_to_cart,57,2025-08-12 16:45:59,desktop
1688,59,d3946dc7-a08f-41c6-9688-8e84f346bbe7,add_to_cart,46,2025-05-21 20:33:59,tablet
1689,250,6b358d15-590c-4e67-8d1b-6d80c8575c8a,page_view,,2025-10-27 12:36:24,tablet
1690,42,31208bde-3c52-468a-8ec6-1be5012b809e,page_view,,2025-07-21 02:03:22,desktop
1691,27,fa0f01a4-87bb-4f6d-bc92-0c731e14fe04,page_view,,2025-07-01 00:12:50,mobile
1692,194,dcdbf14e-5ca5-4057-9e71-9a56187ebca4,product_view,67,2025-09-07 20:24:20,desktop
1693,18,81ee30e4-8a2b-466e-bc9d-c0d0c2d94cc9,add_to_cart,40,2025-12-21 02:00:46,mobile
1694,258,a05ff5e6-c534-4e41-b6d6-dc3938227b0d,page_view,,2026-02-11 01:43:10,mobile
1695,25,0d95ee72-46c3-4497-b546-9cb1a8c9aa31,page_view,,2025-07-30 09:56:41,desktop
1696,236,26331cc6-cbee-43e3-9cd8-89e231979167,product_view,39,2025-03-12 19:31:56,tablet
1697,123,e9570a2a-f7f4-4477-9802-13baaf6c2278,add_to_cart,70,2026-06-02 03:30:16,mobile
1698,,28e60130-2d23-4ed1-bf5d-21f279731ea8,page_view,,2026-07-17 04:48:42,desktop
1699,,0dd4c0e6-0b09-4fcc-ac34-4cf0ab8e77a1,page_view,,2025-11-18 03:38:44,mobile
1700,193,35a7ac9b-48f9-4d0d-9d3b-c1d3a5159982,page_view,,2026-07-13 11:18:18,mobile
1701,,9de7df7b-5594-452b-805a-8e7e6f46a41f,page_view,,2026-07-03 23:56:24,tablet
1702,,74017bb3-c227-4738-a3dc-419dce1e8d1f,add_to_cart,23,2025-02-02 20:01:52,tablet
1703,,0d6dcb42-bd8b-4603-9abb-574e0b16dac4,product_view,50,2026-06-20 04:25:32,tablet
1704,211,2875ad5d-2d06-4862-8990-779cecc3b699,page_view,,2025-01-10 08:38:57,tablet
1705,45,83d0bae7-7c2c-4bcf-8770-d18fc9160147,product_view,62,2025-09-09 13:50:56,tablet
1706,,3c3c9c08-e523-48a9-9223-d9061db67101,product_view,76,2025-11-10 23:35:36,desktop
1707,95,946b4482-97bb-4fbf-b1df-c82cb8addf54,page_view,,2025-01-24 12:52:25,mobile
1708,,bf4113cb-32e1-4f17-ab47-ed615372ebed,product_view,13,2025-02-21 17:15:13,mobile
1709,223,3ae56c8d-5360-46e7-a5fb-c1c0ad463549,page_view,,2026-07-29 13:17:45,mobile
1710,273,3a4fece7-537d-46c6-9c31-aaf3c76aec88,add_to_cart,42,2025-04-17 06:33:52,mobile
1711,271,699fdb02-bcdd-4b48-bcb3-c9fa191abb3d,page_view,,2025-04-23 21:16:04,mobile
1712,156,e43081aa-6022-43ff-b330-4e33deb0de7d,page_view,,2026-01-08 15:18:11,tablet
1713,203,95c89b2d-7892-4145-92d2-d7e6387d5add,page_view,,2026-02-03 04:10:58,tablet
1714,,6f94da50-e3f7-43a7-8de9-2f1b7c0224e5,page_view,,2025-03-22 08:36:15,desktop
1715,60,9c03d65c-ed8a-428c-b756-999b251adf0e,product_view,65,2026-05-28 15:07:10,mobile
1716,124,5f9cb7e0-6328-443e-ad95-63ed747a4829,product_view,52,2025-04-20 04:53:45,tablet
1717,196,31b42308-b846-4413-b52e-761322eb69b1,purchase,57,2026-07-11 07:57:53,mobile
1718,254,450ab36d-f9be-47f3-9bcc-90fca1cc22d8,page_view,,2025-04-11 07:07:17,tablet
1719,269,083759f8-2090-435e-95fc-f99133c417d5,product_view,37,2025-02-17 06:02:21,tablet
1720,,47d5ac92-0f45-45da-9194-1591b134b58f,product_view,37,2026-01-25 02:30:23,desktop
1721,201,772d416d-da05-42fc-9c71-a82122f1c32b,add_to_cart,23,2026-05-22 15:26:48,mobile
1722,1,c2a59d7b-2bd3-4971-ab10-b78675656daf,page_view,,2025-04-24 02:36:27,desktop
1723,50,4b8fb475-e2eb-42d2-b848-52b657f498e0,product_view,23,2025-04-15 13:38:18,mobile
1724,117,cb68a34e-ca1f-4ff2-a823-442c9a87e357,page_view,,2026-02-11 19:21:52,tablet
1725,213,e7d3f770-9c8d-4ade-b3e8-16b5a353ea98,page_view,,2025-01-28 09:06:41,desktop
1726,276,8d8164b0-f85a-4287-93ff-c45f2b80e44a,purchase,50,2026-06-07 17:35:12,mobile
1727,283,6964eb16-1623-4e87-bacd-c514dae18b28,product_view,30,2025-01-04 01:01:50,desktop
1728,250,dcb913b4-7d3d-46ca-8592-a38fdb62a1f7,product_view,30,2026-02-16 08:15:55,tablet
1729,177,7936931e-9771-480b-b768-c85bfee3dbaa,product_view,24,2025-05-29 21:37:18,mobile
1730,86,03b68657-4777-4e21-b677-a166d644e9ae,product_view,8,2026-01-28 12:00:31,tablet
1731,33,df629d0c-bc76-47a0-ad98-a416bae27198,page_view,,2025-09-28 01:48:57,desktop
1732,75,6f2aec8a-53c9-4acb-bf71-e1ae3f24ba6a,product_view,11,2026-07-11 16:26:40,mobile
1733,,ed6f4ee3-e44e-4cd1-b8ef-a3bc9457f388,page_view,,2026-05-07 04:31:03,tablet
1734,,e9ebd446-2622-40d6-b23d-9820977e5877,page_view,,2025-04-27 16:15:03,tablet
1735,206,6af31899-014c-43a1-a5f3-d46692de0df8,product_view,62,2025-12-09 16:19:06,tablet
1736,267,fdc419b2-0a41-4919-8b52-46f3faed5777,product_view,74,2026-05-04 10:22:17,tablet
1737,30,81145252-c4c3-4368-bbc5-1a50787cb0d3,page_view,,2025-05-19 03:52:33,desktop
1738,,64f22a7c-87f7-47fa-acfa-855f089b5b49,page_view,,2026-02-24 12:13:27,desktop
1739,49,b257e257-cc4a-402c-8f49-94e07ab16533,product_view,69,2025-04-15 00:20:33,desktop
1740,,7ecb002e-73d3-428c-9916-79d3d24025ea,page_view,,2025-11-17 14:47:45,mobile
1741,,c0c9c3ed-8ef9-4060-9545-7c643d922952,page_view,,2025-04-07 06:07:21,tablet
1742,188,68181f5b-bb56-488b-b172-ec53032e2730,add_to_cart,58,2025-07-02 15:05:18,mobile
1743,157,5bc07988-21f9-49e9-b7cf-45f6f32ede3c,product_view,28,2026-05-15 20:24:32,tablet
1744,,ffbb4bcc-a5cb-4f6f-bd33-31644bb8ebe2,product_view,28,2026-06-23 21:28:49,tablet
1745,300,ab45eaf0-7ad3-4e2a-8413-ffc7173a0c96,page_view,,2026-06-28 06:04:08,tablet
1746,,75938f5a-b40b-4353-a96b-e9034e09c596,add_to_cart,2,2026-05-27 02:47:54,desktop
1747,179,956abfdf-bf4e-4e46-9204-79cedba0c89e,page_view,,2025-06-25 04:11:02,desktop
1748,100,76b90472-7470-424c-b9f6-b641063ff61e,page_view,,2025-05-04 08:48:49,mobile
1749,270,b400a5e1-dfcb-421b-a37c-db55c596fab7,page_view,,2026-08-16 01:20:01,mobile
1750,29,df1e04cb-ca34-4e3c-af58-9a8167c5b29b,page_view,,2025-06-17 21:53:43,desktop
1751,191,b432ece9-76dc-46b5-a076-aed65ed3e00e,product_view,43,2026-05-31 08:11:19,desktop
1752,121,a0970ff4-dc42-4980-8059-5e29a226a75b,product_view,76,2026-07-16 04:30:08,mobile
1753,143,b0d508a9-e4b8-4e89-a287-729e12194d94,purchase,28,2025-06-07 05:17:50,desktop
1754,176,4bed523c-085f-44d1-87ea-651b5539562b,page_view,,2025-10-06 02:32:20,tablet
1755,95,b2b3bb39-4510-4aad-80bd-44c06d07ee0b,page_view,,2025-03-10 22:54:50,tablet
1756,131,93423b4f-8add-46f9-9ccc-e19ff2335074,add_to_cart,54,2025-07-03 03:52:12,tablet
1757,97,af4637b3-c9a6-4c37-b507-8c5dcb62f5b6,page_view,,2025-02-08 04:25:27,tablet
1758,120,55f01600-e17f-448d-9ed6-270514b9bb4d,product_view,34,2026-01-02 09:24:03,mobile
1759,285,83c5c510-0e08-4343-aea7-7ea8bc5ad195,page_view,,2025-08-28 03:24:56,desktop
1760,27,5d2e7b90-acb6-4e81-a8f6-0796f200a32c,product_view,2,2026-04-27 21:45:56,desktop
1761,173,620956a8-1c68-4db0-8d33-3496e3528539,add_to_cart,80,2025-02-17 23:41:17,tablet
1762,157,0a76bd91-9e7f-47a7-b721-5daa5d975cdc,page_view,,2026-08-17 19:36:06,desktop
1763,,a5eea4a2-2cde-431f-9dce-8d9b5d96120d,page_view,,2025-02-02 20:28:35,tablet
1764,91,8f8dd995-1127-4cb2-b472-99b68f0ce422,product_view,59,2026-05-11 23:09:28,mobile
1765,48,236e9007-3468-4b6e-8609-0b78b5971e43,page_view,,2026-06-05 02:20:37,mobile
1766,111,8a257159-3d17-4879-95bd-f39efb334e61,purchase,61,2025-07-16 15:36:42,desktop
1767,,bcc4f087-7a7e-4c31-a627-61671d121daf,product_view,16,2026-05-06 23:54:56,mobile
1768,6,df02774d-9482-442f-8095-3c13f06bffa4,product_view,24,2025-11-09 04:49:40,tablet
1769,,c0cffa73-35b5-4ec5-b3ed-8f33f587d26d,page_view,,2025-10-04 03:25:28,tablet
1770,118,5209eaab-39b6-410e-82c9-6b28beb96a4a,add_to_cart,8,2026-02-26 08:56:35,mobile
1771,223,80e9b300-4471-4067-a5de-f08e5a4b4fdb,page_view,,2025-01-15 03:25:39,tablet
1772,,0df1172a-46f2-4f38-ac45-1540ae2356f3,add_to_cart,38,2025-10-02 06:07:25,desktop
1773,284,73d12f3e-5860-44f4-9f70-b9511038f676,add_to_cart,35,2025-06-09 01:07:19,mobile
1774,126,d45e087f-86d4-4ba8-805f-08927c795dd9,add_to_cart,48,2025-01-08 21:52:44,desktop
1775,180,882ae449-b5b7-4c24-b85c-a87b1f69e2b1,product_view,12,2025-05-01 18:44:29,desktop
1776,173,e6426f0b-8869-472a-934c-0a09ada59cb2,page_view,,2025-10-08 00:17:37,tablet
1777,146,5e3ece60-9ef6-499f-b3b4-daf34ad1d634,page_view,,2026-05-22 12:47:58,mobile
1778,34,b177116d-f203-4633-ac5d-d02dccc67ffd,add_to_cart,60,2025-02-09 11:38:52,desktop
1779,69,e214d458-f0dd-4de0-ba63-bde0cf0d3f06,page_view,,2025-11-29 03:23:54,tablet
1780,29,e24c724b-e453-44c2-b037-f0b710ccf85f,product_view,23,2026-01-30 02:46:13,tablet
1781,37,6403c4bc-1486-4c2d-9659-ddcc75373d14,page_view,,2025-07-24 11:35:21,desktop
1782,137,f5504c52-49d2-4ac0-adc6-9c90e5dfc7af,page_view,,2026-08-15 21:36:48,mobile
1783,,2a2e1e6a-1bff-46f4-93b2-d1abf4e580aa,purchase,31,2026-05-07 13:54:59,tablet
1784,299,25e050f6-b273-493c-9cad-a48a46a42ee1,product_view,55,2025-06-27 06:06:44,tablet
1785,119,344a21b7-dfff-4cea-a687-0a987f0f6662,product_view,12,2026-08-06 09:06:14,mobile
1786,278,05cf079e-a095-4c4d-b3bd-2348854bc8fa,add_to_cart,25,2025-01-17 22:36:50,mobile
1787,157,aeb1fcd3-f836-4a87-aaa2-25714b0d2716,page_view,,2025-06-02 10:42:22,mobile
1788,91,7951d52b-21cc-4ba7-ae85-4c728a9b7b20,product_view,25,2025-10-04 14:55:54,mobile
1789,154,bcda835f-71a0-4ff8-ab8d-a34058c158e2,product_view,69,2025-08-24 08:40:12,desktop
1790,190,3066478c-4aa0-4842-857f-dd20a50a0a29,page_view,,2026-06-24 13:52:51,desktop
1791,131,cd4f2875-df2d-4f20-85a4-3113101d759e,product_view,65,2026-03-22 13:10:44,desktop
1792,,8505d91d-f28b-4fb9-95bf-1edb3b79da1e,page_view,,2026-07-30 06:25:46,desktop
1793,69,9425fc3a-6964-4112-95fc-0f2ba50939f1,product_view,44,2025-01-22 16:22:31,desktop
1794,12,c96d525e-a563-4cf4-a7df-eb9257c13f7e,product_view,45,2025-06-17 20:22:07,tablet
1795,268,aa757eeb-97e6-42d6-bc74-38955388d128,add_to_cart,48,2025-10-06 17:27:42,tablet
1796,128,8c68720e-d787-463d-87b8-f95cb265a6c2,product_view,78,2026-03-09 10:19:03,desktop
1797,50,913767ab-4dd8-4715-b53f-f3e271fc5136,add_to_cart,61,2026-02-19 11:56:49,mobile
1798,64,4e7674e9-ca12-4a49-a5f5-cdc821c7c0f6,add_to_cart,67,2025-07-26 00:09:53,mobile
1799,175,3a0e618f-428f-4941-8a0d-72ce2bf6f6c4,page_view,,2026-07-18 18:31:10,desktop
1800,141,49c3f48b-f881-4f18-9f34-fd6c7bf75b57,purchase,79,2026-02-16 13:44:12,tablet
1801,221,25f98046-0c1d-480e-9873-9636c50e5194,page_view,,2026-07-06 22:15:23,tablet
1802,9,f4ca6e70-74b7-49ec-88cd-42c05a66219e,page_view,,2025-04-20 16:39:35,tablet
1803,12,29298691-ec93-443d-9e5e-8cfe2a96c526,add_to_cart,56,2026-08-22 01:52:28,mobile
1804,226,2ea9ef6c-4905-4b93-890a-83b4b639529e,add_to_cart,11,2025-01-27 07:49:26,tablet
1805,230,b546c5c0-d6de-40c5-ace4-599df92408c3,page_view,,2026-02-06 17:29:31,desktop
1806,167,cb618d75-aa96-4dfb-a79b-265ab15f3994,page_view,,2025-12-13 02:47:16,tablet
1807,217,1dee4b6d-3ce7-4d1e-a947-fd26274ac7a7,purchase,13,2026-01-29 17:53:28,tablet
1808,289,931414e8-510e-441f-be67-e8e90a88e6ca,add_to_cart,24,2025-07-29 10:20:35,tablet
1809,189,5ea2d56b-42aa-4bc7-b0de-13fc2060917a,product_view,56,2026-08-13 18:49:40,desktop
1810,,b506c24d-8fff-49f7-b485-0fcd2f3b2b18,purchase,36,2025-11-28 00:36:20,tablet
1811,210,fa5fafdb-5123-49fa-aa61-b32f08e1624e,page_view,,2026-08-14 08:20:58,desktop
1812,24,72cc3fc5-5f77-4a7a-a5df-ac0758065bae,page_view,,2025-09-28 06:28:43,tablet
1813,242,889cd33d-299f-4f30-b9b8-1e658a34b26b,add_to_cart,69,2025-06-21 12:03:22,desktop
1814,,06617f95-eba1-4fa8-9f19-f85b4d330569,purchase,17,2025-12-05 02:01:40,tablet
1815,276,c4bd9b59-7fd9-496f-ae5a-88566791659c,page_view,,2026-05-18 15:34:36,tablet
1816,,ed850a6d-7542-4851-b2a2-4da42537e0d6,page_view,,2025-11-05 18:43:12,mobile
1817,128,f85bc2d3-0119-4e6d-a7f3-1b7851f9cd77,product_view,37,2026-08-10 08:54:06,tablet
1818,287,81e58eee-f9c0-4d4d-8bd0-3267bd0e01ce,add_to_cart,50,2025-07-20 11:45:46,tablet
1819,10,4ba99d78-b498-45d0-a5b1-c79954cecee7,product_view,11,2025-01-23 02:53:35,mobile
1820,296,f83811c5-4a32-4d2a-a55e-c749795235ad,page_view,,2025-12-08 03:03:37,tablet
1821,1,fe7b178d-fb0e-4c28-8110-bcfef1aa9ba0,add_to_cart,65,2026-01-13 05:22:03,tablet
1822,180,ccb1063d-25a7-4338-aab9-278d92dfcf99,product_view,61,2025-02-19 07:52:22,desktop
1823,76,ec1b55dd-e829-46cf-ba81-d86090b3032d,page_view,,2025-07-18 15:22:52,mobile
1824,145,1cc0b764-b06b-4fca-96b4-05d7712dd406,page_view,,2025-09-22 14:40:17,tablet
1825,194,0a42be3f-e671-4582-ba9e-8394bb4ccb14,product_view,32,2025-08-27 03:49:16,tablet
1826,,1deb979d-8d0b-46d7-ad91-f45623b13ebd,purchase,26,2025-08-16 13:29:59,desktop
1827,46,9e15ebcc-66d1-47f6-8659-010a4ede79b6,product_view,7,2026-04-05 08:00:14,mobile
1828,155,5b7e24ca-722b-4439-b869-d3c9d743b5a8,page_view,,2026-01-01 16:47:02,desktop
1829,89,9bafcc20-0e16-4f3f-938c-c0ca17acd7e9,product_view,18,2026-02-02 08:55:13,desktop
1830,161,86c45e42-955b-4346-b1f5-5560a42d10f5,product_view,66,2026-07-22 22:02:38,desktop
1831,136,c4605896-ef87-4f0d-8802-2f8e38de6b6e,add_to_cart,48,2025-10-07 10:26:38,tablet
1832,147,15661feb-05c5-4f8d-b21a-6c3f47263c24,add_to_cart,43,2025-05-22 21:23:16,desktop
1833,229,ad5406bc-7209-4a7b-9975-a56289d56357,product_view,33,2025-01-29 08:44:20,desktop
1834,215,f9d09e26-165e-45b5-b526-d3b0abeb35d1,product_view,37,2025-01-26 09:39:12,mobile
1835,,7d8f2350-31c7-4a44-a4f8-f226830481c2,add_to_cart,54,2026-04-24 12:54:50,mobile
1836,228,82f552c8-9ae6-4149-9a69-78cf51589375,page_view,,2025-11-02 03:12:49,mobile
1837,242,aab133ba-e88f-4ab5-8e59-22e9f182cdf7,add_to_cart,27,2025-03-02 22:38:45,tablet
1838,,b74966cb-25df-48fa-a5c6-5c7b5c6ebf5a,page_view,,2025-02-17 20:47:18,desktop
1839,210,62d846d0-5ea0-41cd-ad79-d8bfda92e740,page_view,,2026-01-01 18:25:53,mobile
1840,149,584cb0f7-48de-48be-831e-ef965f71dcc4,product_view,44,2025-09-08 19:07:36,desktop
1841,217,72114575-fa3e-4d03-8ede-ae5f59f2674c,page_view,,2025-12-17 06:33:51,mobile
1842,67,3737cc38-166c-4d33-8f9f-dc15dfd23d15,purchase,56,2025-02-02 22:59:05,tablet
1843,7,bdd4c1f2-71b8-4ce0-a347-2e25ba5498fd,add_to_cart,5,2025-09-24 16:58:53,mobile
1844,293,7147f758-cdbe-4548-aa65-66e8fe1ad905,product_view,9,2025-03-03 08:56:20,desktop
1845,186,ba5e4066-ce40-424a-a9ee-29f449e3eb48,add_to_cart,10,2025-03-22 21:50:44,tablet
1846,257,ba85e403-6c80-444b-a5d1-36e2f8698e93,product_view,52,2025-11-18 02:55:31,mobile
1847,163,d5e4157d-23ba-4528-aa08-9aa0e57c5c02,product_view,58,2025-10-11 14:37:43,desktop
1848,,24c58b47-1609-44d1-9912-509096516ec2,product_view,61,2026-04-05 15:28:32,mobile
1849,210,fd06a179-7980-4efa-8da0-8e483531518a,product_view,1,2025-10-15 16:48:17,tablet
1850,205,55dddf38-fc94-44ae-867a-211ade162c17,product_view,50,2026-07-15 05:21:41,tablet
1851,191,9736bb4f-f5c8-4e3c-aee3-1d4710ecf6ae,product_view,48,2026-02-18 12:29:29,tablet
1852,9,01b1c626-16a4-4bfa-a032-9ee6c190b0cf,product_view,80,2025-03-11 10:03:25,tablet
1853,,45f8e14d-ea16-4e6e-a388-ca3268d26992,page_view,,2025-08-26 00:07:53,tablet
1854,,764d7e7c-8e49-40f9-acc5-c9de6a1d9731,product_view,64,2026-03-09 10:24:16,mobile
1855,247,ea350f17-c157-4761-9162-f6dbb5d2bf7f,product_view,80,2026-07-02 15:22:35,mobile
1856,35,d5108bc0-2f9e-4ddb-b302-8b32230da680,page_view,,2025-12-30 02:26:52,mobile
1857,273,7d9704fe-8dca-4908-8a1a-421961bba5fb,page_view,,2025-02-03 11:13:33,desktop
1858,125,4d4f6814-d385-4240-92a2-f8390acfc6ac,page_view,,2025-04-03 09:13:24,desktop
1859,257,7e7d5e88-4dcd-4534-95d0-3545d5a76023,page_view,,2025-09-25 16:34:24,desktop
1860,66,397a284f-76a4-479b-bd67-34588f2d0b17,page_view,,2025-12-02 22:03:11,desktop
1861,9,276e1d67-00a0-486e-8a8d-5d5a06defca8,purchase,22,2025-08-20 18:22:12,desktop
1862,183,a3fb6d0b-f4be-48b4-8cd7-e6f7433ecd2c,purchase,69,2026-02-21 15:03:33,desktop
1863,255,1fca0f16-78f8-455f-a2f5-a68bd590f435,product_view,13,2025-07-28 03:16:59,mobile
1864,40,49a5fd0d-e487-4ab3-aa79-4de7a7604977,product_view,25,2025-01-09 05:08:47,desktop
1865,101,e8239943-7dec-4605-adeb-57f96acac954,page_view,,2026-03-05 11:35:17,tablet
1866,179,07480379-3ea7-4419-a510-af65b0167db8,page_view,,2026-06-24 19:35:12,desktop
1867,61,7e388a19-46f7-420a-83c4-95061e8e06ed,product_view,78,2025-12-02 12:30:53,tablet
1868,30,9950f11a-1114-40da-b87a-e6defe8c9aab,add_to_cart,67,2025-11-07 02:45:58,mobile
1869,284,7b011fdd-94c0-49e0-9c9c-4570bedd62a7,purchase,43,2026-01-05 18:53:23,mobile
1870,177,42067d80-de4b-4b12-afa2-2f9290c97f00,add_to_cart,23,2025-08-09 19:35:21,mobile
1871,50,f9690579-79dd-4dd4-af97-fbd2a0c45942,product_view,40,2026-06-30 20:49:25,mobile
1872,22,5f8a2e3c-1e9d-495b-917a-d9bdb1ba0bea,product_view,26,2026-06-30 02:22:03,desktop
1873,97,047dd583-9344-4b2f-bba3-16688334e524,page_view,,2025-06-27 11:21:02,mobile
1874,,94e74f26-29b0-4b37-8271-0779d864465a,product_view,48,2026-08-12 16:52:07,tablet
1875,27,7606fa34-51d6-4f11-a569-3e130efa8993,add_to_cart,14,2025-06-27 02:18:18,tablet
1876,242,5b7d9d2d-22af-4503-b17a-ff6de0d96670,add_to_cart,38,2025-04-03 03:10:23,desktop
1877,46,5c75352c-45cd-496b-8d8a-16f329ce9bfa,page_view,,2025-03-27 12:06:00,tablet
1878,101,f4852088-e97f-4025-a2e1-17986b65450b,add_to_cart,9,2025-11-25 08:08:08,mobile
1879,,4aaa7f99-4a34-441e-8c78-947b5b21c9f0,add_to_cart,38,2025-01-11 16:22:33,desktop
1880,52,13aae9c8-efb2-48fd-a391-ffdb8794ac7e,add_to_cart,79,2026-02-22 13:07:39,tablet
1881,161,a0c69223-c435-4252-b19d-d940838cc137,page_view,,2026-02-21 15:44:03,mobile
1882,157,99487f82-1831-4802-83c2-aee62ee94ed9,page_view,,2025-11-07 04:21:26,tablet
1883,95,52965cf3-8b30-4b4c-aac9-6b60c0ac430a,product_view,13,2025-05-25 14:48:15,tablet
1884,137,d85195ac-d3aa-4b27-90f3-2ab5df586eff,page_view,,2025-02-26 15:10:53,desktop
1885,53,457e55cb-4d13-4338-8cc4-c0a9af5a01cc,page_view,,2025-04-18 13:55:27,tablet
1886,48,5cce495d-b037-4c52-b2ad-ffa6af793d4a,page_view,,2026-06-24 23:10:20,mobile
1887,,5a0461c9-947d-4fcf-88cf-c53d188889ce,page_view,,2025-05-07 14:43:38,tablet
1888,,230f1e69-034d-42fd-a4ca-abcbd2c4c286,add_to_cart,17,2025-06-05 03:02:53,tablet
1889,183,c75ff368-5f7d-4bb1-880a-fe9f84a6d693,purchase,52,2025-06-24 23:40:47,desktop
1890,292,ebc095f5-571e-4230-a978-78c17c2257a0,add_to_cart,19,2025-02-01 19:15:47,mobile
1891,255,37c6bc5d-1a38-4e8e-a9bc-4734e92966be,product_view,12,2025-01-04 00:24:17,desktop
1892,72,d4e20134-389a-44fd-80dd-b3862790e92f,product_view,46,2026-05-20 04:42:54,mobile
1893,234,8f040721-e5a5-429e-8b8c-1d76303c1503,page_view,,2025-07-26 05:44:56,mobile
1894,,f3d6b9f2-d4d7-40ca-b08d-16769d09a404,purchase,60,2025-10-01 20:20:50,desktop
1895,66,b6697d0a-8837-4bbc-9898-06fd86912efe,page_view,,2025-07-15 20:15:41,desktop
1896,75,cd75e6de-c19d-4186-b3c7-a1a88d15baef,product_view,12,2025-10-30 12:11:06,mobile
1897,23,ea8104ad-75e2-42fa-aad7-34531d2cec89,page_view,,2026-06-09 23:23:36,mobile
1898,76,21986e3c-d19f-4f31-9dd7-3f1f138ef8cc,add_to_cart,67,2026-02-14 00:34:48,desktop
1899,,592448ee-7ac1-44f9-8472-f9f6ec6494e0,product_view,23,2025-07-06 09:32:40,mobile
1900,184,23966b83-5cd1-4b22-b0e8-b2fa4fc34759,add_to_cart,62,2025-09-27 16:25:33,desktop
1901,175,fcd2280e-e3c5-4ba8-b122-d7a0d12972d3,page_view,,2026-08-17 00:50:53,desktop
1902,258,f859396d-c37a-4ab0-85eb-43c898ff805c,purchase,75,2026-06-02 12:01:56,desktop
1903,133,4dffc9aa-b5bb-4bce-ac15-c4ad57904515,page_view,,2025-04-07 14:09:37,desktop
1904,182,1e5c5da8-d087-4dcb-be94-f1cb075cc8eb,page_view,,2025-05-18 08:01:48,tablet
1905,272,b1b9fd9d-db58-4dd9-a0f3-6e9238ec71aa,product_view,66,2026-03-30 13:52:07,desktop
1906,122,4eb39f63-3a00-483e-b023-dbc32471a957,page_view,,2026-02-03 23:59:36,mobile
1907,66,fb29ff36-2155-4ba8-b5b8-23e420168e6d,add_to_cart,18,2025-01-24 03:12:38,mobile
1908,100,c355853e-b0d9-451c-acc0-067f141f746e,product_view,2,2025-10-14 17:32:55,tablet
1909,229,04d07f29-13e6-45fd-9c99-d366c8b62c18,add_to_cart,11,2026-08-15 22:24:21,mobile
1910,9,6e663c0a-c1e0-44a1-bbf8-20f6c6523c3d,page_view,,2025-05-05 09:20:00,tablet
1911,166,08651a6e-1b99-4b83-b244-0f070ae263e0,product_view,72,2025-06-22 20:44:10,desktop
1912,63,97da64cb-8373-4f49-a8e7-ebe3cb05aa14,page_view,,2026-07-31 01:44:22,desktop
1913,226,e8956041-1e71-4fa9-b815-c7df0f2c01b7,page_view,,2025-09-03 21:25:39,desktop
1914,210,4d38a8d0-10f5-4651-8b14-7f1f40c56cf6,product_view,8,2026-08-01 12:03:54,tablet
1915,202,18b475b1-c12a-44f4-82a1-3629aae6f1a1,product_view,72,2025-09-19 18:35:16,tablet
1916,271,9a0f09e9-eb8b-4c11-9fb0-ef34c8497436,product_view,53,2025-12-06 13:50:07,tablet
1917,86,3334cd07-e6b3-4561-966d-273534952c00,page_view,,2026-07-02 06:45:23,mobile
1918,85,077d8688-59fe-4c45-abac-7bf82f4ddc9b,product_view,1,2025-04-24 19:11:07,mobile
1919,,bf06d520-d88a-417b-a543-38df173d5030,page_view,,2025-02-12 15:54:10,tablet
1920,219,946a95a6-f2e4-41af-8702-1755f11cc0a4,product_view,39,2026-03-09 17:39:24,desktop
1921,258,daea544a-291a-4905-9a29-fe6b590bd0c6,page_view,,2026-02-13 10:08:29,desktop
1922,113,9ceab67b-ba82-454a-87e2-a618802993b1,product_view,35,2025-10-15 20:55:05,desktop
1923,244,117e894e-91fa-41c7-8141-bb373de814ac,page_view,,2025-03-23 08:24:44,desktop
1924,42,c363f61f-9400-4191-91d0-6bcd195efd72,purchase,42,2025-12-19 12:00:21,tablet
1925,258,b73f6e64-378d-4f8d-8761-f9da039479c1,product_view,63,2025-10-09 19:34:04,tablet
1926,142,2bf95861-4827-4440-b6d9-fe1731094211,page_view,,2025-03-07 23:09:36,desktop
1927,198,011bb348-8981-4f35-8107-50bce6d33572,product_view,21,2026-03-15 16:09:24,desktop
1928,61,ec9a799e-1943-4791-b9b0-7ec4f93c8859,add_to_cart,80,2026-05-20 15:27:07,desktop
1929,138,d9ee9678-8112-40ff-aba4-646336c9b657,product_view,46,2025-11-22 02:37:09,desktop
1930,224,b2b8d698-5dd0-455c-b986-f498b52f80c9,page_view,,2025-04-25 22:15:34,desktop
1931,219,ac6c2e1b-708d-4094-af64-672f96e1a522,page_view,,2025-01-09 01:48:50,tablet
1932,180,d5b1a96a-2e4c-46e2-9b79-9e6bf52ef4a6,product_view,24,2025-03-04 04:00:51,desktop
1933,20,6c914882-612e-43c7-bb36-8cf45ad5a309,page_view,,2025-12-02 20:57:25,desktop
1934,80,685707ac-3a40-4e39-83a5-f42136daa93a,page_view,,2025-10-15 05:15:50,mobile
1935,278,5074ac13-fc0f-44cd-82eb-baa21ce370ed,add_to_cart,28,2025-11-09 21:51:09,mobile
1936,211,850cddfd-1c3d-4e19-b745-55601fa54251,product_view,73,2026-06-17 09:14:57,desktop
1937,26,5c7ae8ef-c324-4e35-beed-cc6522cb2720,purchase,65,2025-02-04 09:59:51,mobile
1938,101,b8ddf15d-8ea0-45f0-89cc-253fb4693ec4,add_to_cart,71,2025-01-06 02:37:15,desktop
1939,225,7e63f654-53ff-4f1f-950e-33880a6552a5,product_view,48,2026-06-24 14:31:55,desktop
1940,249,74fa65ce-489a-427e-a281-03f01d9fff25,page_view,,2025-12-21 11:52:48,desktop
1941,9,afe2487f-4fdf-4f5d-bc75-ed5399b32070,page_view,,2026-08-23 05:36:56,desktop
1942,,39d2d74a-71a7-4782-9751-af9cf9e6debb,add_to_cart,63,2025-10-01 14:40:08,tablet
1943,254,fc267da6-4a64-4fc1-a843-a5c38dcd6e9b,page_view,,2025-12-07 07:30:28,desktop
1944,154,db558642-3054-466b-ad8e-e559daf93e99,product_view,9,2025-04-20 21:49:11,tablet
1945,,cd6c78dd-d74f-4844-a50e-a3ec11d1e7d5,product_view,45,2026-02-23 16:10:54,tablet
1946,79,5e10a3a0-addb-4943-b067-ad8279c5f45a,add_to_cart,47,2025-02-13 06:12:55,mobile
1947,183,ac95adb1-ffac-44fd-8345-eeda2de66d5b,purchase,28,2026-07-25 08:57:10,mobile
1948,233,65787d0c-1aec-4b70-ac0e-73077ddcaaf6,page_view,,2025-11-24 19:59:21,mobile
1949,,ad3053ce-a896-4e70-85cd-338470249792,page_view,,2025-07-06 15:10:28,desktop
1950,190,65125d2e-24b3-4c8e-9e85-0f8015c2f297,page_view,,2026-06-09 09:43:15,desktop
1951,2,fa42156e-972e-423e-b1ed-f3d3668f5032,page_view,,2025-01-23 17:29:39,desktop
1952,,e476231a-ecdf-4364-bdce-7f651a0a7680,add_to_cart,73,2026-08-07 03:38:34,tablet
1953,234,5d1c1906-1090-4c9d-ab31-71dcfa549893,product_view,48,2025-03-12 05:34:37,tablet
1954,142,334477eb-56b0-4052-b2f7-5350f9a732dc,page_view,,2025-11-11 21:59:29,mobile
1955,52,677f7c73-fd9b-4af3-9812-5123984f5a56,page_view,,2025-10-10 22:34:13,tablet
1956,,6cb96a2c-d68e-41f0-bb9d-58321f6d5768,add_to_cart,32,2026-06-14 23:27:02,desktop
1957,244,c3cb0c28-474c-4a29-bfc5-ae23b9a6bd75,page_view,,2026-04-01 15:48:54,desktop
1958,164,97f971d5-94f8-4e6c-8416-c07cb6a787b1,product_view,5,2026-05-08 00:40:56,desktop
1959,135,cd0d4d73-ca1c-4218-819d-11c545e18b77,product_view,27,2025-11-10 08:06:23,desktop
1960,253,5b29317a-6675-45e2-b177-3294a4d21eae,page_view,,2026-02-25 20:31:22,mobile
1961,2,f33c4c36-9a69-4cad-aaab-583079cfc04f,add_to_cart,35,2025-02-25 17:43:35,desktop
1962,124,82ec0fc3-7c0a-4867-bcce-521367899d92,page_view,,2025-04-26 12:35:21,mobile
1963,238,7462f144-c49b-4e62-a5ba-4f0347656069,product_view,7,2025-02-18 03:59:50,mobile
1964,130,7d457a09-402d-45e8-9f47-d9021ba84a91,product_view,30,2025-10-22 22:22:31,desktop
1965,37,f14152c7-a0dc-4c7d-bb17-23197f4d55b9,add_to_cart,34,2026-07-04 17:36:46,mobile
1966,,bce05a63-197f-4b8d-879b-f5e62275b1e2,purchase,60,2026-05-28 12:15:40,desktop
1967,115,7f85c4e7-1177-4f21-948f-5ba30d87bc72,page_view,,2026-05-15 11:15:03,mobile
1968,169,2dd93719-f8d9-4f33-86d9-03c0ad987301,add_to_cart,48,2026-04-24 07:47:28,tablet
1969,78,53b3618b-ade0-4648-9ac6-030661f43c2b,page_view,,2025-05-29 19:31:47,desktop
1970,179,9f8c2c51-9f39-46a5-8d81-31f52719bfdb,product_view,75,2025-12-19 17:41:38,tablet
1971,250,a93c9413-1396-4289-829a-988f18a95210,page_view,,2026-05-29 03:33:28,tablet
1972,23,7e000029-c47f-4b05-851b-5f38c0697f1d,page_view,,2026-06-28 09:33:25,tablet
1973,100,4b26f0a3-33b1-4ca4-b74d-34f5caf07226,page_view,,2025-09-02 07:46:11,tablet
1974,155,813a3aa5-7d81-4c21-bf76-4fcea97ef131,page_view,,2025-11-04 00:39:51,desktop
1975,,cf3a2f8d-57f7-41e3-8add-397642fc7edf,page_view,,2026-04-01 23:04:07,tablet
1976,,04860bee-8bef-4a76-8a60-1b92dc137c04,product_view,64,2026-05-16 08:56:25,desktop
1977,,fd9f45f4-0816-4739-8393-3447f3dc50bf,page_view,,2025-11-24 20:49:20,desktop
1978,266,1e7f92ad-ea39-43ff-a14f-ea786e2f1d3b,product_view,64,2025-10-18 13:34:31,tablet
1979,19,da55f825-5086-4384-b33a-c54f62359144,page_view,,2025-01-27 06:57:09,tablet
1980,52,09360f02-75ac-4819-b14b-5c03605797cf,page_view,,2026-04-17 12:40:04,tablet
1981,21,a8cf2936-8e81-42f0-ad47-4c4f08697ffa,add_to_cart,57,2025-02-06 13:57:09,desktop
1982,139,e27bb6c4-4d94-4434-8785-9c05dc409942,product_view,63,2026-07-11 15:44:45,tablet
1983,271,6e411e23-7dd1-4b8f-aa05-5b69b4c04bdf,page_view,,2025-04-11 14:29:09,tablet
1984,,639ac771-b739-428a-8ffd-5b7a226dd24f,product_view,47,2026-08-16 08:36:18,tablet
1985,300,91a07ef2-1c00-4554-8396-3bf97cc9d887,page_view,,2026-02-16 09:06:06,desktop
1986,220,8dc4c81f-a8fa-4904-bd94-ed9facce693e,product_view,31,2026-01-12 12:57:47,tablet
1987,209,78460474-927c-4ea7-8a15-9e92af74ae63,page_view,,2025-03-01 16:32:46,mobile
1988,,2803feb5-dab6-473d-8fef-f87b79d54e9f,product_view,35,2025-03-29 07:46:41,mobile
1989,55,436d977b-6431-4bbe-8e44-c9dc81b61c87,add_to_cart,79,2025-01-08 02:42:33,desktop
1990,,60b759a9-f88a-4c64-974e-bb877ea413e5,product_view,40,2025-06-18 17:55:52,tablet
1991,117,c4376d89-5a4e-49f3-ad2e-4db89defc23f,page_view,,2025-08-19 11:25:10,desktop
1992,291,0fb97b5d-520b-48f6-88d0-e602fa4ffba8,page_view,,2025-03-06 09:45:31,tablet
1993,101,20d1968f-0b8c-421f-9728-9c5e0734a403,product_view,2,2025-02-22 16:36:45,tablet
1994,187,cf3ee4aa-594f-4d27-9dcd-0d40d6415102,add_to_cart,56,2026-01-09 20:24:54,mobile
1995,13,c3e3c148-06e2-4861-957e-dc3cbdf774c8,product_view,44,2025-07-05 15:06:45,mobile
1996,242,616d41c8-575c-4669-a00a-06e6e42f0c28,add_to_cart,34,2025-03-11 05:09:05,tablet
1997,268,fdf02450-585b-4b17-ad9b-1eb118ebeed7,page_view,,2026-08-21 03:46:30,mobile
1998,66,0e737523-59ec-4846-a974-37ea5b7c57e8,purchase,22,2025-03-19 09:36:23,tablet
1999,166,3c10316d-3f63-4065-be85-c8c4a9470663,add_to_cart,49,2025-03-26 03:56:22,tablet
2000,280,15bebdd0-97b0-47ce-8fe5-c13ba5e8c198,product_view,19,2025-12-08 22:31:33,desktop
2001,164,de72d970-10c4-4f9e-b020-321be90f4137,product_view,34,2025-10-07 13:44:45,desktop
2002,93,2b76a718-566c-43cc-9d4d-fdb14e0ebe2e,page_view,,2025-11-21 10:12:01,desktop
2003,57,0991946d-537c-44b0-89d5-af23050bd848,product_view,69,2025-12-17 03:06:24,mobile
2004,231,6c27316b-dd05-4827-a863-782e75fe2857,page_view,,2025-01-19 12:18:39,mobile
2005,,6bd1f826-e6c2-4bb7-83c7-4cbe916baf87,product_view,70,2025-04-13 21:35:40,mobile
2006,220,783e40ab-b22a-45a6-8539-1557444122a5,product_view,13,2026-07-04 10:10:29,desktop
2007,134,51071545-fc5b-44bd-85b1-49a096867676,page_view,,2025-05-18 06:02:13,mobile
2008,134,528a34f3-63ea-40a1-9202-b09c60b36938,product_view,32,2025-07-23 08:50:41,desktop
2009,31,7d05121c-ceee-4d65-9904-8ca79291e493,add_to_cart,15,2025-07-09 16:07:33,mobile
2010,200,34b6685d-acd4-480a-b0dc-75fb199d5089,page_view,,2025-01-02 18:30:05,desktop
2011,203,cfbba84a-80b5-4013-bf29-c9e75601f6a5,purchase,60,2026-05-10 01:40:56,tablet
2012,216,2aa814da-56ec-4e55-aad9-e93dc3d0bde3,product_view,62,2026-03-22 03:56:49,tablet
2013,239,f82c6ad8-5d03-4a06-8cad-66c59d655c03,page_view,,2026-01-18 00:05:38,desktop
2014,248,a2ac7896-7f38-4a3e-b3a6-74036f9d1d74,product_view,9,2026-03-03 06:45:19,mobile
2015,22,13483fb3-c982-4300-b95f-17e6d8eae31b,page_view,,2026-06-21 18:47:32,desktop
2016,154,36cdf42f-892c-4b33-99af-8224d7232ce3,page_view,,2026-02-04 20:54:35,mobile
2017,,4c1d2e43-0c2b-43e4-83e1-346d49902258,add_to_cart,21,2026-02-01 10:49:37,tablet
2018,206,cdfa76af-66eb-43b0-92d2-408eff08c739,page_view,,2026-03-16 17:00:45,desktop
2019,,f53ba020-be2d-48c8-9fe3-f82439d3a9cf,product_view,52,2025-02-07 11:45:23,tablet
2020,119,94047909-d81c-41a0-b7bb-a2aa178a8c73,product_view,3,2026-02-01 09:06:30,tablet
2021,,45fb3e8a-563b-44fa-9784-713d18407642,product_view,63,2025-01-16 08:21:16,desktop
2022,,87f3c9a4-cd1a-410d-9101-71d21138978b,add_to_cart,15,2026-04-07 01:55:57,mobile
2023,192,58e9bbad-35b1-473c-ad56-cfd579ab3018,product_view,13,2025-07-12 14:27:29,tablet
2024,,d2e08e57-a6cb-4dda-93a0-181bcbafd542,page_view,,2025-01-12 16:50:03,desktop
2025,,4cc6d67e-cddb-4f9e-8130-0e684d45d885,purchase,32,2025-03-10 21:47:08,mobile
2026,204,5037e669-8a3a-4129-a9d8-4c4f6ed338be,product_view,44,2025-06-25 14:37:09,mobile
2027,,4052e3a5-66fd-4215-aa10-7fb733383ec9,page_view,,2026-08-09 00:54:47,tablet
2028,234,abeb5f49-7406-4a32-83ef-3ce99ffda1e7,page_view,,2025-10-10 18:43:43,mobile
2029,,e182701b-2e3b-4b69-8c2d-0e27c370f2e2,add_to_cart,78,2025-08-26 07:14:41,desktop
2030,258,84274378-b40d-4aef-a0ba-614204c32fed,add_to_cart,25,2025-03-26 00:09:18,desktop
2031,123,7fcbcf31-93ac-409a-afc1-0403dcda8cc1,add_to_cart,42,2025-03-28 17:28:36,desktop
2032,130,d2eba277-f64d-4de0-a92a-988036841339,page_view,,2025-08-11 12:34:00,mobile
2033,,4497734d-77a0-4a7f-b027-8488be015802,page_view,,2025-03-25 11:04:39,mobile
2034,46,cf1643a0-8860-4b56-a34f-2452efe9e8c9,page_view,,2026-07-11 08:54:12,mobile
2035,,e8266484-c4e4-4e52-9a4f-706b9d4ac78b,page_view,,2026-06-10 23:06:42,tablet
2036,290,ba0371f9-90ed-41d3-af44-4cf56f089155,product_view,29,2025-12-14 21:57:03,desktop
2037,,335dab46-85b3-45aa-8f54-6781a0733e57,purchase,11,2026-05-13 00:58:36,mobile
2038,,3d8925a9-25d2-47d0-b665-87075d411ac5,page_view,,2026-04-08 02:04:28,tablet
2039,67,c3f9c78c-af70-4164-bf16-44542685602c,page_view,,2026-01-27 00:10:30,desktop
2040,,6906d118-6f75-43b2-9818-61124cdedddb,page_view,,2026-07-08 08:26:30,tablet
2041,165,e94053af-d488-4dff-9c35-25775193412d,page_view,,2026-04-04 14:01:26,tablet
2042,286,d8914adf-341c-412a-a249-1260107e528c,product_view,52,2026-04-14 16:55:20,tablet
2043,32,497bc13b-d2de-447d-8455-d60e69958fd1,page_view,,2025-10-14 08:10:17,desktop
2044,233,afd5b90b-41a6-4c90-a91c-0da1a5630d3a,product_view,30,2025-03-23 23:16:01,desktop
2045,23,3d0d3ffd-67e6-449a-bc73-013b99ea5bbd,page_view,,2025-07-01 09:37:08,tablet
2046,232,07179ef3-3121-4863-a663-ed111d122ccf,page_view,,2026-05-27 09:36:46,desktop
2047,,4f7f963e-d3c5-44a3-8c0b-200d3edec38e,page_view,,2026-07-10 10:13:38,tablet
2048,156,fdc56285-8f50-411f-bc42-049476d32b96,product_view,57,2025-08-11 04:15:44,tablet
2049,,e7d90c1b-a59c-4eed-ac09-72046fa6681c,page_view,,2025-01-21 12:24:43,desktop
2050,,45d07382-28cb-47ca-b3b5-a667097913a0,page_view,,2026-08-21 13:06:10,tablet
2051,154,ca27cd69-4226-4ba4-8775-d77822ed1e25,add_to_cart,53,2025-05-01 03:49:46,mobile
2052,,8cfb137c-a89e-44df-871c-10aecdb4adab,purchase,74,2026-04-30 14:16:47,desktop
2053,186,0acfbd89-da3e-415a-a4f0-708a2d0d5e1d,page_view,,2025-12-26 15:13:51,desktop
2054,263,c840789b-7c60-4399-b8f4-0e5ef6babccc,product_view,59,2025-06-05 06:03:32,desktop
2055,108,e581620f-dc0d-4266-8e29-ed9a0518bd4d,page_view,,2025-12-12 09:46:14,tablet
2056,,4c485cfc-9a02-40da-905c-1021157c6813,page_view,,2025-01-11 22:10:03,tablet
2057,195,f480ada5-e68c-4348-9046-e3dfddfef849,product_view,45,2026-03-03 00:24:55,desktop
2058,94,abf2b369-5d0a-46d3-a592-ee7c683199c6,purchase,53,2025-03-11 07:57:17,tablet
2059,,659ae9f2-171e-4028-a2be-80e1a84d5f25,page_view,,2026-07-16 17:20:37,mobile
2060,227,d7be7b4f-b967-4dc6-96fd-d1a5f17312f4,add_to_cart,59,2026-03-26 21:42:17,desktop
2061,106,922b4fb2-1ca7-4972-bc6d-317323fbc01f,product_view,53,2025-05-28 13:41:55,mobile
2062,95,1ee26f39-eed4-4b89-8010-4995bc06e86b,add_to_cart,57,2025-03-13 03:06:33,mobile
2063,123,9496634f-d438-431d-aa0a-2259859f02bb,purchase,16,2025-05-14 20:10:00,tablet
2064,96,867772d3-ee7a-4de6-866d-fe25f31dde25,product_view,5,2026-02-21 19:38:51,tablet
2065,148,171a8b65-e272-47ca-bf17-6b5540767e21,page_view,,2025-08-26 07:00:43,tablet
2066,124,c5efd670-1f4d-48ce-998d-e3d83cf29ade,page_view,,2025-05-27 07:51:08,tablet
2067,118,d513da02-544c-44d1-903b-a8c3ce830e27,page_view,,2026-01-24 00:49:16,desktop
2068,15,ce4ba2bb-63d3-4e8e-bcbb-859a95966725,add_to_cart,49,2026-08-03 09:24:53,tablet
2069,2,ef7cef26-3c66-4012-be74-1860bf957403,page_view,,2025-12-19 23:49:29,mobile
2070,,1b5829c9-24ef-45a7-b7cf-65ca6c412493,page_view,,2026-02-06 11:45:51,mobile
2071,47,4648bbe8-f84c-47a9-b6cf-d2d52cd6e8df,page_view,,2025-12-18 08:49:37,desktop
2072,25,dce70289-411a-415b-a88b-4cfb708175fd,page_view,,2026-01-27 09:38:41,desktop
2073,285,88917cf5-7d88-43d2-8e51-208396e83922,page_view,,2026-06-29 17:26:07,desktop
2074,60,1ceb08fe-f2de-4798-b31a-25b55fecaa6e,purchase,67,2025-01-11 09:19:04,mobile
2075,160,79900a27-6c7c-4eb7-8bb5-f24251057c35,add_to_cart,68,2025-01-07 11:47:45,mobile
2076,211,47198f5c-f69b-4596-bf10-938caec7f267,add_to_cart,39,2025-05-16 13:17:42,desktop
2077,246,2518ec09-efdd-4a87-88c6-21bee1228e75,product_view,55,2026-07-18 19:17:52,tablet
2078,279,5e24296e-b736-4ad9-b9a8-226b5ced7017,page_view,,2025-07-04 01:31:50,mobile
2079,67,a538c6a7-0565-4e80-8ee4-5227d2450039,page_view,,2025-09-13 02:44:11,desktop
2080,,08e94548-9b16-4cb8-a7bd-1db7f7808afc,add_to_cart,80,2025-11-30 20:23:44,desktop
2081,107,cc876b1c-a987-499b-bd4c-938cd76ac5a8,purchase,74,2025-05-15 19:39:31,desktop
2082,248,eade7b17-b0d0-40bd-8dff-01baf0db6ecb,page_view,,2026-06-16 18:05:51,mobile
2083,40,40c37cbc-3d5b-4535-abed-e2b6c9eef97c,page_view,,2025-06-11 11:16:34,tablet
2084,210,a3922a4e-4f2c-486f-a27b-0edd8d7f9371,page_view,,2025-04-26 17:15:13,tablet
2085,159,e7354db2-5ce4-424b-b35b-9f78f55f2e80,page_view,,2026-03-14 00:18:13,mobile
2086,,88efe82b-1f3e-4a66-af6c-6f61cfefa2a2,page_view,,2026-07-25 18:26:35,mobile
2087,10,71414f58-db8e-435b-bc83-861eddf0a0a2,page_view,,2025-02-12 06:30:35,tablet
2088,174,f5f3943a-e8e7-4030-8203-83406372d635,product_view,20,2025-01-22 05:21:25,tablet
2089,,eafd3e7b-fa5d-4d40-ad71-1fe9649a0bf9,product_view,1,2025-03-26 17:48:27,desktop
2090,140,efb2d33c-171a-4532-8d07-018b416aa7f6,page_view,,2025-10-10 19:17:25,desktop
2091,35,4c23e844-3c47-42f3-81b4-fd44d29cf92a,page_view,,2025-10-03 14:46:27,desktop
2092,,2904a6d6-e3e7-45ab-9c02-bc2935dbe396,product_view,3,2025-04-11 12:56:37,mobile
2093,293,5132fe68-a1a0-44a9-b058-3380ea77d1d6,page_view,,2025-10-10 06:13:08,mobile
2094,204,a4f954fc-c449-41b6-8fef-7811e124c3f2,page_view,,2026-07-02 12:26:21,desktop
2095,97,462741ec-08ac-484f-8a10-b49968028b3b,page_view,,2026-08-10 13:33:39,tablet
2096,73,c78a7900-d2bd-46ec-9481-13b4ddcf5003,add_to_cart,72,2025-08-10 14:29:13,tablet
2097,6,bca83a82-7899-4035-bddf-8484f0c44ecb,page_view,,2025-04-01 09:27:08,desktop
2098,79,552d4865-d756-4d35-ad2e-ebea69b7d533,page_view,,2026-02-15 17:40:25,mobile
2099,273,eb25d7e7-e073-4c70-ac20-2d89b7a69c32,page_view,,2025-04-13 22:36:30,tablet
2100,49,290c42f8-d30b-4f65-99b3-8619d1fb55b1,page_view,,2025-04-20 20:35:20,desktop
2101,248,10fd7164-819f-4393-82ce-ef41b2cfba8b,product_view,4,2025-05-13 12:45:27,mobile
2102,24,baaeebf8-9a24-4525-abbe-2bd65a1341e7,page_view,,2026-07-30 05:38:01,tablet
2103,181,53a71719-bcdf-4302-8c37-e264d03cd20a,page_view,,2025-08-21 05:26:21,tablet
2104,2,c310d2a2-0700-47c1-b1f9-4a097408f646,add_to_cart,74,2025-07-22 17:21:11,tablet
2105,83,2f098f4d-a43f-483a-a431-01e40d565923,product_view,14,2025-12-18 19:29:52,tablet
2106,166,a41f0d38-ca80-4df8-b182-fcf2a151ed02,add_to_cart,10,2026-03-16 07:40:57,tablet
2107,43,333822d1-6691-4664-80c9-937022d6f0a2,page_view,,2025-06-18 00:42:22,desktop
2108,236,93683dd6-5050-427e-8e38-5d03a0d80651,page_view,,2025-04-24 11:16:42,mobile
2109,240,3fe604f4-2867-4d3b-9c5f-3cba150d28eb,add_to_cart,75,2026-02-26 05:46:08,desktop
2110,,c481ea69-f83b-4029-b6ac-204884308e0c,product_view,67,2026-07-13 08:39:20,tablet
2111,,214dc588-c35e-418a-a630-b287d4a39a51,page_view,,2026-08-12 17:06:21,tablet
2112,223,690a7b80-af8d-488d-9811-70c1d8d2660e,product_view,60,2026-05-07 06:15:24,desktop
2113,157,7394d796-51c4-443b-b07d-b671caea9ae5,page_view,,2025-12-17 11:04:45,tablet
2114,266,222db2cf-bc34-4d5d-9f9e-14257a7628e6,product_view,78,2026-01-21 13:10:35,desktop
2115,,97d02f8f-affd-443b-ac69-1f0442bbeaae,add_to_cart,40,2025-08-17 18:52:44,tablet
2116,81,4823debe-ccad-492e-93dc-4faed3a71b83,product_view,74,2025-02-18 08:14:33,desktop
2117,10,5e1b015f-6a1c-401b-959b-2b6b32dba028,product_view,17,2025-10-28 17:08:41,tablet
2118,26,60980b94-e05b-4892-a4bc-08cf2e904b5c,product_view,7,2026-08-05 10:27:08,mobile
2119,215,92051da0-e264-4336-95ad-86bcf1db9ad8,product_view,62,2025-08-22 17:23:56,desktop
2120,,05e15e2f-f2b7-4922-854e-dd713977fd2f,add_to_cart,52,2026-01-27 05:02:23,mobile
2121,79,9cac3d21-a5a8-48af-8efb-d22aec511744,purchase,29,2026-02-27 21:49:50,mobile
2122,,16c72b1a-e826-4ac7-ba8c-8ed5a06aa68a,add_to_cart,35,2025-03-02 03:39:00,tablet
2123,239,430438b5-32c1-42f1-b661-7a3bf9606ca3,page_view,,2025-04-27 16:45:08,mobile
2124,203,0cbe938d-2b33-4734-9a11-9684b385d9de,page_view,,2025-03-09 09:24:58,desktop
2125,169,99b3568d-6dcc-4c60-9e35-836f66aa394c,page_view,,2025-01-14 00:25:10,tablet
2126,,f541a44e-16cc-4813-a635-53ba4299b351,page_view,,2025-08-17 07:54:58,desktop
2127,140,9136d4ad-f27e-4ce7-ab8d-2c495e3003e1,page_view,,2025-11-10 05:57:21,mobile
2128,125,869d4cb7-b7f5-455a-839d-08d01e0aaf12,add_to_cart,42,2026-03-04 15:07:32,tablet
2129,245,eda413c6-eb84-46e4-85fa-e0476f669013,add_to_cart,11,2025-12-28 09:04:22,tablet
2130,,7e808d05-ac71-4531-93c7-24e8742632d7,page_view,,2026-03-18 05:57:13,tablet
2131,121,340155bd-b6ac-4c8e-b977-c7b41e56d346,page_view,,2025-01-11 01:33:17,tablet
2132,289,d03bcbfc-dca7-4284-b230-7c2230c7809b,page_view,,2025-02-08 23:09:42,mobile
2133,233,bf16e3e9-49b7-4037-8425-dea7c83924d7,page_view,,2025-11-16 10:57:46,mobile
2134,251,6e6a3d5b-2154-4e4a-a1cf-91fb7e81cdfa,page_view,,2025-11-29 11:34:53,desktop
2135,27,372f5f47-999f-4691-b4e4-20bfdb38f306,product_view,37,2025-06-30 23:20:56,mobile
2136,,ba098a27-4870-4a92-92f7-7d5dfec5ea47,product_view,77,2025-05-28 02:13:37,tablet
2137,187,2e2cb850-6b17-4d75-b07a-1acbad5c3c49,add_to_cart,35,2026-08-08 08:10:43,tablet
2138,,075dacd4-255c-42c7-8ade-e3ec68950908,purchase,74,2026-02-14 21:23:22,mobile
2139,109,3c48c936-4305-4a31-b9e3-89054a4a15ea,product_view,76,2025-07-07 12:37:30,mobile
2140,286,3f91c419-e846-49df-b373-35549e204ac7,product_view,43,2026-04-13 07:12:49,mobile
2141,262,a5b13afd-af2c-40ac-9539-22c05ea0942c,page_view,,2025-08-15 08:57:59,mobile
2142,120,7808a004-02a4-48e1-95f2-f85a754a3e48,page_view,,2025-09-12 22:54:13,tablet
2143,93,f9723977-52c0-4f9b-9f16-eb702219b7f7,purchase,55,2025-11-14 03:41:39,mobile
2144,,3653e588-afd5-4fe7-a5c6-2548b169fded,add_to_cart,33,2025-01-23 23:03:59,tablet
2145,98,6c5ccba7-b55d-4fc1-a22c-c212b69d2f48,product_view,59,2025-06-11 02:00:04,mobile
2146,23,12b3c5eb-4198-4029-98e1-d54cbc715183,page_view,,2025-03-16 14:33:17,mobile
2147,,0d574085-0f0a-4450-8e97-8ce118643b6a,add_to_cart,42,2025-04-09 01:01:54,desktop
2148,188,788f06ed-3c1e-419b-ae5a-400755367ab6,purchase,42,2026-07-02 18:09:19,mobile
2149,137,9b3b5b4c-ff2a-40c0-9ab3-83c9e88188c3,product_view,7,2025-10-07 05:31:47,mobile
2150,154,cd602879-f79b-4079-abb8-fe95f077671b,purchase,51,2025-11-09 02:35:33,mobile
2151,81,cf5285f7-bf8c-46f9-b5a6-1d619925bc9b,page_view,,2026-01-17 03:11:22,mobile
2152,262,8129aa0c-40ef-4857-815f-566c0ba6aa86,add_to_cart,5,2026-05-13 18:49:07,mobile
2153,128,fa3f012e-4d71-4f28-a185-21ab9ea1e617,add_to_cart,45,2025-01-22 12:43:02,tablet
2154,159,21da5db1-5ef3-41c2-abd7-d3f1650ad9aa,product_view,33,2025-03-12 22:26:42,tablet
2155,57,0a872ac2-8f3f-4995-a468-eb64f7d2a2ee,page_view,,2026-05-25 11:26:04,desktop
2156,63,2b7c5ee3-42a2-4950-adeb-5687949aca46,add_to_cart,51,2026-03-19 08:23:47,mobile
2157,68,56d44952-ee29-480e-be2a-c03a80f58b81,purchase,53,2025-09-09 00:38:07,desktop
2158,,16f32b93-21c5-4a88-b7d4-68eae0bdd765,page_view,,2025-03-18 19:31:53,tablet
2159,222,6ed47a6d-87c9-4aac-b5d3-4f2f513bb65c,page_view,,2025-05-15 00:20:13,mobile
2160,38,50326fe6-1de9-4c72-82a9-f7e5244cb9a8,page_view,,2025-10-24 05:36:04,mobile
2161,288,7fcc4456-20bc-4fa0-ba80-10620b4e360a,product_view,65,2026-01-03 23:44:36,desktop
2162,236,47efa886-d5b5-47b0-b92e-dfa1df266424,add_to_cart,40,2025-07-14 07:51:21,tablet
2163,13,6e1a1e1b-ed1d-4efa-9c4f-c55ebf715a28,add_to_cart,65,2025-02-13 21:35:07,mobile
2164,,4362262d-e07e-4721-a71d-6ba3486dce57,page_view,,2025-10-19 15:12:15,tablet
2165,,ed3d5159-c2f5-4a5f-945f-f4db9ce91544,page_view,,2025-08-10 21:50:29,mobile
2166,263,6f8ef978-5021-41bd-8458-526b4385a3e3,product_view,72,2025-04-11 19:35:09,tablet
2167,144,bca37653-50c7-4baa-aa3c-6137e48623dd,add_to_cart,51,2025-04-28 14:02:57,mobile
2168,59,f33685da-c380-4b4a-bdc4-2f12fe9bd0e1,page_view,,2026-06-05 17:13:34,tablet
2169,181,ec4014c6-da60-49f3-8e40-b29426b94955,page_view,,2025-12-28 15:18:31,tablet
2170,,70a32883-cc58-4872-a2fb-a345a84ca488,page_view,,2025-02-06 21:31:31,desktop
2171,205,0df81d2b-260c-437e-b05d-0ef70d9ff83d,add_to_cart,69,2025-06-14 13:50:32,desktop
2172,,7862246c-092e-44b7-aee2-59893ad82406,page_view,,2026-05-06 05:40:58,tablet
2173,1,7796048f-b4b9-4b73-a9de-bccc429e09bd,product_view,71,2025-04-25 10:34:21,desktop
2174,,e52a33e6-fec5-4a89-9db3-c0756fb9de37,page_view,,2025-08-04 12:48:18,desktop
2175,239,71076f2e-0a71-4350-beb2-7900ed5d6510,product_view,4,2026-07-01 08:04:50,mobile
2176,228,8f942977-b582-4f0c-bd23-36f45b44e6ed,purchase,67,2026-08-22 22:53:39,tablet
2177,131,1ccc33c1-7e34-4f69-b52f-bd7e7c360908,page_view,,2025-10-18 22:07:14,tablet
2178,237,25e6d919-ddeb-4d5c-b842-7379d888dcb6,add_to_cart,34,2026-02-01 17:30:20,desktop
2179,223,3427e466-17f4-485d-997f-aaf01fa7cddf,page_view,,2026-06-12 15:12:49,desktop
2180,288,d5bf85f3-2e3f-474c-88bb-db12de4097c3,page_view,,2026-05-19 03:40:35,mobile
2181,182,d294100f-823c-434a-bffb-d93b2b15619e,page_view,,2025-12-26 22:07:21,desktop
2182,107,a9c3640d-e411-49d7-9030-fb0c45d5aacb,purchase,32,2025-04-02 18:20:31,mobile
2183,225,ff7d39f7-9563-4c97-b65f-982b95eef45c,page_view,,2025-05-31 00:35:30,tablet
2184,,c4502052-86a8-421a-810e-622bf8bc920c,page_view,,2025-12-21 15:36:07,desktop
2185,110,eba0330c-6a9a-4f4b-ae39-c29a921f266f,page_view,,2026-04-26 17:21:37,desktop
2186,10,7f843004-c4ac-41b5-bf04-2c7b13ab7d2c,product_view,13,2026-01-23 18:01:37,tablet
2187,56,5422ea97-e32a-4787-9824-6315ad49e072,product_view,21,2026-03-02 03:55:20,desktop
2188,247,fb38bc6c-ae6a-4c48-88c6-a7ed06a574ec,product_view,2,2025-04-16 05:13:38,desktop
2189,71,5fa18468-64e8-4ffc-9f3a-cc68ae3e6268,purchase,38,2025-12-12 11:41:46,mobile
2190,176,1b2765f6-f383-44f7-addc-ac0a97206c66,page_view,,2025-02-02 18:28:10,tablet
2191,289,076451d3-275d-4459-92d3-6897d6442365,product_view,71,2025-08-02 20:40:52,desktop
2192,235,b52c4358-d4a8-445a-b5d1-d77614c08f6d,page_view,,2026-06-07 17:24:53,mobile
2193,50,a0dbfca2-743c-4b6b-bad7-c891a8d791b6,page_view,,2025-01-14 07:21:42,desktop
2194,113,a87319fe-981d-4530-84f2-0d97f4881671,add_to_cart,8,2025-01-29 01:05:20,tablet
2195,,0b398e89-f842-4163-9455-5290017c75c5,page_view,,2025-06-11 22:23:40,desktop
2196,116,73fe7e1d-f36d-4b13-9f53-4d9aa7faf009,purchase,63,2025-10-12 03:52:20,desktop
2197,290,fff446b9-bb46-4c13-b28a-030b532da8fe,purchase,53,2025-11-18 09:53:02,desktop
2198,79,cc0a628b-f518-4923-a829-2e3bbbfc5dc1,product_view,64,2025-07-19 13:04:44,mobile
2199,194,dcffd7b6-361c-4373-a11b-20eb91b45e06,page_view,,2025-12-11 05:39:02,desktop
2200,207,486fac8f-a4c5-4ae5-8d32-e7120c767092,page_view,,2025-06-19 04:38:17,mobile
2201,,be69ad39-0e37-4b07-8c53-5c3e52bb530d,page_view,,2025-10-21 01:25:05,desktop
2202,240,9a2fc701-f3af-4b09-8c12-6e0e121af952,product_view,14,2025-07-08 13:05:10,mobile
2203,266,41526bff-661b-4738-97b1-6c4361a2d612,product_view,6,2025-09-26 03:43:27,tablet
2204,85,c5583a17-f70d-48a0-bd75-e4232d921dab,add_to_cart,65,2025-01-13 12:15:46,mobile
2205,221,054046cc-16d5-4b84-a61f-7117dd926cbf,page_view,,2026-07-10 04:10:41,mobile
2206,66,6374ed14-29b6-4b14-b54e-15ecda33562c,product_view,71,2025-10-28 10:01:38,desktop
2207,18,a5accd5a-48f1-4eed-a703-7089c78cd2c3,product_view,49,2025-07-18 15:09:23,mobile
2208,243,27755e9d-a770-4217-b455-af73c0a7ad9c,page_view,,2025-11-27 20:05:06,desktop
2209,80,cd14eacb-7da8-4631-8c6d-8ddd1edfc59e,page_view,,2025-06-13 09:26:56,tablet
2210,129,ebf484d0-ce6d-49bf-bc63-3d6c6eaf0a90,product_view,51,2025-07-15 02:34:00,mobile
2211,121,9a7fde23-af59-4a66-a75b-21134f62cc9d,product_view,39,2026-01-11 01:30:46,mobile
2212,57,189ac35d-aa5f-49ca-9bea-530d219c00cb,add_to_cart,5,2025-06-06 13:50:41,tablet
2213,63,332ac35a-833d-4df1-9e11-a680d5016ada,purchase,16,2025-09-12 20:53:22,desktop
2214,,6359d5ce-e2aa-4dc7-b208-838e7d57ef69,page_view,,2025-09-28 16:32:12,mobile
2215,291,99afee64-9024-4225-84bb-10e079f7f38c,add_to_cart,16,2025-04-15 21:07:22,tablet
2216,,6c2b5781-c1a9-4ee2-9718-cfde6c4e5a8c,page_view,,2026-01-23 23:56:56,tablet
2217,156,2fb50401-9d26-4076-9e44-b774cf9d539c,product_view,53,2026-07-28 20:06:19,tablet
2218,149,17cb67b8-6d0f-44e6-a174-a7856f2190cb,page_view,,2025-02-16 08:01:34,desktop
2219,,f9285706-577c-4717-836a-58870a5a2698,page_view,,2025-03-13 18:46:29,mobile
2220,,a5c9cf20-3967-46aa-ad2b-2c8276a990f1,add_to_cart,72,2025-04-17 11:21:41,mobile
2221,176,ee403b9f-27b2-45c1-b6b0-d0b9afad328e,purchase,30,2025-06-10 11:27:49,tablet
2222,,a5b09024-a12a-4119-86fb-bcdb7ecd7062,add_to_cart,1,2025-11-14 11:21:10,desktop
2223,,77dd362b-4a6b-436b-957f-108b86514886,page_view,,2025-01-02 20:50:41,tablet
2224,25,cd320878-e83e-43a0-9445-587e6ff6881f,add_to_cart,50,2026-04-10 03:38:38,desktop
2225,258,fbf3a106-260b-43e0-8ce6-929f7a44bd05,product_view,28,2025-03-12 00:47:34,mobile
2226,,4ce794d7-e724-4119-af2f-32a720b6d43c,add_to_cart,46,2026-02-04 09:53:40,desktop
2227,79,6d7fd4e2-85e9-4c6c-bfa7-c199d76f0813,product_view,61,2025-10-03 01:59:23,desktop
2228,14,8d0df6f6-0c37-4b80-918b-8e184ba4af25,page_view,,2026-04-06 09:40:02,desktop
2229,298,836f224b-0b8b-46f7-aad4-4e111397a29f,product_view,68,2026-04-06 00:08:06,tablet
2230,127,69bba3c4-6cc7-41f0-82ba-0fed1b8dc821,product_view,30,2026-02-07 22:23:12,desktop
2231,,b8663c7c-a92d-4f4f-b6f3-ba5018302082,add_to_cart,52,2025-11-04 02:34:40,mobile
2232,9,5aff4594-40dd-4895-9015-48989187c9a0,page_view,,2026-03-13 16:25:03,desktop
2233,34,c4c608eb-14ee-4987-95e7-c6e4413e84bd,product_view,72,2025-02-16 12:39:31,desktop
2234,204,bd9277a4-1d2a-4042-842a-2f6480e1be4d,page_view,,2025-02-07 02:57:24,mobile
2235,208,c942e6e8-2df7-41e0-b67f-3c15a95d3271,product_view,38,2026-02-21 03:26:42,mobile
2236,203,0b961346-6498-4a39-97c8-f02c2ea5312a,page_view,,2025-10-23 00:46:34,mobile
2237,149,b4522738-e073-49de-aa8f-7654155287c7,purchase,52,2026-04-21 21:49:30,desktop
2238,194,b95e44e3-9653-49ee-905e-c9d64c32a0a2,add_to_cart,75,2026-06-16 21:30:55,desktop
2239,265,732fc932-ab96-4697-81e1-f813747ac231,page_view,,2025-01-13 23:39:08,mobile
2240,55,5761b099-43db-4a42-8ece-36ae9fb209b1,page_view,,2025-02-24 16:36:08,desktop
2241,,cf5c8dd3-df10-4434-ab09-6202f77aefe1,page_view,,2026-05-13 08:04:47,tablet
2242,294,140642a8-2f61-4334-b608-93b22febcc33,add_to_cart,77,2025-07-22 07:21:15,mobile
2243,53,4262a48c-9aa3-4580-bb70-8dd7bf3d5023,page_view,,2025-03-17 16:06:19,mobile
2244,217,6f0d7229-1b38-4c72-ac64-8459df22367d,add_to_cart,5,2025-10-12 22:25:51,mobile
2245,,651a6277-017f-419f-8496-179588ccddbc,page_view,,2025-10-21 10:41:39,mobile
2246,183,a7e29299-2bf6-4915-8367-ee2c1ddea07d,page_view,,2026-03-10 16:18:06,desktop
2247,120,67b41520-b11a-4696-b5cd-3e5c7a248720,product_view,67,2025-11-07 20:33:29,tablet
2248,176,be86f5d0-f73e-4b07-a860-25bfde68666d,page_view,,2025-06-15 08:19:50,tablet
2249,246,4d844cb6-7c99-486e-b9d5-546c9a154b85,add_to_cart,4,2025-08-05 08:31:28,desktop
2250,1,9de2fd3f-f952-41e8-9029-733c9e55f98d,add_to_cart,8,2025-11-15 22:28:16,tablet
2251,299,f69072cf-ac7e-4cc6-b0cf-3e7f5c58b8ba,page_view,,2026-02-18 12:40:10,mobile
2252,58,cdfcef75-651e-49f1-acd3-80efb0b710ab,purchase,79,2026-05-05 23:34:41,desktop
2253,233,2296d3f6-2005-4d7e-966f-419a4d7ae829,page_view,,2026-08-05 11:02:52,desktop
2254,80,d0e34b2b-1ca6-4c33-b0d8-67cd038d5f5a,page_view,,2026-05-23 05:32:33,mobile
2255,287,302f420e-f874-45ca-b22f-2e9104110e35,add_to_cart,68,2026-01-21 11:59:57,tablet
2256,79,7b2a7f10-3590-4039-86dd-5e19dbe83664,add_to_cart,50,2026-07-21 16:30:06,tablet
2257,,3de54ee2-a655-496c-a528-d32da60c2bed,product_view,31,2025-10-08 20:59:23,mobile
2258,247,dbb24c33-a045-4992-9793-30f16f8fd55c,add_to_cart,50,2026-03-27 01:12:54,desktop
2259,,160a3a13-30df-450c-89e0-8b89ca3e3238,page_view,,2025-04-14 17:23:31,mobile
2260,237,25ee2f0f-76a3-4eb0-850c-71f44d08f416,product_view,16,2025-05-05 14:08:52,mobile
2261,202,1dd03ecd-0595-49a3-ac00-46f07957595f,product_view,76,2026-07-25 22:17:42,mobile
2262,190,bd20c36a-2705-44cb-a704-b1152a85e3b1,add_to_cart,51,2025-11-06 14:35:13,mobile
2263,274,7c2c0791-f6bf-4aa9-b1fc-f2e6b3dd7820,product_view,58,2025-01-16 03:42:00,desktop
2264,168,73137fa5-dc1b-4eb1-8506-536c78b3842a,page_view,,2025-01-06 08:24:08,tablet
2265,129,4b7a123e-338a-4a2d-be1c-fa1495d16384,product_view,61,2025-04-12 19:41:50,desktop
2266,299,6448a3d5-d576-4137-9456-e29d91c631cf,purchase,47,2025-11-26 04:35:33,tablet
2267,29,1a482803-0204-4c81-9577-32970d093c73,page_view,,2025-06-27 14:10:43,mobile
2268,,6e89a7a8-b68d-4037-98fe-3fb8a1628abf,product_view,15,2025-02-26 03:01:40,desktop
2269,213,7ee667de-d93e-4a4d-aa6a-642bfabfa7ef,page_view,,2026-08-23 16:44:10,mobile
2270,130,bb27f6bc-9888-40d9-9423-251ebcb12a00,purchase,80,2026-06-11 02:58:54,mobile
2271,119,0979f5d3-4a70-4330-bfc0-31368de6e6b3,page_view,,2026-07-24 18:38:28,mobile
2272,99,836b47c3-7c71-4cc8-a651-73fa7ccc9258,product_view,39,2026-01-20 20:51:39,tablet
2273,,ef6e9295-9c8a-4485-b980-50a6974e598d,product_view,72,2026-02-19 17:24:21,mobile
2274,,de1d4653-d112-4bb8-a7b2-df91adbd2e33,purchase,10,2025-03-04 09:36:03,tablet
2275,64,0f8a579c-b6db-4b2c-bb5e-2d657ce71cca,product_view,60,2025-09-08 22:52:10,desktop
2276,186,938f2b90-6c08-4d6c-84de-78f8873f3f03,purchase,54,2025-03-13 22:03:37,mobile
2277,,4491be40-1042-4a8e-8da2-2a3950db8e34,page_view,,2026-06-28 19:54:49,mobile
2278,11,e39eb7c2-6ac9-4528-a5f7-01fee493998a,page_view,,2025-03-25 19:09:39,tablet
2279,148,9f690cde-7eaa-4a91-9def-d401792cad76,page_view,,2026-01-29 02:17:54,tablet
2280,115,72c573e9-58c5-4875-a56c-0a56f05ff9c3,add_to_cart,20,2025-07-14 15:03:13,desktop
2281,224,294d25fc-0553-4a50-afac-c50db2904e73,product_view,55,2026-06-03 06:53:28,desktop
2282,34,78202426-3134-4ab8-b9e8-d78149bb1313,page_view,,2026-04-19 15:49:16,desktop
2283,,81f46dfd-3b6b-4c0d-b028-05af580661f1,page_view,,2025-08-19 21:01:21,tablet
2284,,af5a7636-e8b8-4252-9670-cd19383e69a4,product_view,30,2025-07-03 12:29:55,mobile
2285,274,da7bf28b-9a23-4be3-abf6-dd3256d2bb12,page_view,,2026-02-16 16:32:14,mobile
2286,,77ed78d9-a82e-4889-b717-4acfd7abed02,add_to_cart,31,2026-04-18 21:13:57,desktop
2287,291,b9163357-4b1b-4f3b-a217-a6df21939b93,page_view,,2025-06-19 06:47:24,desktop
2288,,6ab76840-f5b5-4c71-a3ef-5e69b61d56f5,product_view,33,2025-09-22 10:58:09,tablet
2289,128,a70a409d-ac50-4260-b0f2-4933d544c79b,add_to_cart,55,2026-07-10 15:50:17,tablet
2290,,78ea47e2-cbc4-4d42-9c39-b57dbc0dbd13,purchase,15,2025-03-18 11:15:15,mobile
2291,219,297a8503-d833-43c3-b88f-a199ccbcbf4b,page_view,,2026-06-17 00:53:34,desktop
2292,246,b0d18df1-484f-4db9-b50b-9f519f310fff,page_view,,2025-12-08 11:33:04,tablet
2293,29,7b9ea9eb-aac4-463f-9610-ac0abfcf214e,add_to_cart,50,2025-06-20 17:31:48,tablet
2294,27,2804335a-3311-45e0-ac5c-ce54210c78d9,page_view,,2025-12-31 21:00:45,mobile
2295,9,cb21aa80-19d4-439a-bdff-e27d9b125dfb,product_view,35,2026-02-04 08:34:11,desktop
2296,,7e64c44f-fe67-4797-b16c-084e6a7df379,page_view,,2026-02-11 14:23:28,tablet
2297,,8e8c71d8-359d-45ae-bc16-89c24dbc217c,page_view,,2025-11-28 18:31:18,desktop
2298,,5bd972c7-04a4-44e7-bfcf-956e0c0b6cd1,add_to_cart,23,2025-11-24 12:33:00,tablet
2299,291,ad4b24ec-5b67-4a25-82c4-5041e1831003,purchase,60,2025-08-21 16:34:46,tablet
2300,,dc05ae03-d3f4-41e7-acba-1bc6289a5e38,add_to_cart,63,2026-08-16 11:29:58,desktop
2301,,ce8b76a2-082f-4fb9-80e3-fe4fe4fb2a3b,purchase,19,2025-09-18 16:26:11,desktop
2302,38,1d2d1771-6e3d-4494-9675-c8f3104c6350,page_view,,2025-08-10 14:15:16,desktop
2303,,8fde042a-1ee5-4930-ba08-5f6a9e189a98,product_view,55,2025-06-01 12:55:49,desktop
2304,238,fe60afde-4200-41aa-bc82-6fbe395e54f0,add_to_cart,14,2025-04-16 05:50:12,desktop
2305,150,c4f5b03e-5af1-428c-88ee-46bf571f7cdb,product_view,21,2025-07-30 07:34:22,mobile
2306,279,8e990457-e0b1-4762-8524-f0470bf2fb51,page_view,,2026-02-12 09:04:29,mobile
2307,261,da78f4c5-26b3-403a-a575-13a5447a4e2c,product_view,74,2025-06-20 22:52:29,desktop
2308,287,9ab2b735-83f0-4e7d-9faa-8505b0acb9ba,page_view,,2026-04-23 08:07:31,mobile
2309,21,0ce87570-b4d6-43e6-9aa9-0d26ab636d66,add_to_cart,67,2026-06-22 07:22:51,mobile
2310,,cc8a6796-7015-493c-b23e-9a06ed37c2ce,page_view,,2026-03-14 12:51:27,desktop
2311,77,c179c596-d772-463e-b670-0a627506d74c,page_view,,2026-04-29 04:52:08,mobile
2312,,c81a5f0f-1b1b-4a94-b983-4d4b1c65f6bd,page_view,,2025-01-24 20:02:23,desktop
2313,,dbbf46ed-c83b-4467-9c12-67d29c4e7b65,product_view,9,2026-03-24 05:49:53,desktop
2314,221,8ffe38c9-d2d8-4eb3-9a14-0609f287b989,add_to_cart,27,2026-02-10 11:52:41,mobile
2315,,2ac38bd3-1afc-488c-81de-c9db0abe8257,product_view,42,2025-12-28 12:05:18,mobile
2316,10,34943114-def1-4d58-9e39-2331a142d68f,page_view,,2026-01-08 02:56:25,mobile
2317,156,ba751921-2833-48ea-9c94-563ae9365d1b,product_view,33,2025-05-12 04:41:24,desktop
2318,107,c3101e2e-7107-414f-b54a-31ba4ac8927e,product_view,2,2025-08-03 15:13:52,mobile
2319,69,ded89c47-bb88-454e-bf96-8d71818270d2,page_view,,2025-11-26 01:23:38,mobile
2320,271,5d1ddcb7-a5a7-4280-a77f-ecc6196b58f1,page_view,,2025-07-14 09:53:34,tablet
2321,,1f7bd82f-2345-4e72-91b4-856255a8d6a1,add_to_cart,36,2025-07-22 16:38:06,desktop
2322,295,f83a1bce-7069-4977-b3af-15bed93d8722,page_view,,2026-03-22 20:52:00,mobile
2323,287,01afb939-c4df-4b8d-84eb-8e5d6a6e94cf,page_view,,2025-04-25 15:07:46,tablet
2324,64,7942000a-cf24-4413-95b6-54383ecd0888,page_view,,2026-03-13 22:17:24,desktop
2325,242,2bd7d038-8149-4b7a-8968-fdf25760c094,product_view,40,2025-01-10 09:03:21,mobile
2326,131,b717548d-5f57-4d27-8419-99b615d1e2f8,page_view,,2025-09-16 02:20:24,mobile
2327,224,a1230193-5c53-4042-aa3e-0103c13d8929,page_view,,2026-08-18 16:54:17,mobile
2328,,c0d2201b-26cf-4e04-bed5-e52eaa3d2111,product_view,38,2025-12-06 20:06:33,mobile
2329,,c986f893-6bf5-4c98-8797-2916c0e5d883,product_view,13,2026-05-17 14:49:34,desktop
2330,,6dc75587-cd40-4648-a353-98a63a6a22d9,purchase,22,2026-06-13 00:07:50,tablet
2331,,e5e79add-68c8-4ed8-ab03-5cda69d53317,page_view,,2026-01-03 00:13:15,desktop
2332,209,8422c0cf-da36-433a-b3ab-d2467570d730,product_view,54,2025-04-12 07:06:17,mobile
2333,84,f198f62e-5c9d-4ead-aea4-91fccb6b6306,product_view,48,2025-06-13 08:54:12,tablet
2334,,c528ac36-2545-434c-b14c-d65e079e8b0b,product_view,71,2025-02-19 11:48:36,tablet
2335,99,8470f6c8-ce66-41cb-b7b6-51ee028bffb6,purchase,57,2025-11-08 08:33:23,desktop
2336,30,569b111f-15b4-466e-91d0-12a7f19293c9,purchase,40,2026-05-24 14:43:50,mobile
2337,102,c5ba36af-fb60-4e1c-a6d2-975250970843,product_view,6,2025-04-20 03:09:55,mobile
2338,82,64ad1905-0fbc-4377-af1f-5c6a2a112eab,add_to_cart,41,2026-06-03 15:51:09,mobile
2339,279,ec2a322b-a901-4e33-897e-f98dc25a6eb3,product_view,23,2026-02-16 01:28:12,mobile
2340,,93162f53-e70a-4828-a6a4-cbefa437199c,page_view,,2026-06-29 21:23:32,mobile
2341,11,fae45d7c-a1b1-487e-ba4c-b5590ecc9ff5,page_view,,2026-01-03 19:25:46,tablet
2342,,e0354d75-a90d-45ad-8c8f-e6ceb69f627c,add_to_cart,61,2025-05-01 19:47:26,desktop
2343,,6b579789-4bb4-4889-b900-5224851031c0,add_to_cart,40,2025-05-15 06:29:02,tablet
2344,113,b366ffd1-ae4d-4a19-a2c2-aa2466e9a80e,page_view,,2025-12-03 10:44:28,tablet
2345,93,b8b791b0-4de8-4d1e-9fa0-bc178db969af,page_view,,2025-12-28 20:31:03,desktop
2346,228,581ab26c-e8c3-4a79-904e-54acbe216c79,product_view,78,2025-04-01 03:53:41,tablet
2347,,e67410de-479f-45f3-93b6-81500205e16a,page_view,,2026-07-16 08:08:14,mobile
2348,170,2598bc54-eba2-467c-9c43-3e67871d5bfc,product_view,19,2026-03-29 09:06:22,desktop
2349,54,a4d546e1-7239-4201-a768-7c42b3468999,page_view,,2026-02-03 00:01:13,tablet
2350,183,9fd60922-8b5f-44aa-a338-6d523483a23b,purchase,74,2026-04-21 01:25:08,mobile
2351,86,71305648-a6eb-4702-9e41-8884c9d0c0fc,page_view,,2025-07-30 07:20:00,desktop
2352,193,cfd42949-e33e-4976-9862-5813b28d7506,page_view,,2026-06-11 07:07:38,desktop
2353,37,c680a2e5-678d-4f97-a614-f06ac81484cd,page_view,,2026-06-04 23:08:31,tablet
2354,117,15936f42-4d31-49b3-a187-8e933281f976,page_view,,2026-05-23 10:13:20,desktop
2355,60,63d69dd8-55a1-4414-8995-3dd10976e09f,product_view,74,2026-05-06 21:01:09,tablet
2356,,e13f8740-bd74-4fe0-b808-8e14b9a01137,page_view,,2025-12-03 14:20:35,mobile
2357,113,8a713a73-fdee-4aa1-853d-80902041e7ed,page_view,,2026-05-13 19:41:50,tablet
2358,75,82fce908-17c3-45fc-b6b7-4e2748af7f10,product_view,72,2026-06-09 14:26:18,tablet
2359,280,5738b277-8576-4472-8fef-c63f8d41d660,add_to_cart,34,2025-08-29 20:56:56,desktop
2360,125,05fef7bc-28f7-4d49-a2bc-491ec1cdc9a4,page_view,,2026-08-06 00:18:41,tablet
2361,,8a39068b-cbed-4473-a3eb-f7c10723e11e,page_view,,2025-10-19 22:24:31,tablet
2362,153,d50cf57e-3dc8-419c-8239-850b97ae50f0,add_to_cart,41,2026-04-19 23:23:42,tablet
2363,159,6c3912ef-b9fc-429f-8dcf-2615c62f3461,page_view,,2025-02-14 16:27:11,desktop
2364,88,bb63721d-1c45-4ba3-8159-ace5fca91028,product_view,18,2026-01-30 23:18:38,desktop
2365,119,427f6635-5f7b-4b00-9772-03300f589a93,page_view,,2026-04-08 12:54:45,tablet
2366,,1fb235c4-5abe-43fa-81eb-7abba08262df,page_view,,2025-09-23 09:05:00,desktop
2367,264,f0fbdb65-a6a5-490a-81ad-e98a0c3838a5,page_view,,2026-06-13 11:59:33,tablet
2368,291,928b1e4b-4c47-4ded-b2e0-6bb41fef9a77,product_view,60,2026-08-10 15:37:35,desktop
2369,161,56c76990-7401-43c1-8155-aa51bca2c581,product_view,29,2026-05-24 12:00:36,desktop
2370,283,beea002a-ce2d-4105-bc70-dfcafba2a5f1,page_view,,2026-05-04 19:09:36,desktop
2371,112,b6f31d02-90ca-4ac3-94e3-552bfd2f1be9,purchase,5,2026-05-16 07:39:52,mobile
2372,51,aa5f8dfc-a0b3-4a83-b002-9577e4f364d5,add_to_cart,60,2026-04-22 14:07:26,mobile
2373,99,3bdccce0-9875-44da-9830-dffe88859ae5,page_view,,2025-01-27 23:22:17,tablet
2374,,aabb6cac-48d7-4165-8c98-7a1b59afb1d1,product_view,28,2026-02-02 21:15:28,mobile
2375,,92a0c677-b700-43c5-90a9-0840c8e7f2f6,page_view,,2026-05-29 11:42:25,desktop
2376,,60aeb372-b6df-44a6-a3d5-2be0ac249f30,add_to_cart,53,2026-08-19 21:24:13,tablet
2377,284,1af026df-3f64-45ee-bccd-9b8c8508df91,page_view,,2025-02-14 06:49:08,mobile
2378,,314b4d36-9516-4359-8436-2fc753edc74f,purchase,18,2026-02-07 11:28:15,mobile
2379,,744da236-5c7c-4778-874f-054fd2a5d216,page_view,,2025-12-05 04:19:41,desktop
2380,80,6cfa28cf-b62e-410a-a584-83851915bb1c,page_view,,2025-02-24 06:51:30,mobile
2381,126,179d9ae3-14fa-4d50-a97c-4d7dd4147d03,page_view,,2026-05-14 02:43:28,desktop
2382,169,214bd473-e375-4867-acc5-60710febecad,add_to_cart,75,2025-09-06 12:59:44,desktop
2383,232,13fc927f-7237-4f5b-b6fc-1c4679ebb8bb,purchase,6,2025-06-02 01:20:16,mobile
2384,241,671adde5-86b8-4fef-ad44-3c485e8a10da,page_view,,2025-07-19 15:13:20,desktop
2385,185,c7610e83-84d9-4451-8f18-8e729696dc6c,product_view,61,2026-02-06 04:02:49,mobile
2386,,9594eea8-4381-4e47-9f3c-5c8a651076d6,product_view,77,2025-04-06 23:06:53,mobile
2387,8,ff1b654d-6c65-459d-a2ef-1e217fb32568,add_to_cart,42,2025-01-31 15:55:57,tablet
2388,79,f2a45575-ee58-4967-b063-796a70a91477,page_view,,2025-06-03 19:41:52,tablet
2389,14,6abb6c41-f928-42a9-bb51-cd747d52903f,page_view,,2025-10-31 10:18:50,desktop
2390,181,817b2f21-24f3-4f14-a9b0-1062d2e55512,page_view,,2025-01-05 09:20:42,desktop
2391,175,752caa97-b60d-46a3-bc19-8515208b326a,product_view,7,2025-05-10 14:51:02,mobile
2392,220,83601fb5-b45b-4ad3-b7d0-eea0211f632b,page_view,,2026-05-26 17:44:29,tablet
2393,160,b1c8d50a-1e39-4f21-8775-cabfdcff5f1e,purchase,28,2025-08-26 23:31:34,mobile
2394,99,0858f527-792d-4499-b497-375c366fbddd,product_view,77,2025-03-05 09:34:12,tablet
2395,19,8f1c5f8c-f1ae-4af9-a826-a561bf1a61d7,page_view,,2025-07-02 08:53:27,desktop
2396,73,1e6773d7-f3aa-472b-abf4-5b9d5e8c8bbf,purchase,55,2026-07-31 00:37:56,mobile
2397,95,1c3efda4-689b-4fb2-9a31-7fd79a0278a6,page_view,,2026-08-01 16:10:12,desktop
2398,12,4a229ba5-925f-4cc6-9e9d-2f8a1ef11a27,page_view,,2026-04-14 22:02:43,mobile
2399,237,1e245a97-273e-46f4-85d4-bf0f0a4fee3b,page_view,,2025-03-10 12:24:24,tablet
2400,,5fdc9844-fdb3-4e45-8e0f-89b95f187c02,page_view,,2025-08-01 21:15:48,mobile
2401,17,07298d47-7c65-4dc9-8b42-5bba4da273ed,product_view,77,2026-05-03 05:57:22,mobile
2402,38,c8a6a005-2463-463c-a493-16b4ca8c5366,product_view,25,2025-09-01 08:25:05,tablet
2403,38,efd37a6d-0c74-4518-abf8-43df96f19d54,product_view,21,2026-08-15 13:45:35,tablet
2404,58,48924bd6-e399-40dd-8e1f-39bee4edc295,page_view,,2025-12-12 08:10:03,mobile
2405,82,bd5a6112-d1b2-4e3c-aede-2487373058be,page_view,,2026-03-04 01:32:01,mobile
2406,65,8c2b678e-1f50-41aa-8088-b13a7d2194cb,add_to_cart,66,2025-08-27 23:45:07,desktop
2407,144,0b704f97-ded4-4617-914b-e8ca59410ea3,page_view,,2025-02-25 11:29:20,desktop
2408,166,4f489f45-92b4-402c-bb2e-60e16ae63480,product_view,70,2026-07-03 16:11:54,mobile
2409,75,567b9583-e679-4a4b-b3ce-cf7c90d5e87e,page_view,,2025-07-18 05:29:15,mobile
2410,266,d59f2b69-79a8-432f-a097-1a15c80682d3,add_to_cart,4,2025-03-23 06:05:42,desktop
2411,284,21ffcf72-9b0f-4aa7-956c-478fb8541d6a,page_view,,2025-10-26 09:25:06,desktop
2412,188,a2ef0f53-8138-4447-a376-324fc30f3c69,product_view,42,2025-05-21 09:51:27,desktop
2413,291,aacefa98-732e-4280-82fd-617775ffe99a,page_view,,2025-01-20 23:32:48,desktop
2414,136,ba554e35-ddc8-427b-a623-b91a72f68fe1,page_view,,2025-09-21 12:28:30,mobile
2415,112,9ff0f466-ccc0-4446-96dd-58af53415fe2,product_view,60,2025-09-14 17:05:08,desktop
2416,275,6321d753-68dd-46fd-9fa3-8f4baa1cd2d8,page_view,,2026-03-29 00:07:52,tablet
2417,140,56c890a5-6538-4f11-a676-6b0a3b9a3daf,page_view,,2026-05-06 17:02:35,desktop
2418,28,aba23511-f544-428c-8bba-d72a8a7e9cce,purchase,12,2025-05-26 22:23:05,tablet
2419,233,47020de0-bc64-47e9-b16e-c0b6e3d9de7f,purchase,20,2026-07-13 11:09:09,mobile
2420,32,2a65bae3-ddaf-4233-96a9-e518a55ac92f,add_to_cart,18,2026-06-09 05:20:18,desktop
2421,37,a14ed649-926e-402e-8659-8f83b50b9ff8,product_view,49,2025-09-21 04:21:06,desktop
2422,,4f10aae3-b518-474f-8587-4243cbd10fdc,page_view,,2026-05-20 02:42:49,tablet
2423,218,a4d78f64-1fb0-46cc-a529-2f568fa09a4c,page_view,,2026-02-01 14:29:02,tablet
2424,104,f485e944-3142-40c7-95cc-861a8f31bf2e,page_view,,2026-02-16 13:45:45,desktop
2425,296,c1f31143-93ac-4eb8-8ab5-a7999e63638c,add_to_cart,9,2025-05-28 16:58:27,tablet
2426,64,8591a818-91fb-4925-b511-24380d892ced,add_to_cart,34,2025-05-17 20:16:00,tablet
2427,192,80acefb5-79d0-4e2b-8024-9b51307c3f63,product_view,35,2025-03-27 14:31:25,mobile
2428,,a8835c66-1eca-40c0-84c7-2b2ae598e5c2,product_view,79,2026-07-24 09:31:40,tablet
2429,,f65e52fd-2e03-49cc-8827-f0b5efa99c7e,page_view,,2025-05-02 17:09:31,mobile
2430,205,34afa2e1-c968-48ee-8663-f1a104db73f3,product_view,14,2026-01-11 06:12:34,mobile
2431,53,d6c34b19-b4a3-4c95-9466-99843ecb1bd6,product_view,8,2026-04-28 10:23:05,mobile
2432,116,15ab7cd2-71b9-45c8-945d-91a5e33d6982,page_view,,2026-07-16 21:04:48,desktop
2433,195,5207c6cc-9b5a-4674-8896-54b2ce926059,product_view,20,2025-10-28 15:00:38,mobile
2434,168,7dd12d57-0b84-4c50-96c1-b18366dc3989,purchase,12,2025-02-05 20:46:36,mobile
2435,,57076494-05f4-449b-af10-b6ccdcaa5994,product_view,14,2026-05-24 20:13:00,tablet
2436,91,06289878-6a39-4607-ae35-c5c86fe05fa2,page_view,,2025-02-19 05:24:36,desktop
2437,290,61cb78c3-513f-49a9-8724-91cadc11eb13,product_view,30,2025-06-29 01:11:35,mobile
2438,,fad34352-1d59-498c-974d-6b8741d6676a,product_view,80,2026-04-27 13:16:12,tablet
2439,243,490ccf97-2b0c-456b-8ab2-0bf4196dedc0,page_view,,2026-04-17 23:48:34,tablet
2440,171,c4af9dc9-416c-4562-aec3-641124df6dcc,product_view,77,2026-03-09 11:41:52,tablet
2441,232,f3c1114d-4e8a-40cb-a77b-71ea16f1e5cb,product_view,33,2025-06-21 12:37:02,mobile
2442,133,0f14f86c-2b50-4ad7-adb9-4a81684344a1,product_view,22,2025-02-27 10:14:28,mobile
2443,58,2e740569-5346-405c-b60c-2dd39d4e42f2,page_view,,2025-08-05 16:02:57,desktop
2444,,4c4b52aa-0ef9-4903-b69a-deac06f4b0ee,add_to_cart,47,2025-04-06 06:49:56,mobile
2445,118,24784b7d-51ee-4cc8-9947-4d1a63d316c1,add_to_cart,55,2026-02-09 20:52:40,tablet
2446,195,4207fb51-52ff-4ff5-a49c-5edd69aec17b,product_view,49,2025-01-05 19:18:13,desktop
2447,46,e645bb00-d3e6-4c21-b10b-394d6021a15b,add_to_cart,59,2025-11-05 21:47:54,tablet
2448,,3d57ee27-33da-4fc1-8d47-e26d1ef7a52e,page_view,,2025-11-02 22:24:18,tablet
2449,261,3c8aae87-9606-406a-98d5-4b7ec08bd631,page_view,,2025-10-07 21:25:00,tablet
2450,,8121c051-c09c-4132-8235-00f97e33e68f,page_view,,2025-12-12 18:19:30,desktop
2451,,44f00717-1d75-4901-b309-106e62928cdc,product_view,46,2026-03-31 09:18:07,desktop
2452,290,8d9957fa-76fe-4cd6-917e-7f4a0f8593c3,product_view,72,2026-03-24 07:36:47,mobile
2453,125,0766699f-7bf2-4a06-90c1-de9c683629ce,page_view,,2026-03-28 21:31:24,mobile
2454,,e9ea8b10-3bd6-4a06-a22f-c33168518341,page_view,,2025-02-28 18:51:45,desktop
2455,37,8dd7e052-44e7-4702-84c4-7757e2db1ce3,purchase,33,2026-02-25 15:26:52,tablet
2456,165,19fc8579-acd3-4f62-960f-69fcf6a646ee,product_view,22,2025-03-20 08:50:19,desktop
2457,211,a6cc0a57-8e01-4eb3-8352-8ba43f0e924b,page_view,,2025-08-03 01:54:17,tablet
2458,102,91788bdd-4dfb-4b6e-a025-7194c903cc1d,product_view,69,2025-01-09 01:27:07,mobile
2459,,d8a5aa52-157b-4495-b22b-e4aa68208025,add_to_cart,34,2025-06-08 12:36:12,tablet
2460,254,c86aed73-3415-4076-801c-5617a2c3b917,product_view,18,2025-01-09 12:11:42,desktop
2461,84,8a5a4272-5f90-4e57-a472-2a76f7c90c89,add_to_cart,67,2026-05-11 19:57:15,mobile
2462,73,3ec2e72a-c832-43f0-ab0e-63fdfc3d3138,purchase,37,2026-04-27 09:17:53,tablet
2463,144,f61b2bfd-6c7b-4a77-b3de-6bc2899bef4b,page_view,,2026-01-31 00:10:44,desktop
2464,,0ab2e2ca-73a5-4d2e-8e1e-7525e957967a,page_view,,2026-04-12 03:46:31,desktop
2465,130,f60b9881-76f3-4fc7-9009-6b2a00419afc,product_view,24,2025-03-24 09:32:53,desktop
2466,,a72edd5f-4a0c-408d-9ee8-27fad451b59f,page_view,,2025-12-11 19:29:27,mobile
2467,177,0f67a174-0023-44e2-aad9-8682f8da5a79,add_to_cart,80,2025-07-05 15:25:51,desktop
2468,220,45f72e6c-7b70-4f15-abfb-c97aeefa4d76,product_view,65,2026-06-15 23:37:52,tablet
2469,278,ae1455f4-d6e8-4ad3-803a-423a990ddc73,product_view,61,2025-12-05 10:40:29,desktop
2470,133,d7aa0f83-59f6-464d-bfce-50b36151bd93,add_to_cart,38,2025-03-12 08:34:40,desktop
2471,,d7371450-95cc-4da2-b677-0e04a1d8507b,add_to_cart,18,2026-08-19 07:45:22,desktop
2472,2,29529420-0ba4-432b-8804-044c82a4e22e,product_view,78,2026-03-22 06:37:34,tablet
2473,33,11e74656-9026-4d4c-88ba-135ebd3b17eb,purchase,75,2025-08-02 09:08:41,desktop
2474,265,b2cc4372-6532-43ae-96f7-91ac4cf6a297,product_view,15,2025-06-06 10:09:02,tablet
2475,151,b99e6f7b-23c0-4eb1-949b-862d1f7b6b19,product_view,32,2026-03-09 12:43:26,desktop
2476,,e0d6e969-478a-443a-bfb2-bfe18e7569bc,add_to_cart,47,2026-02-24 20:11:04,desktop
2477,,813be64b-9c46-44d3-b5fa-46fe6e951719,page_view,,2025-09-03 02:15:39,desktop
2478,,e2495790-517c-4dec-8d53-9417f5194ab9,page_view,,2025-09-16 18:52:35,mobile
2479,119,a29a7e5f-57b6-41aa-b206-4a1cae9e2bbf,page_view,,2025-02-05 04:46:52,tablet
2480,,b52f5f46-c0b0-4dd0-bac9-b5b642e88605,product_view,39,2025-09-05 09:01:55,mobile
2481,226,a98afcb0-3ef5-47fe-85e4-307a73e5550d,purchase,23,2026-05-19 02:27:15,tablet
2482,83,35eb728f-5775-4d0f-9256-e276fba75385,page_view,,2026-04-13 12:49:16,desktop
2483,,5415c636-9979-4a46-b580-8b5975b568d7,page_view,,2025-04-18 04:44:07,tablet
2484,,223bd9be-b11c-420e-a9fd-197204105bd1,product_view,2,2026-05-19 19:49:32,mobile
2485,250,9bd972ca-0086-4f9e-ac19-1606a57d4eb4,product_view,7,2026-02-09 15:09:11,mobile
2486,153,0273be68-e6c5-4969-8118-71cf79fdcd33,page_view,,2026-06-07 12:03:47,tablet
2487,119,8e484bc0-69c5-4d69-ac6c-db5aac367cb9,page_view,,2025-11-30 10:47:36,mobile
2488,15,7d2d93e8-b40b-4288-b24d-2a35e5304b87,page_view,,2026-07-19 19:00:52,mobile
2489,39,14c62aba-89c2-4ba5-a48d-f4c0c330ec14,purchase,67,2026-07-08 13:52:48,desktop
2490,162,a6b96653-a62b-4d30-a070-bdb9c98cd5fb,add_to_cart,79,2025-10-07 14:12:12,tablet
2491,270,e47f9c7e-07ec-4d32-89e4-ec2813d88e04,add_to_cart,23,2026-07-04 18:15:32,mobile
2492,273,71f71add-abee-45b2-90e9-15d4d50372a8,purchase,58,2025-02-06 11:57:15,mobile
2493,,f8d78cbc-5a5d-4cc5-9f98-2a0dac184ef9,page_view,,2025-08-14 06:06:02,tablet
2494,236,99ef827f-d3d4-4dd3-a05a-34f5d0126e91,page_view,,2025-06-21 07:37:53,tablet
2495,,d6d24227-2d5c-4a61-a302-1daa5ba3a49c,page_view,,2026-03-19 13:53:41,tablet
2496,151,fbda05ae-b270-4103-8fd6-b161c49968dd,page_view,,2026-03-30 17:29:44,tablet
2497,219,5ed7d1a6-7673-4495-9ff0-864c02288f07,purchase,44,2025-07-10 17:09:20,mobile
2498,194,0265a223-71cf-4772-b167-d947efadf069,purchase,32,2025-06-03 00:13:44,tablet
2499,248,c227e0f2-0510-4943-be3e-b6f738b595b9,page_view,,2025-08-20 09:46:50,desktop
2500,4,b58dfc59-ebe0-48c1-ae38-cf4647f86de4,page_view,,2026-07-04 08:17:06,mobile
2501,178,d0f7c7b0-1708-4bbd-b106-e8ce5b9a289a,add_to_cart,48,2026-05-07 08:50:13,desktop
2502,89,cef44098-4d9d-4bb1-a00f-80d49d0a94df,page_view,,2025-05-13 16:29:24,desktop
2503,19,fae91634-3bf8-4406-b89d-2267b7c25d94,page_view,,2025-12-05 07:45:13,desktop
2504,300,096b7724-5ced-43b3-b7a0-be7a7e6a3ea7,product_view,8,2025-05-09 16:49:52,mobile
2505,65,b43c7851-e78d-4f32-be2a-9f7347dfa607,page_view,,2025-12-19 16:19:01,mobile
2506,84,01d3a033-3586-4e6f-9b24-955cb4fbdaf2,add_to_cart,6,2025-06-06 12:03:13,desktop
2507,211,a3708c7f-d235-45df-bbf8-b1fe3232be72,product_view,29,2026-08-16 16:22:45,desktop
2508,151,47003fcf-deb2-4490-9c66-fdd96565e779,page_view,,2026-03-02 17:21:18,tablet
2509,36,2ba46308-7e77-46aa-8015-575691b0af07,page_view,,2026-08-21 15:20:24,tablet
2510,147,bd22f7fc-a8eb-4ba6-b19a-ed6a8d41cb4c,page_view,,2026-04-17 08:28:39,tablet
2511,176,9a5c68ad-aeb0-4110-ac13-b24990d22d54,page_view,,2025-01-11 10:48:51,desktop
2512,136,9691f45d-10bb-494e-acef-755790ad07c6,product_view,56,2026-05-27 08:18:39,mobile
2513,,209f4ff2-10a7-4298-bef8-1d8520d4c165,page_view,,2025-03-14 05:56:09,desktop
2514,170,db00ab4c-91e5-4e86-aefe-02c34276bfe1,page_view,,2026-04-22 15:56:10,mobile
2515,,ba991da0-85e8-4165-a189-6b253a5bece9,add_to_cart,21,2025-09-02 22:23:24,desktop
2516,299,d900b745-311d-4ed4-863a-5bb6c841b6a8,add_to_cart,36,2025-06-13 15:21:19,desktop
2517,,f845846e-fdf0-461e-85eb-074dad900360,page_view,,2026-07-23 21:39:00,desktop
2518,44,9d4d0658-886e-4ae8-ad80-016db16784b1,page_view,,2025-02-18 08:12:22,mobile
2519,15,e212f7e1-8f63-42bb-ae41-115540bf6f6b,product_view,31,2026-06-01 18:09:38,mobile
2520,193,6d575fd1-f019-455f-8080-1ed9743480a1,page_view,,2025-08-18 09:01:13,desktop
2521,28,a6685e80-f16d-4fe8-ac50-4475a4165dd1,page_view,,2026-07-16 02:45:21,mobile
2522,9,52b0147b-f052-4803-9a96-8e7d0d46e159,purchase,47,2025-08-12 07:31:33,desktop
2523,102,682904ca-febf-4c56-9826-c4966ebb7a17,page_view,,2026-04-15 00:46:15,mobile
2524,231,84aeffbe-ae1f-4957-9f28-e41746273272,product_view,66,2026-04-17 02:34:50,desktop
2525,188,846af2e6-5c89-4b2a-bedd-fc1777723a5a,product_view,80,2026-01-12 16:50:44,tablet
2526,152,b8a1e477-e240-4060-8b20-802fc24f3f4c,page_view,,2026-05-22 12:24:06,tablet
2527,292,eb1bb47f-4726-4e7f-8c05-e009397bfdd7,page_view,,2026-01-12 00:55:31,desktop
2528,123,50f53bd8-72e8-4652-884c-0a556b893000,product_view,50,2025-05-18 20:30:12,tablet
2529,227,55af47da-31d1-46cb-a450-dd3c01521e60,page_view,,2026-06-11 13:16:22,desktop
2530,287,cec3a6f4-9262-4536-a14e-21f714f16d92,page_view,,2025-12-20 05:50:30,tablet
2531,188,39c2c1a2-bcc9-445c-bd81-fbc0067ec672,page_view,,2025-03-05 16:29:52,tablet
2532,257,f530c98d-6c7f-4bef-b086-47e1fa647958,page_view,,2025-03-18 14:21:29,tablet
2533,35,326684ff-3ffe-4652-aac0-32fa130e8618,product_view,24,2025-04-05 10:53:58,desktop
2534,152,10168d65-4f90-491a-9448-10de2a1b76e3,page_view,,2025-03-03 07:26:45,mobile
2535,70,0722ab3c-18c3-4aa9-a013-5044a041301d,product_view,50,2025-09-26 16:51:56,mobile
2536,,062667fc-cedc-45bf-ae94-34ab7adf1458,product_view,71,2025-05-25 10:55:45,mobile
2537,,ef60250e-a055-41d3-8c16-ab4e97b018b0,product_view,31,2025-06-26 03:20:01,mobile
2538,146,3f4574d4-401a-45cd-972b-81545594d9c6,add_to_cart,37,2025-01-10 06:17:38,tablet
2539,224,f574175b-3d05-4bf4-b93c-4fbf1b9b71f0,page_view,,2025-01-23 20:58:01,desktop
2540,,d25697ad-0def-4fd0-951f-de3f573ecc3a,add_to_cart,12,2026-07-19 01:24:43,desktop
2541,85,3c9b3b84-cb4a-4dc6-8509-6c7855660d8e,page_view,,2026-08-09 11:32:27,tablet
2542,14,9997496b-c697-4476-92aa-48cff18c5581,page_view,,2026-05-05 22:07:43,desktop
2543,,187de0c5-c39b-46de-b043-77c39e9be9e2,add_to_cart,31,2025-06-07 11:49:47,desktop
2544,45,1ff49f0a-9435-4cb1-b24a-f3fba016db34,product_view,77,2025-03-31 04:08:42,mobile
2545,120,eaadcb2f-0f89-4df6-b97a-822c15e59a0f,page_view,,2026-05-30 13:21:28,desktop
2546,,e3dc8702-5033-44b1-a09c-f7af0889360f,page_view,,2026-03-19 06:24:15,desktop
2547,213,c85b811b-10a5-4073-b180-4803d9025a2c,page_view,,2026-05-21 08:42:34,desktop
2548,60,cd693dab-eb4b-4c0c-8fdf-60d520a62f9b,add_to_cart,20,2025-01-27 06:01:22,tablet
2549,,9c595e03-4d2d-4557-8e06-a41671219097,product_view,27,2026-05-30 03:02:35,mobile
2550,,1a115f59-10d7-4164-ae8d-0018a04dac84,page_view,,2025-11-09 20:24:23,mobile
2551,,0d5d2f64-8f2b-492b-8e48-4034ad74dd43,product_view,78,2025-02-21 20:14:43,tablet
2552,36,66d4b394-61a7-4114-9994-f7ba4b7faa4c,product_view,53,2025-11-06 13:07:26,mobile
2553,,693e5fcf-c080-4ba4-9e07-809d188854db,add_to_cart,14,2026-08-13 21:29:04,mobile
2554,36,c997f2fa-997d-4d9a-9d55-4b7d3bad3a0d,product_view,25,2025-11-25 14:17:32,tablet
2555,106,7412c272-02b7-4c51-9fbe-ffb3a8e3ac9b,page_view,,2025-06-05 08:30:05,desktop
2556,205,6d98567e-cb8f-4981-b6d6-682f6248953e,product_view,39,2025-03-12 17:37:52,mobile
2557,,19ed59a5-9e85-44d4-9ec6-20e0e143a0ad,product_view,71,2026-07-31 03:21:30,tablet
2558,,acffa99f-f005-4f9a-a6a2-c94556f11afb,product_view,62,2025-10-25 01:18:07,desktop
2559,16,84681060-743e-4fef-86a6-1b3dc86e0b55,page_view,,2025-07-30 05:47:05,mobile
2560,128,1ba651ed-3146-44a6-967a-efbb5404801d,page_view,,2025-09-27 21:34:11,desktop
2561,253,b69aca1e-985d-454b-8325-58201a49de98,page_view,,2026-06-16 17:17:06,desktop
2562,254,d73d52ba-ca17-41d0-97c7-68d6114a9827,product_view,20,2026-01-02 23:46:32,desktop
2563,,204054fb-92be-47c4-a784-cabe3190b8f4,page_view,,2026-01-22 07:36:29,mobile
2564,101,5afaeb32-419b-474e-8247-23c3a32a4516,product_view,65,2025-03-20 03:22:46,tablet
2565,29,9ef01577-b980-4521-bb3c-fc106bc71d7f,page_view,,2026-03-27 01:07:40,mobile
2566,294,233e84ac-3e3f-4da0-af98-ad3371d2e63f,product_view,27,2025-03-03 15:27:23,desktop
2567,12,20afaf9e-0f7c-49ad-8b48-3935cc09de64,page_view,,2025-10-15 14:39:28,tablet
2568,204,835c3541-6f93-4e2a-95a3-40d94fc9663f,page_view,,2025-09-09 04:59:07,mobile
2569,237,5b951652-c11e-416b-a6d6-2330f5b19be4,page_view,,2026-05-20 03:56:08,tablet
2570,268,8a8864c7-e29d-4722-956b-212f4faa0851,add_to_cart,4,2026-08-17 18:02:23,mobile
2571,25,7832b59c-25bc-49ae-a547-a8dcc686e251,product_view,26,2025-09-13 06:38:54,mobile
2572,16,4a832ab5-57c8-40b0-9a73-cd2f4f05495e,add_to_cart,52,2025-12-12 19:27:40,desktop
2573,278,8486b704-0211-46ca-b863-af2d5e6ba460,product_view,71,2025-07-17 22:41:04,tablet
2574,,250487e4-ada5-47e3-a85d-81db9620ed14,product_view,77,2025-01-06 21:02:09,desktop
2575,,d1b60755-81d1-4226-bcc5-6af30eac5e90,product_view,42,2026-07-09 05:08:50,tablet
2576,173,0dfabe46-dbd3-4865-8f38-1c01d5ce0626,product_view,46,2025-11-20 04:05:54,mobile
2577,59,f9fc9c3f-3206-4388-9804-550b6c0c32f9,add_to_cart,54,2025-01-25 07:49:10,desktop
2578,85,3385db3b-e893-486d-a3fb-6609334b92a2,add_to_cart,31,2026-03-15 18:02:40,tablet
2579,106,30799b56-576f-4264-9182-e8e7c9070c97,product_view,63,2025-07-20 14:25:54,tablet
2580,99,b11c7dff-b1dd-448c-b9c9-1e00aaf8e1d5,page_view,,2025-09-04 19:21:55,mobile
2581,,b1420898-998a-45a8-b7a7-aed0fb5f5290,product_view,53,2025-09-19 15:58:57,desktop
2582,212,90ebba12-9412-4a0f-9a1d-3dab54c5f266,page_view,,2025-10-08 18:49:58,desktop
2583,137,4cb4a7f6-9db8-4f7e-95ed-d864f68b6ba0,page_view,,2025-08-25 17:52:48,mobile
2584,,1ad74fd4-298b-4e78-9420-60ce6b2f9d47,page_view,,2025-04-19 16:39:08,desktop
2585,87,e9195919-ca08-4252-a048-72dc744d2442,product_view,62,2026-02-14 01:21:31,mobile
2586,263,eb821435-382a-4bde-bef5-50110acd1ac7,page_view,,2026-06-10 03:45:57,mobile
2587,138,b176e71f-3918-4c16-a386-3cd100f24a96,page_view,,2025-03-23 13:27:59,desktop
2588,,36903edb-9fb9-48e0-b76e-f3e63af33cc5,page_view,,2025-11-16 07:47:52,tablet
2589,36,c4b27b21-bc0d-46ed-bb12-2ee53d305a07,page_view,,2026-07-06 13:52:45,mobile
2590,,cea95510-54de-4c80-908d-13dff3dcd264,page_view,,2025-02-01 07:13:04,desktop
2591,,667ae277-348f-4ce0-a03b-c183bd75f95c,product_view,22,2026-02-14 00:48:21,desktop
2592,139,01b8c14a-fd68-45d7-937a-430a2f2aa5e8,page_view,,2025-12-26 09:24:03,mobile
2593,257,5b9e75f4-12e0-4b9c-8288-49d95ce195be,purchase,49,2026-06-03 09:18:07,mobile
2594,46,247474b3-1d7d-4bb3-8e00-44e207af3b8a,purchase,4,2025-07-23 10:33:39,tablet
2595,162,a19f2485-31c4-4c9e-b0be-96304a6333e3,page_view,,2025-12-13 20:37:45,desktop
2596,218,5c230306-c3f9-4409-a9a7-480095ef8b1b,page_view,,2025-08-25 00:15:10,mobile
2597,,32f9b771-0799-4940-b9ad-de7d0b3d58ad,purchase,18,2025-06-05 18:04:42,mobile
2598,268,380cc838-2c94-4f5a-88ba-d5fb32a4a8a4,page_view,,2026-04-28 09:43:23,tablet
2599,,2c9de90a-b805-4e3c-8312-5b58e2a868e7,page_view,,2026-04-01 07:33:38,desktop
2600,119,3ef7839f-8df4-497b-98f8-001856fe4769,product_view,8,2026-08-18 11:49:37,tablet
2601,11,2d1368f3-0580-4066-b22c-3dae2db4e428,purchase,75,2025-07-18 09:25:00,mobile
2602,294,19e79a3d-e920-4a24-8304-93f0d7c713b7,page_view,,2026-01-05 01:12:24,tablet
2603,,23226464-ad6d-44ef-94d9-a0ae055fd8d1,page_view,,2025-09-23 00:42:04,mobile
2604,271,e2901d96-c993-4819-a7a5-81e8610114f4,product_view,72,2025-10-06 06:52:28,tablet
2605,238,35d21dea-efa5-4c8a-96a0-49431c687714,page_view,,2026-03-07 06:17:18,desktop
2606,170,5ea0c503-3d7a-474e-b4c9-c3ad4e19392b,product_view,74,2025-12-10 04:31:07,desktop
2607,182,2bde3c78-a931-4044-9f52-58abcf3a9723,page_view,,2026-02-01 15:34:25,tablet
2608,71,cc8cc291-fa23-48bc-86e4-abacf0effa1e,add_to_cart,61,2025-12-29 15:50:32,mobile
2609,87,6f082598-e1b4-47ef-9f8a-4862ff68ef1a,product_view,2,2025-04-25 15:06:22,tablet
2610,35,1e559419-10bc-44d3-b600-4df4e0de0676,product_view,58,2025-07-29 09:51:47,desktop
2611,146,217bc29e-ec95-43e9-a1fa-246624f982ec,product_view,41,2026-08-23 06:42:13,mobile
2612,61,8855817d-3112-4678-b08c-523dcb7e717c,add_to_cart,28,2026-07-19 08:17:58,mobile
2613,264,516546ca-5fcf-4219-b1c1-2d4b60d16c16,product_view,12,2025-02-17 01:55:49,mobile
2614,239,a2da43a7-fa1b-4659-adf6-5800997c0dc9,product_view,14,2025-05-09 22:40:52,desktop
2615,173,c3595dc2-0bd3-42a9-abc7-8c063e9ace12,page_view,,2025-03-18 08:42:59,mobile
2616,290,dabc47ce-3068-4fdd-965a-fd0f9db402f1,page_view,,2025-10-16 03:16:18,tablet
2617,148,26087b53-ca22-4cfe-8b4f-8f748914741c,page_view,,2025-09-09 11:24:35,tablet
2618,77,a1243bea-0da2-4154-bf46-a43a53e2e047,add_to_cart,70,2025-07-26 23:17:53,mobile
2619,274,205f9619-df73-421d-87b2-e24dcbad3916,add_to_cart,46,2026-02-20 23:58:22,desktop
2620,285,95866982-f7e8-48a2-821d-f2cfd9fc13b8,page_view,,2025-08-02 01:45:27,mobile
2621,167,ba303cce-3590-47e0-bd2e-7d9ee2c6093e,page_view,,2026-04-13 17:11:52,mobile
2622,175,ca7ecb33-787d-46d7-88df-d1f114d72283,product_view,17,2025-03-08 19:06:11,desktop
2623,268,2adcecb5-109b-451a-9d69-32c9a9db47b9,add_to_cart,36,2025-03-16 00:04:25,desktop
2624,62,e1e669e5-c055-4921-a35b-8f49823483a8,page_view,,2026-03-03 04:20:31,mobile
2625,206,5fcfe711-8258-4678-804a-7761a52368e3,page_view,,2026-01-26 23:39:09,mobile
2626,299,2dd2d8c0-76da-4875-84d6-21487fa372cd,add_to_cart,31,2025-03-03 20:59:31,desktop
2627,156,868592d2-5fb6-4406-b665-8a3452630028,page_view,,2025-11-06 17:49:16,mobile
2628,265,f4ac27ef-b734-4467-bbb9-5b07b1cb62d0,add_to_cart,44,2025-07-09 08:46:51,desktop
2629,248,94c8a69d-44b1-41ee-b948-36f27eaab0a1,purchase,72,2026-05-23 16:41:35,mobile
2630,,ca665da6-ebd2-4b71-a35a-e36966a466d4,product_view,16,2025-05-31 12:24:07,mobile
2631,,350b0860-095e-497c-a655-2e7f957fe29f,purchase,21,2025-03-30 23:39:30,tablet
2632,16,73bb84e5-33f7-4722-a517-28b23832dfc1,product_view,21,2025-06-19 14:47:18,desktop
2633,300,37f5c238-6559-4365-bc00-a0f0dcf89878,page_view,,2026-02-23 14:46:37,desktop
2634,76,6088825e-e382-4da1-acce-4c234e55f3fe,product_view,47,2025-07-28 19:59:59,mobile
2635,185,d7a998ea-ef7c-4b39-a83e-deec92455468,product_view,53,2025-11-11 14:39:17,tablet
2636,56,15b2c2b4-8cf0-497b-8128-d40b5fc57ff4,add_to_cart,1,2025-01-15 06:52:41,tablet
2637,242,4b88445a-1582-4e78-806a-5949226378ab,page_view,,2025-01-22 16:16:31,mobile
2638,250,3aeceaf8-5a00-40f2-84d1-6f5e71cb19b3,product_view,8,2026-06-25 22:59:33,tablet
2639,214,83239ba9-771a-43fe-8a88-57a5957e8c66,add_to_cart,56,2026-08-17 08:11:04,mobile
2640,,737ea52f-6d15-4b06-961c-9af39f021a19,add_to_cart,5,2026-08-08 18:44:42,mobile
2641,139,5e15433b-68b1-411a-aeb8-b0e277b16be3,product_view,56,2026-05-19 11:05:07,tablet
2642,210,45e49a9e-5128-4026-bf5e-fb6bcdf40137,purchase,23,2026-02-24 12:39:22,mobile
2643,147,71127f4b-2df8-4502-8653-ee8561e30fb4,product_view,35,2025-12-15 14:22:49,desktop
2644,219,136d6cce-a535-49d7-83ff-fdea3bd9b015,product_view,47,2025-10-10 03:16:11,tablet
2645,258,4b658517-1519-413c-a6c7-1f155bed83be,page_view,,2026-08-24 09:52:59,desktop
2646,180,8bf160df-8346-452b-8073-aa66d7b4db17,page_view,,2025-02-11 07:03:25,desktop
2647,68,46c3c90c-c92e-4e01-9402-3a93a4c688ec,add_to_cart,8,2025-07-10 15:55:39,mobile
2648,116,1e5bc68b-1931-46f5-ba4d-45fded360bb7,page_view,,2025-05-09 14:09:39,tablet
2649,131,8bc85d37-09cc-4f1a-9c38-7c2a1243e838,page_view,,2026-01-16 16:08:24,mobile
2650,17,acd3d56f-3257-49cd-9571-276b33474b1b,purchase,60,2025-09-22 01:25:40,tablet
2651,172,bec62bbe-4d7e-44b1-8001-8cbe54492845,page_view,,2026-06-12 12:28:55,mobile
2652,140,d86f4bb4-aefc-4ef1-84bb-4aced0c8da67,product_view,62,2026-01-12 04:26:53,mobile
2653,286,9aa1f98b-b4a4-4eee-b0cd-f14946434f21,page_view,,2026-08-12 21:36:38,mobile
2654,,dae13a7f-ff97-49f7-a34b-20fdff7ca58f,add_to_cart,27,2026-02-14 14:51:42,tablet
2655,100,8b0a4802-bd64-48d6-b757-ec69c09c3207,page_view,,2026-03-21 08:23:38,mobile
2656,67,c523b4e9-022f-46bb-82d9-c5d7e991e6d5,page_view,,2025-12-30 14:34:21,mobile
2657,267,58bce5e4-d282-454d-8827-02f04caa568b,page_view,,2025-05-24 07:58:39,desktop
2658,96,f220eeb5-6760-4abd-bf31-0f21c87b17d9,page_view,,2026-08-17 07:34:09,mobile
2659,,c1ff9427-9477-49d7-9265-80c067dfc9af,add_to_cart,61,2025-02-24 00:15:05,tablet
2660,160,a7728290-78d5-40ef-830b-4532a7c24c68,page_view,,2025-08-01 09:08:16,mobile
2661,229,f394c60d-c2db-4aab-bd41-1a05833cd4f2,page_view,,2025-07-22 06:57:26,mobile
2662,101,3a42958b-65c2-480d-9d8f-3007263749ec,product_view,69,2026-06-11 07:39:56,tablet
2663,205,35ba5e93-bfc7-4282-b92c-8a723a17d79a,product_view,11,2025-05-11 13:06:32,tablet
2664,281,9645dec1-840d-414b-bbd5-48637974c90b,product_view,2,2025-10-03 16:55:14,mobile
2665,269,77ff3c31-c1f3-4837-8d78-3178c935a278,add_to_cart,48,2025-04-27 17:23:09,desktop
2666,198,5735773c-761e-4287-907c-5e53b8f6703b,product_view,50,2025-10-30 13:27:14,tablet
2667,155,d8867545-5025-4c18-95fb-f5dccabaef3c,product_view,19,2025-04-09 13:23:08,desktop
2668,277,f1224f43-c527-4f35-adc5-60443016b62b,add_to_cart,60,2025-06-11 15:50:26,desktop
2669,,704d628f-35a7-48ab-aaed-979fb2ac4768,page_view,,2025-05-29 22:54:35,desktop
2670,,07b4e684-8ef6-4ee8-9a5a-8bc373315c49,purchase,78,2026-03-15 19:01:11,tablet
2671,105,dfae1803-93d7-47e7-a392-3df45fec59ac,page_view,,2025-05-16 19:09:26,tablet
2672,293,bce0caef-f17f-45c0-8e39-f65a20db4294,page_view,,2026-04-13 22:20:26,tablet
2673,266,a8aa454e-cf76-470a-bff2-e80a027a76dc,add_to_cart,28,2025-03-24 13:33:17,mobile
2674,49,39b9c13a-56fe-472b-9acb-287dd5949c84,product_view,48,2026-08-19 15:18:49,desktop
2675,42,c0ac1c00-af8e-46b2-acfb-f1736b4d3d1a,product_view,4,2025-05-11 12:04:26,mobile
2676,223,b0c5d3d5-c755-4c99-8349-95ff67432c04,add_to_cart,68,2026-02-19 23:13:30,tablet
2677,207,9642b052-5379-4279-8cb5-062589a06a99,product_view,29,2025-11-01 17:59:37,desktop
2678,153,083ed925-c90d-45aa-914c-c11c05f30bc5,add_to_cart,74,2026-06-29 15:36:12,mobile
2679,,fa2c9e79-2758-4f1a-a39e-5593ec11a44d,product_view,79,2025-04-02 00:02:07,mobile
2680,95,9174f53b-548b-4c63-be87-a6bcf3e00dc5,page_view,,2026-04-26 13:52:35,mobile
2681,,e9eba9fe-9a5e-43f5-8c94-d15ca13d2600,page_view,,2026-08-03 14:34:46,mobile
2682,227,641118ec-ddf0-4771-92e9-b7659b9b3926,page_view,,2026-08-10 15:05:46,mobile
2683,132,f2dd85f6-3446-40f0-a19e-17fffaec8f42,product_view,77,2025-10-23 00:15:46,mobile
2684,179,62ed5403-88d4-4ff4-904f-3fc56400bb0e,page_view,,2025-10-20 15:06:03,desktop
2685,189,542ef29e-1bcf-492f-b98b-07573036f6b9,page_view,,2026-04-27 02:07:09,tablet
2686,17,a395b867-7397-41a1-b641-940591cbbc49,page_view,,2025-04-04 00:34:17,tablet
2687,,2be26bd1-17de-4ce8-8dfd-3ecde50dede5,add_to_cart,60,2025-07-28 13:50:29,tablet
2688,86,2d798f3e-8d8b-4c60-acc5-4c621ab444a7,page_view,,2026-02-04 23:54:49,desktop
2689,96,9a760ea9-b063-49a0-9393-daad0835075f,page_view,,2025-07-29 10:22:46,tablet
2690,289,32f194d8-2fcb-4dce-86de-e37b7d15c353,page_view,,2025-03-08 15:30:47,tablet
2691,50,62c9f4fc-f686-4fa7-a94d-ed1e11ca2a0b,product_view,5,2025-01-11 11:00:31,tablet
2692,203,4a85e443-3ba8-48d9-b4b5-5b8648a84587,product_view,3,2026-03-29 07:34:06,tablet
2693,,7464d6f2-11ea-4c00-863e-cbe2a8d99292,page_view,,2026-04-04 20:18:08,tablet
2694,102,02d3fb7e-84be-4e1c-9e5f-feaa0eb54078,product_view,66,2026-01-01 22:21:23,desktop
2695,144,e8e977f0-dc15-47c5-93a7-55812bfcc524,page_view,,2026-03-18 02:07:18,tablet
2696,102,fd561b27-2833-49b8-a41f-79aa692e33b9,product_view,54,2025-10-27 23:55:05,tablet
2697,287,6b1d20b9-8954-4c3d-a10f-2a8a1c59b736,page_view,,2025-10-20 12:44:44,desktop
2698,140,639509c4-119a-4396-be3e-9a907a6eaaa5,page_view,,2026-08-12 10:55:40,desktop
2699,110,34dbda6b-dd9e-4b6d-a751-82a4f48138b5,product_view,30,2026-07-07 16:02:14,tablet
2700,167,4f4c3f0b-34a7-4f9d-9ed5-c01721433dfc,page_view,,2026-08-10 01:05:31,tablet
2701,224,aa2fd9d1-b5ad-49f5-9161-a3816ea4b405,page_view,,2025-03-31 20:08:19,mobile
2702,156,9339304b-9a8c-43d7-a8a5-e34d798b2f02,product_view,57,2025-04-03 21:36:20,tablet
2703,277,33f60730-9665-4f7c-8f70-b88bf06c69d9,product_view,57,2025-10-08 08:56:19,desktop
2704,207,757e2b43-af51-4850-b77e-5f7a80a233e3,product_view,80,2025-08-08 18:19:36,mobile
2705,166,fdb7c107-01e7-4de7-b3a2-ca5f46834cc5,page_view,,2025-09-03 01:38:28,tablet
2706,200,d317d8c9-1060-473a-b21b-770724877651,page_view,,2025-06-19 09:39:22,mobile
2707,119,3f30ea12-cebc-4264-9ad7-5b94663463e9,page_view,,2026-06-26 14:46:15,tablet
2708,58,91b8ff07-e909-4654-9432-3b1c869e8836,page_view,,2025-04-15 12:56:58,desktop
2709,,76733597-75cf-4755-bdaf-76e7e115d52b,page_view,,2026-04-08 02:18:42,mobile
2710,24,1752815c-bcbf-4583-8a01-75e5937d6fb1,page_view,,2025-11-14 15:16:38,tablet
2711,219,eb3cc270-e188-43d7-a573-dc3049b49625,page_view,,2025-11-03 21:23:12,mobile
2712,207,d7b73862-b347-41d4-98c6-b1c674d082c5,page_view,,2025-10-10 16:43:54,desktop
2713,299,641e7f8c-4c25-498e-8ad7-3d36b62e8f02,page_view,,2025-03-25 15:30:40,mobile
2714,,d98f5e83-cf5b-494d-92cc-48539cef5ef4,page_view,,2025-12-13 01:36:43,mobile
2715,208,2df8d4a8-3fc7-4cb8-aa40-e5cc2cd51392,product_view,45,2026-07-19 14:52:58,tablet
2716,36,6e9c92ba-bbb5-4037-9e23-faf9e66414db,product_view,6,2025-02-13 11:01:15,mobile
2717,114,a8b97820-e92c-4b92-a279-67a3753439c0,page_view,,2026-01-17 04:46:13,tablet
2718,206,1874ed7d-9190-453f-b2d2-570a2ef634f2,page_view,,2025-08-17 18:46:23,desktop
2719,1,0b2d983a-f218-4128-b2da-61f764bfc76d,add_to_cart,4,2025-06-21 21:20:24,desktop
2720,247,286e3f0a-dedb-4ec4-a2b2-de4b3d5cab0e,page_view,,2026-06-16 00:25:15,mobile
2721,16,89a92af3-a0ca-4f8e-a1ef-2dd3461633bc,page_view,,2025-10-29 12:52:55,desktop
2722,,11162039-ea92-459b-aaaa-077f4ab946a2,product_view,48,2026-07-27 01:59:42,desktop
2723,47,e6f8dac3-b8ef-4250-b9fe-60c6b2b302d3,product_view,78,2026-08-05 21:03:31,mobile
2724,,69498671-7e55-43ba-a8a2-f417379e03dd,page_view,,2026-01-18 01:19:02,desktop
2725,295,1f08f855-8d85-4df1-8309-4f28fe0d40b4,page_view,,2025-08-16 20:59:08,desktop
2726,42,c161b06c-1397-4542-9e65-3990fecd0ded,product_view,64,2025-03-20 17:35:11,mobile
2727,160,c78e0272-c43b-47af-8120-053d1aefff21,product_view,19,2025-07-28 05:55:56,tablet
2728,188,2a32e553-7370-4a7e-a8fc-0e45537598d4,page_view,,2025-04-14 21:51:04,desktop
2729,,0b6d35d7-818d-42af-b516-567d40b55023,purchase,29,2025-08-01 05:06:55,mobile
2730,144,a38cc35f-12bc-4090-86d6-fba776509bcd,product_view,21,2025-05-19 01:31:56,tablet
2731,136,763f56ac-bfee-4533-acf5-9149b1c9d0dc,page_view,,2025-02-23 07:45:44,desktop
2732,38,663b4427-bef7-410a-97f9-f3a761936947,purchase,61,2026-05-23 13:13:27,tablet
2733,198,09ab99a3-658c-42ee-b1c4-6ef9db13f2ec,page_view,,2026-04-05 09:16:48,tablet
2734,,b5878d33-1d5b-48b0-8027-b28302bfaf1c,page_view,,2025-03-11 06:36:05,desktop
2735,68,ab987d93-53bd-4128-a2f0-6403eac97d37,product_view,30,2025-03-02 14:08:19,tablet
2736,190,761b7e11-7c19-4e61-b6d8-cbc7bfa93b6e,purchase,55,2025-11-22 17:51:15,tablet
2737,,a832a228-8c65-401b-9521-e8251177fdd5,page_view,,2026-07-22 15:42:53,mobile
2738,33,700ea842-f334-485d-b6ad-478c3e06f427,product_view,16,2025-05-15 23:29:10,mobile
2739,114,4775d7ab-d207-4bc4-b885-8b6d23e7cd20,page_view,,2025-07-06 11:48:58,desktop
2740,261,d6a7aa06-2bab-4a12-a94f-513fd770a46e,add_to_cart,75,2025-05-19 02:10:07,desktop
2741,114,2d5f60d9-19bb-4bf0-9b63-9a38049ffb5f,page_view,,2025-10-19 12:24:35,tablet
2742,259,bdcf6fd4-88df-42c1-9fc8-628d4b4d1079,product_view,14,2025-01-21 21:12:52,tablet
2743,56,abe05b22-13dc-4154-ab1f-c2ab640eb68e,product_view,52,2026-07-15 01:45:44,desktop
2744,177,45f3dc5a-ad68-4b45-82de-b2e6c37a927b,page_view,,2025-03-08 05:07:58,mobile
2745,217,2d8d7db8-5bab-46cc-b0ce-f646274b8b98,page_view,,2025-05-06 14:44:37,desktop
2746,286,e4872e77-08d1-4094-b6e3-b91b3777d823,add_to_cart,33,2025-09-19 14:49:15,mobile
2747,39,712ab8eb-3756-4005-8844-bc0caccfb130,product_view,64,2025-04-15 09:20:40,mobile
2748,283,a2819fce-d624-4055-8c39-bd0eb25db530,add_to_cart,35,2026-03-12 20:31:54,desktop
2749,290,a99c37b3-a419-4fe4-85db-19d7cfbf3d39,add_to_cart,4,2026-02-18 00:25:14,tablet
2750,171,1a50a93c-e5a2-409d-a8f8-687bb766ac85,add_to_cart,65,2025-02-05 15:04:19,mobile
2751,234,71a91c81-4eee-4680-b0ba-8fe363ff910d,page_view,,2026-02-12 15:44:09,tablet
2752,280,0c754a17-0131-4601-9923-fc7a0d6b160f,add_to_cart,45,2026-08-09 23:48:22,mobile
2753,73,33a51ac6-c461-494d-a09c-fe40c5bca449,product_view,36,2025-03-22 11:06:23,mobile
2754,9,e8a44238-5fe8-4710-bfec-5325edc72f12,page_view,,2026-01-03 16:32:26,tablet
2755,221,041b1878-1765-49e7-b332-432b3d10fa95,page_view,,2025-07-15 22:49:55,tablet
2756,208,03ba33a0-fd42-469c-8727-59406bf36656,add_to_cart,78,2025-03-29 21:51:57,desktop
2757,,ae11d3c2-3130-4c8f-920e-0734564d46aa,page_view,,2025-10-20 18:02:09,mobile
2758,206,f5705436-3877-4265-902c-01a3ab404598,page_view,,2025-10-28 13:39:54,tablet
2759,8,d5dbcbee-cc03-48d3-98ba-fcc9e1dd7fdf,page_view,,2026-02-01 04:42:50,tablet
2760,199,b958d153-2afa-4f6a-aa03-081bd4986a31,page_view,,2026-02-04 14:05:17,mobile
2761,277,833334f6-6a6a-4149-8b44-676d2ac39be9,page_view,,2025-01-09 06:54:16,desktop
2762,66,529b20e0-53bf-4b10-90cc-c1a51b912adc,page_view,,2026-02-14 19:57:58,tablet
2763,212,9fea97cc-3086-4fe3-a075-13728fe2c74f,product_view,6,2025-05-08 14:24:42,desktop
2764,255,6522e8b9-8aad-4665-af30-141d3505c563,product_view,38,2025-02-15 05:45:27,mobile
2765,255,3b7f1998-1eed-4236-ad89-9035f05d45c7,purchase,27,2025-03-30 05:22:15,desktop
2766,,52c83bfc-5b48-461f-9b1b-4cd736ba4918,page_view,,2025-07-27 12:23:11,mobile
2767,200,a76c11cb-66f2-4d1d-83d6-af3f2c727675,add_to_cart,1,2026-06-18 11:41:17,tablet
2768,159,3677f5b4-63a1-4caa-8311-362650f51e97,product_view,9,2026-04-09 06:32:40,mobile
2769,29,a8702d97-10e6-4176-b858-3966757256f6,page_view,,2025-06-03 00:18:01,tablet
2770,117,9fb886b2-a662-4b92-8748-ffb3d0a96757,page_view,,2025-03-31 06:51:36,tablet
2771,,e2ad828b-113c-4f25-8b3f-953a5e75788f,page_view,,2026-02-28 00:36:23,desktop
2772,118,c47dd678-4d31-4923-a93d-a46c37f39aac,page_view,,2025-06-02 08:49:05,mobile
2773,,fd8fb938-fbac-4ade-bfe4-36d1994f7c31,product_view,16,2025-01-07 22:00:37,mobile
2774,297,ca90001c-8943-414f-b668-705d1a10748c,page_view,,2025-09-22 08:14:11,tablet
2775,,91b76c45-d9b8-4389-ac16-ddb7fd93754a,add_to_cart,10,2025-10-15 01:07:39,tablet
2776,249,18412e07-f583-4c69-807f-26542be4be9c,product_view,34,2025-07-21 23:07:33,desktop
2777,247,a180f402-fb3e-427f-9308-e1f29990e4a9,product_view,70,2025-06-04 11:03:31,mobile
2778,50,ecaf8800-ad8a-4364-a379-064fb241b95b,purchase,55,2026-06-28 05:21:43,mobile
2779,,2207cb65-b197-4ed1-857a-e3fff8ed08ae,product_view,73,2026-06-14 02:56:31,tablet
2780,,c2ffd690-a2a6-461a-ace2-7ec9550100bf,page_view,,2025-02-13 20:38:19,desktop
2781,,fa5f9e72-5166-488b-b008-32dae24ba9d4,page_view,,2026-02-23 12:31:03,desktop
2782,223,11489054-7b6c-4596-aa97-435dd9ff74eb,add_to_cart,43,2026-01-06 18:20:51,desktop
2783,145,e97f995d-9bc8-46f6-8484-a1b355c974a4,add_to_cart,45,2025-05-11 15:10:58,mobile
2784,154,82d29bf8-61e3-478b-b2eb-de4e95c4fab0,product_view,69,2025-05-28 07:06:54,tablet
2785,253,80e022c8-3b80-4c61-bde7-8473a3fdd59c,add_to_cart,20,2025-11-19 11:18:59,desktop
2786,66,03671560-fd06-475b-b462-931f966456be,product_view,26,2025-12-01 04:15:03,mobile
2787,270,c249f59a-9dc9-46df-856e-3d783b8c0f84,product_view,24,2026-07-21 00:55:08,desktop
2788,,3c847821-4f10-4422-9fc2-2517e593562b,page_view,,2025-12-11 13:18:29,mobile
2789,270,3e59034b-c1da-4b7d-adb2-094bbce7e298,page_view,,2026-04-29 05:46:59,mobile
2790,226,2336d60b-0f57-4d6b-9452-e1309ea8ffe3,page_view,,2026-03-22 13:49:26,desktop
2791,273,33b70b63-4bee-4160-bfac-89fe5fe0c7c3,page_view,,2026-07-14 18:01:39,desktop
2792,257,a45ca94a-3452-48c4-a031-046126d3e222,page_view,,2025-05-13 02:01:29,tablet
2793,107,b9add00a-ec64-4a9b-bcf1-c29e09b4413c,page_view,,2025-08-09 14:12:01,tablet
2794,98,71980a55-f224-464c-bd11-b3ff991b749e,page_view,,2025-05-20 14:25:21,mobile
2795,,225f52ab-5425-44b8-a098-d2e3bd3fdb62,product_view,62,2025-10-30 02:59:34,desktop
2796,135,c976ec61-a4c3-4af7-914a-36bf47334b73,page_view,,2025-05-05 00:33:15,desktop
2797,,cab21438-8557-4c6c-8a23-b722c2afba28,purchase,46,2025-05-26 21:30:47,tablet
2798,157,d00dcc4f-a5e6-4ec4-aa36-7425fa41dd2e,page_view,,2026-04-18 11:21:19,desktop
2799,110,3aa06694-0610-442d-8024-1ac149d83188,page_view,,2026-05-06 03:31:12,mobile
2800,186,57bd0ca8-54ce-40ea-bb9d-92c0d8d0b8db,page_view,,2025-09-06 10:04:18,tablet
2801,85,0dd7cac2-8a10-45c5-b4b0-738e3e040782,product_view,79,2026-04-24 01:02:14,mobile
2802,,fd063a58-aa3d-4585-aaec-f4e0e81909ce,page_view,,2025-07-30 23:03:12,desktop
2803,155,b23f4738-aff6-48bc-8d2b-f2063f931507,product_view,64,2026-01-09 19:45:37,tablet
2804,283,df69a560-9baa-4785-b8f2-17f0b8314c26,product_view,9,2026-06-28 19:03:35,tablet
2805,,2efcd60c-5256-4d59-857f-2f3e61a90fb1,purchase,66,2026-02-18 01:57:16,tablet
2806,67,108abb5c-018c-4313-a139-6d49713e9035,page_view,,2026-08-10 21:30:32,mobile
2807,131,f42323d9-11ea-4815-bddc-44f5deaf9631,page_view,,2026-03-24 07:59:42,tablet
2808,,fdf48930-a265-4f65-8d56-e00031456a6c,add_to_cart,75,2025-02-16 07:40:11,mobile
2809,,2024c407-3447-434a-b032-c262243b7101,page_view,,2025-08-23 21:55:16,desktop
2810,21,8c813e53-97b6-4461-ac76-04c1177d8b26,purchase,57,2025-01-15 10:33:09,desktop
2811,61,3451cf94-ee8b-46d3-8b94-6541d4cae432,purchase,68,2025-08-12 14:25:49,tablet
2812,236,6d1e0d7d-1402-46ee-81e6-935f3c7ed208,product_view,64,2025-09-19 00:13:55,desktop
2813,,2a064fd2-4fbc-4984-b792-2d9eb998e2d3,page_view,,2026-02-25 12:51:41,desktop
2814,,6c8c5d0e-3eb3-46fd-b291-bc95b8bf9cae,product_view,58,2026-01-22 05:04:11,mobile
2815,282,4d980202-3fbc-45e0-9b19-11122d2ae08e,add_to_cart,16,2025-07-05 23:29:03,tablet
2816,,f7bce0ef-72c1-468e-9390-6193490ce315,product_view,28,2026-05-31 15:07:19,tablet
2817,,dcc7eb51-4598-4b17-b38f-0430a2b6eddc,product_view,34,2026-03-27 04:51:59,desktop
2818,111,f37599aa-147b-4d20-bb2e-00e6c8028d0e,product_view,26,2025-01-12 10:53:58,tablet
2819,221,60b217f9-65f3-4984-9c0d-8fccf8f960bd,product_view,5,2026-02-16 14:35:45,tablet
2820,17,6c35e33c-70fe-45a1-b880-adc62af2b718,add_to_cart,70,2025-12-27 08:25:57,mobile
2821,,6ef54cee-bc24-4f9f-9c01-4262815ada5d,page_view,,2025-09-28 07:29:06,desktop
2822,142,f42973f5-d1d1-4e0b-a7e7-a6bdc2a49fd8,product_view,72,2025-04-04 04:05:41,tablet
2823,222,c30dcc74-0512-46b8-bb64-665ccb26a809,page_view,,2025-06-07 09:31:00,mobile
2824,,154ebf91-daa2-42b4-ad69-e88c61a4b230,add_to_cart,31,2026-04-24 20:17:30,tablet
2825,,4cdbf99e-ebe9-4dd4-a80d-9169c24489e1,add_to_cart,3,2025-11-11 20:21:23,tablet
2826,116,8d87b7be-271d-40f1-8985-c98d985defc4,add_to_cart,33,2026-06-26 03:27:11,mobile
2827,174,61652fd3-41dd-4edf-acfa-a174ba059e68,product_view,47,2026-07-20 22:46:15,tablet
2828,133,48817b98-741f-4545-8e4c-01f676b1d8fa,page_view,,2025-09-10 18:11:28,tablet
2829,54,7b189d5d-9b24-4a55-8fe8-8b776009a05a,page_view,,2026-02-24 07:02:32,tablet
2830,296,b7014925-22fb-4906-954e-d52c126aa315,product_view,63,2026-02-14 16:47:32,desktop
2831,244,ea879f65-279c-458a-b21a-6d71782152e0,product_view,73,2025-08-03 13:08:21,tablet
2832,107,dc956e31-0349-4b41-8111-fa05308b5146,add_to_cart,40,2025-04-02 17:40:38,desktop
2833,38,5fcf5c22-b9b0-4c1a-baf9-706d802ddcc4,product_view,29,2026-07-23 00:51:18,tablet
2834,153,6a7330b3-ecfa-4700-a790-eee07dcfe924,page_view,,2026-05-19 04:44:35,mobile
2835,7,be006ccb-f872-4487-a507-c321f0b6844f,product_view,63,2026-02-20 04:11:10,desktop
2836,17,4eccb0ab-7d53-48ca-a250-46c05f866c8e,page_view,,2025-03-25 08:09:12,tablet
2837,,123c6a29-969b-4b4b-bcce-3ef8a41bc4c2,page_view,,2025-01-01 11:12:26,desktop
2838,,fe12ace5-09f0-4f24-a28f-553768a64d97,page_view,,2025-09-15 18:10:56,tablet
2839,,eea00af9-6283-450f-9fdd-c20aebee30cf,page_view,,2026-08-23 21:58:49,mobile
2840,,c350bf4f-31b8-4079-a990-94c090cbb982,add_to_cart,68,2026-02-08 03:32:26,desktop
2841,129,c571f9ab-4158-4d90-b504-4d156fb138c2,add_to_cart,78,2025-01-19 11:21:16,tablet
2842,293,593c73f2-b8e5-4141-8067-6073e9c000f0,purchase,44,2026-05-08 08:09:42,tablet
2843,14,a28e0841-7d16-4228-b589-717e8275b18a,page_view,,2026-08-10 13:52:04,desktop
2844,199,0ec5bad7-b24a-46e3-9e41-1475b040d75a,product_view,5,2026-08-22 14:21:35,mobile
2845,,6c8de840-ed30-4556-a2a5-3193a6a1cc2b,page_view,,2025-07-18 16:40:40,mobile
2846,115,7a4c38ef-3e0a-466d-bf2d-bf97bc547d54,product_view,8,2026-01-08 18:31:44,desktop
2847,225,5c85a58c-d029-4d6b-abe5-5cc408d57cf7,purchase,35,2026-01-07 22:35:23,desktop
2848,,073bca43-ad2a-4a7c-b4e1-0c33a1861de1,add_to_cart,47,2026-01-06 16:09:46,tablet
2849,,25dbbe8d-a534-4425-aa69-b7f7b28d7cb8,add_to_cart,63,2026-04-24 00:15:32,mobile
2850,,f1bb5d9b-7499-4b6b-9afd-d46442e6918c,page_view,,2025-04-09 16:59:10,tablet
2851,94,3f569381-4119-4559-a5b9-de82ae5a5f99,product_view,53,2025-01-05 21:20:39,desktop
2852,209,a9a0758e-f3a7-4d25-940e-35219a26755a,product_view,69,2026-07-18 15:17:43,mobile
2853,,1de20f2d-0328-4b00-a953-4ea7d76d9612,add_to_cart,44,2026-05-01 07:17:55,desktop
2854,246,b62c09bf-a4f7-4a30-97a1-5a60c55e6efb,add_to_cart,76,2025-10-28 07:44:17,tablet
2855,211,b4c0fd18-65cd-4fd1-a264-9ce8eab8d5be,page_view,,2026-05-24 01:51:32,mobile
2856,77,1491b51d-e6a7-46b0-b961-9ae2960e9c1a,product_view,64,2026-03-11 12:46:00,tablet
2857,136,e041f0a3-3056-487f-a8f2-6d6384bed7ed,product_view,67,2026-04-01 23:52:39,tablet
2858,133,6d4772f8-d46a-47af-aa73-6a676c461d48,add_to_cart,34,2026-03-30 02:51:03,desktop
2859,123,802a63cc-4d5e-42e8-b11c-377f40bc2b56,page_view,,2026-03-30 09:12:07,desktop
2860,67,e2fb8d66-a892-4ad4-887f-e19cf7ba19f9,page_view,,2026-01-09 08:47:12,desktop
2861,3,bbe30fd2-4ed7-43f3-9609-52eb61fe6f28,product_view,35,2026-06-21 22:15:03,desktop
2862,117,eca04629-e05b-47ea-80a1-5dbc695f34ff,product_view,34,2025-12-07 00:58:57,mobile
2863,179,1bf962a5-16c0-48e8-9e92-2cf1ba47680f,page_view,,2025-02-03 17:33:01,tablet
2864,,cc2b2f49-c6d5-4a90-9296-ae08a2dcb574,page_view,,2025-08-10 07:14:06,tablet
2865,207,44de950f-2488-4ee3-9071-3f73582a2099,product_view,24,2025-05-04 09:01:03,desktop
2866,156,bf8ff33e-ee15-45cf-b5a3-7765bfacc63e,purchase,68,2025-02-13 10:04:27,mobile
2867,235,01a4c2d1-4edf-4a12-b2f2-40e365e1605b,page_view,,2025-10-09 03:10:50,desktop
2868,,7de1936b-d0fe-44f1-ab1c-2d3dfcadb3fd,add_to_cart,28,2025-06-30 09:22:39,mobile
2869,24,c6141017-11e1-41c7-98cc-84170067743e,add_to_cart,19,2026-02-22 13:08:32,tablet
2870,273,6ab62dbf-8663-48bb-aaf7-895bb241cfd3,product_view,75,2026-03-19 07:29:57,mobile
2871,203,6e52b671-bba8-47e5-89d0-aac1a78eb37c,product_view,55,2025-09-30 14:20:54,desktop
2872,127,2fb7e9bd-5fe9-4750-ad28-a2a82baeafc7,page_view,,2025-05-20 17:41:00,mobile
2873,293,7c89617d-32b1-492b-a263-960ab43c6fef,product_view,34,2025-04-25 12:13:17,tablet
2874,,1c3892e8-f2cf-4d63-80ab-4b7f2e968660,page_view,,2026-08-13 10:19:42,mobile
2875,,366b3575-d07a-4518-912c-f322735e8153,page_view,,2025-07-03 22:52:30,desktop
2876,248,bffa7a4f-0f19-42db-b370-dc1d2f85f99d,add_to_cart,15,2025-12-02 04:11:11,desktop
2877,266,311f5d4a-c258-4de2-8f26-54892ec75a83,page_view,,2026-04-18 17:19:20,tablet
2878,104,df223246-e6fb-41d3-bba2-6c214264e318,product_view,31,2025-01-23 15:33:02,mobile
2879,111,e9b87e7a-a078-4a1f-b0d3-b5f768a69e71,add_to_cart,58,2026-01-16 09:48:55,tablet
2880,271,a2ed50b9-de4c-48bc-9bf4-3b9f9fda15ac,product_view,44,2025-01-24 12:31:20,tablet
2881,94,15f0e5ea-4b0a-4742-946e-6a4f2a873e02,page_view,,2025-07-10 17:00:55,mobile
2882,271,107380cb-46d9-434d-9feb-21c760b2d14b,product_view,56,2026-04-27 02:12:04,desktop
2883,,3c1a8ce2-95ec-4c2c-8798-3bc0579744ba,add_to_cart,70,2025-05-03 05:49:21,tablet
2884,,c2b2547d-ac3c-4be3-bc35-b2747a57772b,add_to_cart,52,2025-04-08 07:57:08,tablet
2885,,441dde33-0fa1-459f-826f-05f619cea0c3,page_view,,2026-04-18 09:13:53,desktop
2886,267,aa528f85-01d9-4b33-b488-e328c075e119,purchase,14,2025-08-01 09:02:46,desktop
2887,257,0ab74b5d-fcd4-4681-8a09-7b17951b2503,page_view,,2025-12-09 18:23:14,mobile
2888,34,cab285dc-85b7-4774-b608-937418caa0a9,add_to_cart,52,2026-01-08 04:20:11,mobile
2889,137,852393d7-9a5d-476e-a02b-a25601dbeb73,page_view,,2025-02-06 16:34:06,tablet
2890,276,440dd09f-c2e8-4fc2-b649-6cdefca54576,product_view,39,2026-03-28 19:19:47,tablet
2891,101,c1c4f618-7925-47d5-bc65-a804ee9ff73c,add_to_cart,30,2025-09-18 18:50:35,desktop
2892,222,56282768-6df0-4c3c-9ab8-180f56479889,purchase,43,2025-10-19 00:15:48,desktop
2893,67,57d3ec63-e3e1-43bb-ae8e-60755eebc618,product_view,66,2025-03-01 22:22:02,mobile
2894,,3d563b0e-d11c-45c8-90b2-81c0ffdba2ee,add_to_cart,71,2026-06-03 08:54:54,tablet
2895,132,660237ed-aa42-4203-9c78-4ca4f0e4ca0b,page_view,,2025-03-26 15:35:01,desktop
2896,167,f9ad97ae-0ea7-41a6-9c5d-fb8d60e12973,product_view,65,2025-10-01 09:30:21,desktop
2897,283,ce67b962-548b-4bb7-9f82-00b85b24bb54,product_view,74,2025-11-20 21:23:41,mobile
2898,,dedbcef9-74f8-4913-80ca-280f19a53942,purchase,5,2026-04-18 22:48:14,desktop
2899,176,d5de293b-b9a8-47ba-a6dc-e997b2c454a4,page_view,,2025-02-25 04:31:18,tablet
2900,106,0692fe02-238c-4712-accf-3b91e35209a0,add_to_cart,5,2025-05-14 22:06:07,tablet
2901,206,87d75309-de77-4156-9f76-043f9a16b853,page_view,,2025-08-13 00:46:35,tablet
2902,85,c05e5ade-b303-4188-b378-cb94478b2f00,add_to_cart,46,2026-02-14 12:50:19,desktop
2903,126,73b0e73d-5e51-4bf8-bfa0-29a6d0a73b72,page_view,,2025-05-01 12:51:37,desktop
2904,31,deaeb0c0-a8ac-4ab1-afa9-d02c9e4c4be7,add_to_cart,60,2025-08-02 05:56:50,mobile
2905,,a904babd-69c2-4a17-83d1-677a79a6ab72,add_to_cart,78,2026-01-01 07:49:40,mobile
2906,168,a358c4d3-fc76-427b-80cd-11a8301c8108,page_view,,2025-10-27 04:39:40,mobile
2907,,527a9f7b-d007-4d41-b122-d458f521cf35,purchase,18,2025-02-09 13:59:58,tablet
2908,,df996726-5c36-4f5c-a23f-3abf0441e22c,add_to_cart,39,2026-06-26 04:31:51,tablet
2909,,bc5e3e2f-cebc-4bd7-b837-8be20bb68d75,page_view,,2025-02-27 12:37:08,desktop
2910,230,3bca7ff6-71be-4c72-ad8c-c85c53559e80,page_view,,2026-06-13 13:04:03,desktop
2911,249,bd3c83c3-6671-49de-bc0a-8f909b54d227,product_view,27,2026-08-24 19:07:49,tablet
2912,,592c6a0e-14d4-4d3a-8b40-fcdd9cd2da08,add_to_cart,43,2025-12-02 08:37:05,tablet
2913,192,f104ad27-ee75-434e-b067-dba16d8bebc3,add_to_cart,69,2025-06-10 17:41:43,mobile
2914,97,a888e7af-fca3-4bae-b9e3-202eee4bd350,add_to_cart,18,2026-03-24 09:59:37,mobile
2915,51,19b7775f-e7bb-4e42-b312-6a11db6ae7db,product_view,24,2026-01-07 13:17:38,tablet
2916,215,9b6fbe20-4b3a-4a83-a286-16f4bbf9a04b,add_to_cart,68,2025-03-23 12:15:11,desktop
2917,125,deaf0fa9-24a6-4a6c-b641-d44931f09021,page_view,,2026-06-10 04:30:44,tablet
2918,169,c8ecb641-9267-4e10-a050-df248522496a,add_to_cart,34,2026-05-29 16:30:38,desktop
2919,,08207d4e-812f-4d98-b777-6609db576a7f,add_to_cart,2,2025-10-29 18:39:34,tablet
2920,59,164b85f0-cbfc-421c-bf78-042820bb859a,add_to_cart,42,2025-02-01 18:35:01,tablet
2921,,ff0dd3c2-ac4d-4d33-9515-28af4d25298f,page_view,,2026-02-21 10:34:33,mobile
2922,171,77806788-dff1-45e3-bcba-6c808c7aa939,page_view,,2026-02-27 21:41:14,desktop
2923,181,f47e3ca0-723f-485a-a57b-084d2b0582e0,product_view,27,2026-01-13 12:06:39,tablet
2924,32,8a693650-a9a2-49cd-bb6f-65df1d9d1d80,product_view,18,2025-06-06 16:15:41,desktop
2925,154,2ba17f78-362e-47d4-be4c-943a3dabba61,page_view,,2026-04-08 22:50:58,desktop
2926,140,b32d3c81-a8e5-4e05-b1b7-bd1ec0d52828,page_view,,2025-07-04 13:28:08,desktop
2927,61,fe4cefed-6f55-4c9e-9b00-0f9f16e500e5,page_view,,2026-06-11 16:17:18,mobile
2928,128,edd32be9-2905-4dd7-877b-1426b73c62ab,product_view,61,2025-02-09 00:37:11,desktop
2929,,622c636f-e713-4930-9395-8e5cedd0ce02,page_view,,2025-12-05 13:15:34,tablet
2930,281,b81bda1d-386a-4050-87c5-8839c42cd0ba,add_to_cart,73,2026-03-03 16:48:54,desktop
2931,55,f395c213-79ee-42c0-aa7a-907d41f3f1b9,page_view,,2025-05-16 07:11:23,tablet
2932,216,aa5ca8cd-1f83-4b8d-abac-8660e5c345fc,product_view,63,2025-05-01 05:36:30,desktop
2933,114,a23036d2-88d7-447c-ac38-704b22c0eee9,page_view,,2025-01-31 06:08:39,desktop
2934,135,cba88a28-1727-40d8-bdf1-02c2b9b4c225,product_view,3,2026-01-20 10:57:49,mobile
2935,79,394b5d35-df37-4ff8-9532-7432b118cad6,product_view,62,2026-02-11 13:07:24,mobile
2936,145,ec814510-c42e-4fc8-9372-e80dee892190,add_to_cart,15,2025-07-26 10:03:35,mobile
2937,26,57dda51e-a4dc-4d4e-908e-04ac99c6207f,page_view,,2025-10-17 13:16:20,desktop
2938,149,be332380-b7aa-43b6-a900-b66f6083bf88,page_view,,2025-12-11 13:14:08,desktop
2939,63,a7674726-61b3-48f3-b99b-70d6bc6aa8a7,page_view,,2026-07-26 07:48:59,mobile
2940,248,f75c0751-8fd8-4cb4-88fb-2050a460cf44,product_view,54,2026-03-01 18:31:52,mobile
2941,183,3bbdf80c-cef6-4a14-afdc-c21bdb2c0eb7,add_to_cart,39,2026-08-18 03:20:13,mobile
2942,27,4a7d6fa1-1d9d-4b86-8253-fb27393aa0a9,page_view,,2025-03-23 17:14:42,mobile
2943,169,5719d3e4-16d1-4768-9c83-90ba1672380e,product_view,72,2025-11-25 05:46:37,mobile
2944,297,302b0401-efed-498b-979a-7368bd96bb0a,product_view,30,2025-08-17 14:14:05,tablet
2945,24,92a593c8-1db9-4330-b127-6a5cbe9f44cb,add_to_cart,79,2025-09-06 02:29:47,tablet
2946,19,50392a8c-da73-4ae0-a09e-6e485e24038e,product_view,67,2026-06-03 19:53:27,desktop
2947,13,bca6a6b0-93b0-427e-a154-7769f43dd740,purchase,5,2026-01-13 13:32:13,tablet
2948,,970e287a-0fd7-40f2-8f90-8490006e0070,page_view,,2025-04-21 13:27:01,mobile
2949,,635d8150-d8dc-43a5-b09a-8327891d47fe,page_view,,2025-10-19 01:45:55,mobile
2950,98,c572aa5b-51d4-4f72-ac77-8135fad76ab7,product_view,31,2025-08-11 20:46:38,desktop
2951,22,ef15b821-ade6-4f3c-8c2a-261d5d7233db,page_view,,2025-01-03 08:35:59,tablet
2952,230,a9eb0bf9-850e-4d30-a055-adeccbebb43f,product_view,9,2026-07-28 19:22:49,tablet
2953,153,1b493710-38de-44f1-973d-18559a039d06,page_view,,2026-04-06 18:55:22,mobile
2954,212,da3465d9-89cd-40e7-825a-2dd465333140,add_to_cart,56,2026-02-18 09:02:46,tablet
2955,70,d0ef1299-250b-4c5a-90e0-8a8175ea1023,product_view,70,2025-08-27 10:53:07,tablet
2956,96,380a1bb7-d653-44bb-8bfc-a0caf1613bab,page_view,,2026-02-19 15:50:11,desktop
2957,77,25bdab14-74ae-4b96-ae13-3adc7ff5088e,product_view,53,2025-11-11 10:00:20,mobile
2958,287,bf3f51d5-2557-482c-888c-6ea499f9a338,page_view,,2025-06-20 18:01:08,tablet
2959,209,d3e78237-cd21-44d3-9960-6af0aa546c79,page_view,,2025-12-02 18:52:12,mobile
2960,282,51f4a724-9950-4858-88ca-c260b3f5a21c,product_view,39,2025-10-07 22:11:13,tablet
2961,,b04816fd-fd86-4a13-809b-d8134f13823b,page_view,,2026-04-02 03:12:55,desktop
2962,132,d900da4b-ff31-4846-8600-fc5f1f9b5662,page_view,,2025-08-11 20:43:04,tablet
2963,128,a18e4440-7a70-4cf8-92ef-d363b4dea4a4,page_view,,2025-12-01 12:01:30,desktop
2964,74,4a9f6c5c-7eb9-4e2d-b738-7270d424d9f3,page_view,,2025-10-13 00:22:21,mobile
2965,299,0f0e5767-606f-4a15-b76c-432eb4428cde,add_to_cart,72,2026-08-02 13:39:16,desktop
2966,199,27177e59-5548-4613-8f69-ef2dfb2c2c83,page_view,,2026-06-16 02:19:32,mobile
2967,276,d91b1cb6-35ea-4d3e-b77d-ff3ad3f04058,page_view,,2025-05-23 20:59:28,mobile
2968,70,399e4d08-cf77-48cc-af36-feb1bb8f7b2b,page_view,,2026-07-28 17:51:49,mobile
2969,,ec5412b4-0d74-4c38-bc58-82ecb34de663,page_view,,2026-04-24 07:33:55,mobile
2970,286,db55daf5-2dd4-450c-86aa-7991dd8cf1ca,add_to_cart,7,2026-02-01 02:20:30,mobile
2971,252,4c91ef0e-644d-452c-ba36-96cc7ccd1ac6,add_to_cart,67,2025-12-01 18:03:01,tablet
2972,136,e9917f60-a8c4-40ca-90a4-a31afc00f3e7,add_to_cart,42,2026-08-22 14:01:08,tablet
2973,167,05855672-fdb6-41a6-a8c0-e305d9387dfb,product_view,58,2026-02-13 23:43:43,tablet
2974,191,6c24dcaa-5660-42e1-a46c-d3c18c45fc9e,add_to_cart,59,2026-05-30 14:01:51,tablet
2975,28,592aa87b-fd85-4cf8-b932-28b9ad8ac4bc,add_to_cart,44,2025-03-10 04:47:50,desktop
2976,246,126301a0-641c-4619-a430-58d9c1f98e90,product_view,34,2025-09-19 21:54:20,desktop
2977,213,4849032c-4875-4d16-ba0c-96e28720d00f,add_to_cart,22,2026-04-24 01:19:33,desktop
2978,131,b37bdb99-31f1-4f8b-ac4d-e885b245b7d9,purchase,46,2025-07-17 09:08:59,desktop
2979,,18e9ef77-64ce-4589-8c4a-62badb335860,page_view,,2025-06-04 03:11:45,tablet
2980,227,ca9128fb-c094-4932-92cb-8f692182b518,page_view,,2025-04-13 13:25:20,mobile
2981,,0ddb0654-ce19-4f51-9da8-b3919494065d,page_view,,2026-08-12 03:22:28,tablet
2982,178,4dd7cb5c-b5a7-4756-af40-55ddd98d213c,product_view,3,2025-12-15 14:53:08,desktop
2983,121,93c09687-29e7-4176-a796-17c47520d99e,page_view,,2026-07-15 11:37:58,mobile
2984,135,7b814ce1-b22a-4428-b11f-4ae4233731e0,purchase,24,2025-07-10 20:29:08,tablet
2985,244,35b33f54-2513-4cd4-a5b0-15b44a84525f,add_to_cart,53,2025-07-29 06:46:41,desktop
2986,25,32167340-bf95-4f33-8dea-6f5237d7cab3,add_to_cart,17,2025-08-01 07:26:38,tablet
2987,,5cbad410-0256-4225-a6b7-8891bc3ddbfc,page_view,,2026-06-02 22:24:48,mobile
2988,252,1a1940e4-935f-46e2-9b2c-1379b9d859f5,page_view,,2026-01-08 05:30:05,mobile
2989,271,dbc21e42-fd0d-4cb1-8916-7a93ada63c4b,page_view,,2026-04-16 23:49:22,desktop
2990,209,fb924354-f34d-4b13-a065-f5cf25c978b5,page_view,,2025-01-22 12:09:05,mobile
2991,93,2b10a823-d777-4933-adf0-1fe06d572692,page_view,,2026-03-16 03:29:01,mobile
2992,111,5b078b11-1896-4587-8e6b-bde0ed0d6017,page_view,,2026-05-31 07:03:13,mobile
2993,4,f1efa963-2dfc-4b9c-b94f-ebeff96277e5,product_view,62,2026-01-11 04:29:47,mobile
2994,,83f38f4e-faf3-4aec-9e0a-71570d6ed01e,page_view,,2025-06-06 05:05:41,mobile
2995,234,6f0eebef-97e8-4057-96a7-01aba66ccf43,page_view,,2025-07-25 16:44:40,mobile
2996,229,b8f91075-a081-45d2-a608-92d6f84006f2,page_view,,2025-06-08 01:35:31,desktop
2997,65,1e69d7ef-08b3-4111-beb8-62c6676c269f,page_view,,2025-09-12 03:10:01,mobile
2998,211,4d7d10f3-7d16-4638-a58a-83773da8b37a,page_view,,2025-02-14 06:23:27,mobile
2999,45,2c281bbd-f45d-4d91-989d-a530b01fb9f3,add_to_cart,46,2025-12-14 18:34:31,mobile
3000,75,c69e17c9-6018-4b17-bec5-715ca71db3a6,page_view,,2025-11-30 12:04:44,desktop
3001,,abb558e1-cb9a-4ed5-bdbc-ebdbb119779c,product_view,18,2025-02-25 08:48:33,desktop
3002,243,76b35303-c719-4dd0-96f0-c19ca894b11e,product_view,19,2026-04-11 11:26:07,mobile
3003,,61d15db2-a67a-470a-9175-3cd1dd69cf6b,add_to_cart,46,2026-03-24 20:01:11,desktop
3004,,71f34593-a737-419b-a1e0-9bf146748ee4,product_view,41,2026-04-19 02:46:03,mobile
3005,43,1ddb4f15-1eb8-4863-82f8-60445e08e249,product_view,12,2026-01-28 16:30:59,tablet
3006,93,a43366c9-7d3d-4b72-9f3e-c5721527b2ac,purchase,47,2025-07-12 20:54:41,mobile
3007,119,399557cb-827e-40b2-a892-0b25ab35f75a,page_view,,2026-01-15 09:55:35,tablet
3008,299,fcc2ed18-92ae-413c-963b-d56405e514ff,product_view,11,2026-03-05 12:02:44,desktop
3009,227,b198047f-4612-4424-bac0-67a69297eaac,product_view,25,2025-05-29 03:56:31,tablet
3010,17,97c6eb3c-cb5a-4c0e-9834-a40dbecfdded,page_view,,2025-06-30 14:24:57,tablet
3011,271,fffcff63-7bf3-48f5-a24b-31d72e5c58ad,add_to_cart,43,2025-04-24 20:52:54,mobile
3012,,4c618a43-6f04-4c76-b3e6-922da5044925,page_view,,2025-03-12 23:45:17,mobile
3013,157,534234cf-1974-4b71-a00f-7ed09248c8c8,product_view,5,2025-11-20 03:35:14,mobile
3014,98,dcb9d394-e8ac-44c4-b6b9-824010416cbc,page_view,,2026-01-09 09:01:21,mobile
3015,104,67c3bd9e-2f54-40e5-899a-5349cb93dab6,add_to_cart,1,2025-11-20 17:32:55,tablet
3016,155,64cfd9b9-050e-4961-b363-d272d0181ce6,page_view,,2025-02-24 00:06:19,tablet
3017,145,c891c9c6-8952-4c51-9145-3eb78e59f579,page_view,,2025-09-27 08:29:37,desktop
3018,17,105dd35c-7d12-4b6b-87b3-d329cfec1804,product_view,19,2025-04-09 16:50:10,mobile
3019,139,89fab5cc-95b0-4f8a-964f-10b584d6b400,page_view,,2025-04-24 06:41:48,desktop
3020,87,a6d5dac6-ca41-4052-919e-af98b6b84329,product_view,29,2025-08-06 22:50:58,tablet
3021,48,351c586a-c0c3-459e-80e5-ea1a1fc45171,page_view,,2026-07-07 13:37:15,desktop
3022,233,1e0914d2-e5c9-43b1-a898-dac4f736df7e,page_view,,2026-04-01 13:39:08,mobile
3023,49,b1f9ab31-995e-49de-9cac-41f82e4001c1,product_view,31,2026-07-31 08:42:03,mobile
3024,36,727dda84-8e02-4ef0-815c-e9f42e106355,purchase,45,2026-01-07 21:28:08,mobile
3025,281,0a054950-1f7f-45b0-9075-b55accee6b1c,page_view,,2025-03-17 17:46:19,tablet
3026,193,a71372ab-34cb-4b9a-9338-82b320fa15b7,page_view,,2026-05-27 01:01:00,tablet
3027,132,41bb0e0d-8fff-406d-967b-6ea029451370,product_view,6,2026-01-30 12:45:25,tablet
3028,152,15a905b4-08f6-4b3f-80c9-1cd8d9f8a24e,purchase,46,2025-06-02 12:09:44,tablet
3029,189,4c6f9a45-8192-4f8f-9fed-7603fadc9704,product_view,64,2026-01-27 13:25:22,mobile
3030,201,2bee2fff-8b5f-43fe-b75d-dff45d123e9b,page_view,,2025-01-13 17:04:29,tablet
3031,165,a87d21ff-f1fa-4e6a-ba23-6dbb6c4d1774,page_view,,2025-07-06 16:23:24,mobile
3032,82,0bd18d4a-4cf4-4edd-bf93-04fa00059b9d,page_view,,2025-05-12 22:59:42,tablet
3033,34,e79524eb-84fa-4889-b21f-9823f23b1efb,page_view,,2026-03-23 18:39:38,mobile
3034,14,88baef4a-a8be-4d1f-8b1c-0df3c865b35c,purchase,29,2026-03-23 00:07:03,tablet
3035,143,7d8da92b-93ba-44a3-a3cd-8a4471e64bce,add_to_cart,1,2026-07-24 02:26:53,tablet
3036,26,e92915a3-85cd-44bf-901c-93a3b1f22be5,add_to_cart,18,2026-05-27 14:47:23,tablet
3037,,9b2e18c0-5a24-491d-bf2e-1955fc6bc66b,page_view,,2026-06-21 16:48:53,desktop
3038,254,b01c337e-35b8-4aae-82b6-0c8e89c818d7,add_to_cart,11,2025-10-12 21:25:58,desktop
3039,,0b73ca1c-d1dc-41e5-a9a1-44751958a981,page_view,,2025-05-13 03:39:40,mobile
3040,219,24444f64-3025-4856-8967-65693cb29bf1,product_view,77,2026-02-15 11:08:16,desktop
3041,,371831f3-d527-489b-9b28-65da4cb9be7b,product_view,26,2025-11-22 21:38:58,desktop
3042,289,8d548038-9a26-4279-a25b-74adf519ab52,product_view,76,2025-06-21 05:26:08,mobile
3043,62,470367f7-5beb-41c7-977f-199a374e6538,purchase,48,2026-02-15 08:44:38,tablet
3044,236,6c092d0a-9f4f-4355-baa6-961c20e4dbfe,add_to_cart,68,2025-06-28 12:48:18,mobile
3045,,42bb8f63-4145-4abc-8cc2-e0f013093c17,page_view,,2026-03-11 17:00:07,tablet
3046,269,29cf4c70-e756-41e0-a657-41db61bc7c56,page_view,,2026-04-30 06:53:10,desktop
3047,283,f1da833d-1550-4390-b4c0-db3e666a4a82,page_view,,2025-04-26 17:50:33,tablet
3048,261,f0b0e729-6ce3-4d67-ad30-c94b4111e681,page_view,,2025-10-16 18:10:21,desktop
3049,192,3429ce3b-8931-4697-a4ab-a2a0b1cbc263,add_to_cart,79,2025-12-08 23:50:00,tablet
3050,275,44f760a8-bb90-4511-a12b-61ae12101787,page_view,,2026-01-31 22:00:21,tablet
3051,64,a54427ec-b261-4d5c-a214-245cfecfdd72,page_view,,2025-05-29 01:18:51,mobile
3052,32,904ada37-5f44-4716-b6e5-dd9a315007d2,product_view,33,2026-03-13 23:19:00,tablet
3053,,82ece8aa-d20c-4375-a5d4-53c4a845fee9,page_view,,2026-05-18 04:04:31,tablet
3054,,d2524487-6b70-4287-a9fe-ba149adda7c8,page_view,,2026-08-23 20:56:32,mobile
3055,123,c9ac376c-fe11-430e-90fc-fdaa274b369e,product_view,28,2025-03-20 08:55:54,tablet
3056,111,f6c9dd38-06a2-474c-a102-56376f023006,page_view,,2026-02-07 19:18:36,mobile
3057,245,4526ed62-13d8-46e6-bf5c-022a9a86013d,page_view,,2025-08-30 11:59:38,desktop
3058,,af194390-1c28-4022-880e-6ddd1fe72d21,product_view,7,2025-05-20 21:46:50,tablet
3059,282,5450c61f-10e2-4676-a822-d1288c61e59f,purchase,33,2026-05-07 18:21:23,mobile
3060,,e8c44e4c-5ce1-4cc2-96c7-02a1a3e2ac17,product_view,52,2025-07-21 10:34:21,tablet
3061,232,2575dbd1-45f3-48a4-872f-a86e55616496,page_view,,2025-06-19 04:38:36,mobile
3062,43,460db751-39cb-441a-8c50-1beade6d4e25,page_view,,2026-04-17 18:35:36,desktop
3063,5,fabf8aef-608d-4b54-9913-0b900286675d,add_to_cart,73,2025-10-11 15:59:50,desktop
3064,29,f3a80aa0-60ee-4cbc-b8e3-c67df8018a19,page_view,,2026-05-09 18:01:13,tablet
3065,289,1f9deccd-ecf6-48c0-8861-3afa1ae17565,page_view,,2025-11-04 07:25:17,mobile
3066,155,e0218caf-ba73-4a4e-86c7-1c162cfcbb3f,page_view,,2025-11-23 07:30:52,desktop
3067,40,ce8a5306-d243-4d1b-96bd-5e9f4e7a081e,page_view,,2025-12-05 18:01:14,desktop
3068,,59518620-8769-4e24-9875-589a7d57a51f,product_view,59,2025-06-11 01:49:35,tablet
3069,18,4830effe-dd8a-4f0a-9278-f380b3510ddc,product_view,25,2026-01-25 21:32:12,tablet
3070,231,195c663b-9b82-4430-8563-cafe8d31df34,product_view,54,2025-07-10 22:16:31,desktop
3071,,51683612-2bb6-4a4e-8c47-5261e585a0a5,product_view,53,2026-07-03 13:44:48,desktop
3072,267,2e408d57-63ba-4c3d-807a-be48f24e7fd6,product_view,42,2025-01-17 14:33:14,tablet
3073,117,ad851456-bdc5-4633-8e5b-961f585d4011,add_to_cart,75,2025-10-07 09:41:08,mobile
3074,,8d3a5b2d-881c-4211-89eb-597bf7ceddc4,product_view,3,2025-11-04 05:18:44,desktop
3075,243,6714272a-d981-4a41-a1cc-233c9838d168,page_view,,2025-07-17 12:41:58,desktop
3076,77,4251d2f0-20a8-4260-97a1-a2f67a139e90,page_view,,2025-01-02 03:53:19,tablet
3077,259,b695c2bf-8379-45ed-afc8-d769026e6d11,product_view,79,2026-03-02 22:15:23,tablet
3078,110,248607c2-2059-4d46-a856-0b7427ce46ce,purchase,76,2025-09-09 13:27:38,desktop
3079,165,44725ab7-bc44-4417-914b-a9bb60f91495,page_view,,2025-11-11 18:18:22,tablet
3080,,a3a22f35-b9b5-43c7-ab1e-fddc0d888933,page_view,,2026-05-27 01:22:06,mobile
3081,190,c70c15e3-b51e-40dd-9ec2-322ff978d269,page_view,,2025-04-05 15:00:06,desktop
3082,83,6b1205aa-9bd3-4580-ad9f-835f3fc5c786,page_view,,2025-11-06 12:10:20,desktop
3083,84,705faecd-2edf-402e-b531-8081b4effa29,page_view,,2025-07-02 04:29:39,mobile
3084,129,77fa7bbc-cc68-453e-9a9f-d637fc7aa2dc,add_to_cart,80,2025-06-23 05:14:45,tablet
3085,146,f3dea9dc-469c-458b-896d-036a8092189b,page_view,,2025-03-27 16:11:43,mobile
3086,118,b7ed70cf-f111-4e9e-8545-b11f6d820335,page_view,,2026-01-28 02:15:34,tablet
3087,133,3a9048cc-d063-43e7-ac7e-f0abe1a29ffa,product_view,7,2025-02-21 15:11:12,mobile
3088,128,1641d960-dba0-4dec-a2b8-fdcc4e20c377,purchase,68,2025-03-20 01:52:26,desktop
3089,184,c544a049-6811-4a5c-8e3f-d50bf28c635f,page_view,,2025-07-14 12:16:50,mobile
3090,,a27a2bda-1713-442b-9862-042e500f86b1,product_view,11,2025-07-01 00:00:59,mobile
3091,,3d730c3b-bade-43a0-93a2-2a821458771d,product_view,63,2025-12-13 14:32:24,mobile
3092,22,9347f486-2a44-4a88-97f8-5f5bf1e2cce7,add_to_cart,44,2026-03-23 09:12:53,tablet
3093,271,492d85a7-be50-4500-95a7-5ed90eb2858f,product_view,43,2025-10-04 04:26:10,mobile
3094,101,ceefd2c9-7e2b-43ce-adf9-8b8d8ddd6a3e,page_view,,2026-01-04 00:26:56,mobile
3095,35,f2ca2002-f650-4852-82bc-e2e0dfd5988e,page_view,,2026-03-18 11:37:56,tablet
3096,,eeb47b07-8239-41c4-ad52-09e76c8a30c1,product_view,13,2026-01-18 17:14:15,tablet
3097,,7f702973-7aca-4b76-a2ec-f870bb15894a,page_view,,2025-12-04 06:28:08,tablet
3098,92,ad411244-ff79-40f4-af64-257283d7cafc,page_view,,2026-08-22 04:13:43,tablet
3099,145,1febc9af-b2a8-4456-884b-fa8ce3593ee9,page_view,,2026-08-20 22:07:19,desktop
3100,149,30afe613-9dc4-4583-838e-f7af67ccfa38,page_view,,2025-01-08 03:03:41,mobile
3101,186,01ddc628-bef4-4f0c-94d6-761ce92fd9fd,product_view,51,2026-08-15 21:09:23,mobile
3102,146,88c982ec-b3dd-4cfb-accb-6ae1b6d331ca,add_to_cart,53,2025-11-26 05:36:03,mobile
3103,84,fe85544c-3e85-4c67-9855-e4a0bfea3d2a,add_to_cart,4,2025-04-21 16:23:31,desktop
3104,78,eba332b1-f36c-4c45-a942-b4d7bd2dffff,page_view,,2026-06-03 23:32:31,desktop
3105,224,f1e7ada0-e15d-4e51-bfc9-77e4d2c7f176,product_view,65,2026-06-10 18:57:12,desktop
3106,153,0ad7d77c-9bf4-4cc6-af1f-be1687324f52,product_view,70,2025-05-31 16:52:12,mobile
3107,64,2b24ef63-f6f3-4192-b2da-dc219b7cd539,page_view,,2026-01-30 16:38:28,tablet
3108,53,c3828725-e1c6-4384-ae20-a0b5acad7c07,add_to_cart,40,2025-10-07 23:16:29,tablet
3109,,2cc09f87-399e-4823-a75f-58ba86052bef,add_to_cart,41,2025-07-15 05:26:39,tablet
3110,,22212e52-d6e3-4103-9df7-0cc1133b385e,product_view,13,2025-04-11 06:56:33,mobile
3111,71,0d08367e-f3d5-4737-9a71-504b8380d397,page_view,,2026-01-03 14:39:35,tablet
3112,121,2ba4d656-610c-4ade-bed9-9a6b6c3786c2,page_view,,2026-07-11 09:07:40,tablet
3113,65,56847457-1cfc-4f01-b840-1eea5f8f8538,page_view,,2025-09-15 14:21:52,mobile
3114,245,d4ec0595-3ff0-4d13-add7-1599e9fedd48,add_to_cart,32,2025-06-11 00:21:54,mobile
3115,130,db992f51-c433-43bd-99cc-86568a03be43,page_view,,2026-07-04 15:26:02,desktop
3116,230,7bae0f3b-4c96-4dc2-8a41-aed81e2c6d4b,product_view,4,2025-11-15 04:54:04,tablet
3117,102,00926d61-368b-4d68-83c6-b5324b25c483,product_view,76,2026-07-03 17:58:03,tablet
3118,219,64c46086-919f-402e-a194-c7b1bcef40f8,product_view,61,2025-11-06 01:53:10,tablet
3119,256,edda1677-4e08-4b81-ac4d-6c0037abaaf8,product_view,18,2025-03-18 01:26:45,desktop
3120,92,83f9b580-a499-4b92-b589-de14eee06433,add_to_cart,7,2025-01-21 08:46:41,mobile
3121,190,ef775124-0911-4215-a4b7-0864d362dea7,add_to_cart,3,2026-05-20 05:15:58,desktop
3122,71,d92d9519-9e24-4724-a47a-7b03768ae6fb,page_view,,2025-07-07 15:44:17,desktop
3123,34,0182144d-5b12-4b1b-8eb8-1b177cff07e3,page_view,,2026-06-29 21:34:34,tablet
3124,92,4c60b543-541b-489c-b5d9-c07c9d9363ea,product_view,56,2025-08-28 21:09:03,tablet
3125,95,59875c7d-0151-4cb0-9b6f-1a9e5a98b715,page_view,,2025-04-16 20:04:24,mobile
3126,262,66edef30-2fa8-4808-b8f1-6861e3e3e73b,product_view,49,2025-07-16 22:48:44,mobile
3127,236,6e4928ac-19f1-45cc-8244-e4d75ac2a176,product_view,55,2026-06-13 00:46:37,desktop
3128,21,8772df4a-15b1-44a6-b292-45ba7df6bc1d,page_view,,2025-08-26 12:49:34,desktop
3129,119,6924e248-2759-4511-a604-bfbe83aa622f,page_view,,2026-01-12 21:04:26,mobile
3130,,01c4e229-7cc7-4b17-a9c1-84ce1fb426c0,page_view,,2026-03-13 21:03:57,tablet
3131,,4008d4da-a819-413d-84fa-84a427d764ce,page_view,,2025-07-15 11:36:19,mobile
3132,240,5fd2bec3-6536-4c77-b87f-b57839e1609d,product_view,45,2025-01-08 17:05:09,tablet
3133,,e466c937-6da7-495b-9d4f-97154c9df049,product_view,1,2026-07-26 20:04:56,desktop
3134,296,44fcc054-cfc1-4689-8953-4e152ea37b78,product_view,52,2025-07-22 12:36:56,desktop
3135,214,a801f15e-7046-425d-bd47-4d951bd36f41,product_view,54,2025-05-09 02:34:25,mobile
3136,6,23cecf1e-296d-491f-b079-ae53d6e0217c,add_to_cart,75,2026-01-03 02:39:22,tablet
3137,132,017cc74e-6f18-4343-bf41-5c985a8e8f05,product_view,46,2025-10-12 06:14:14,mobile
3138,299,b58f67b6-deda-428b-a232-0dc95bf6f06d,page_view,,2025-04-14 07:08:29,mobile
3139,168,48ef30ff-3087-47b4-9c54-956f32ce93db,product_view,45,2025-10-29 03:30:17,tablet
3140,182,6bca4f86-6500-4793-a238-dfc60a4e3ccf,page_view,,2025-04-12 00:56:36,tablet
3141,159,08175dd0-e6a7-4af7-94ca-6897be71cd60,page_view,,2025-08-24 15:36:55,mobile
3142,183,f2c8c25e-32f1-427c-aa8c-662d290a3d67,product_view,2,2025-12-10 01:06:29,desktop
3143,,fba13732-aa4d-4bb8-b5ae-d2e97ab3137c,page_view,,2025-05-26 05:07:17,mobile
3144,215,7d338ca2-6bcc-472a-9e69-2c3f440b71a6,add_to_cart,63,2026-05-30 16:58:15,mobile
3145,102,ae864837-ccc1-4250-bedd-84838cd4e7bc,add_to_cart,23,2025-08-10 23:03:28,tablet
3146,,c0476d80-532b-470a-a09f-839fb6ddbd11,product_view,57,2025-03-06 19:09:46,tablet
3147,292,665e467f-e1bb-4399-87c4-32a0c3af3d93,add_to_cart,46,2025-11-11 16:08:00,tablet
3148,164,bdecb67a-ec6e-4294-b9da-c7798079cdc9,add_to_cart,16,2025-03-14 05:52:12,desktop
3149,298,21a496a8-638b-4370-935d-1936d7d2f88f,page_view,,2026-05-25 07:55:02,mobile
3150,,caef3c9e-1b9d-4f1b-b52a-6cbf1c17729f,product_view,27,2025-09-02 03:49:42,mobile
3151,258,581848c5-27d1-4990-a049-a289056a3b28,page_view,,2025-09-04 01:57:36,desktop
3152,172,af374e8c-c473-4700-837e-7f6080000fac,add_to_cart,75,2025-09-23 00:57:33,mobile
3153,273,d4701dd2-ada5-4eb9-8d52-7b893c8b966c,page_view,,2025-01-20 08:51:50,tablet
3154,281,98daae8c-f9f7-4004-adfe-874557968d64,purchase,12,2025-02-08 01:37:16,mobile
3155,,7aededf4-6f30-4743-820e-2e6abcc8509b,page_view,,2025-03-19 09:12:18,mobile
3156,230,15263fef-7c65-4bfb-883f-ca724a1a7c2e,page_view,,2026-06-15 09:31:53,desktop
3157,,9e1be56d-3f6c-4de5-adcf-cb58c2ca55ed,product_view,61,2026-06-30 16:13:27,tablet
3158,99,2fd6129a-82e0-4d39-bab0-08df2709f5b2,page_view,,2025-03-07 10:15:03,tablet
3159,245,1d71f339-c448-42af-87f8-b6f13fdd0e2b,add_to_cart,2,2025-08-03 04:40:24,mobile
3160,160,b371d64d-fe87-417b-8376-bff9dd3a0936,product_view,33,2025-08-07 07:27:40,desktop
3161,54,6ddd5c02-d213-4565-aa94-a1d43f529dae,page_view,,2026-01-05 02:24:55,mobile
3162,151,c86022c4-b4da-4f04-b951-0a4532cb28ba,add_to_cart,1,2025-03-09 00:26:11,tablet
3163,103,baff361a-b37e-4c41-9a62-75f5cf590b8e,page_view,,2025-12-11 13:20:23,desktop
3164,234,304c9c7b-2e62-4a6f-9c71-14398098f50d,product_view,18,2025-02-18 17:11:52,mobile
3165,66,a1001bc8-9758-425f-9ad8-e2dafe17ddb3,product_view,77,2026-01-01 15:24:37,tablet
3166,44,1ed68b71-3ab8-4c3f-a612-e9e5a26d18f6,product_view,10,2026-06-20 21:50:31,tablet
3167,284,461bcbc3-09d2-41e0-a6ba-7e5121de2360,product_view,71,2026-04-10 17:52:50,desktop
3168,225,256df639-edd9-436e-b132-8995fd8ac696,add_to_cart,9,2025-08-11 18:12:29,desktop
3169,40,331bd602-9dd0-4e04-8485-742a6d22313c,page_view,,2025-08-07 22:04:51,tablet
3170,,615eca80-0d0b-4920-9d46-0c9117478b5c,purchase,29,2026-04-13 23:25:08,tablet
3171,22,b33d9c7c-4e73-4dcc-8664-82ee6844a0e3,page_view,,2026-05-03 08:11:08,mobile
3172,60,38c6430f-3b3e-47bd-bae9-6dd3a2209a31,product_view,41,2025-12-16 18:15:05,desktop
3173,44,0fb49d98-7aac-4a0a-ad13-4ea8560fc071,product_view,59,2025-08-17 10:12:52,mobile
3174,16,0d394b57-a4d4-4f15-ad54-a50182866d40,product_view,75,2026-02-17 11:20:54,tablet
3175,127,5d13539c-44ed-4fd5-9c2c-8fb14de5f2f7,product_view,14,2025-12-23 17:38:19,desktop
3176,99,b62a7941-59dc-4e0f-b168-5db847d28391,add_to_cart,14,2026-07-07 23:12:46,desktop
3177,201,e525aeaf-51e1-4799-bf39-562d6b06e92f,product_view,5,2026-01-06 10:09:19,desktop
3178,121,00231f70-0a77-45cc-ae87-46510c2ca7fa,product_view,58,2025-03-25 20:31:04,desktop
3179,211,5256f928-bea8-4e9f-a911-fd6d0d586ee2,page_view,,2025-11-18 15:18:32,desktop
3180,,47b885fa-78d8-4dd6-890a-886c36442939,purchase,60,2025-03-18 12:55:45,mobile
3181,143,6e4ff4a4-19cb-44c8-9b45-03bce892464d,page_view,,2025-12-21 13:04:20,tablet
3182,173,7dc4f12b-f2c5-42da-8094-4f952f51aca6,add_to_cart,41,2025-10-01 10:16:56,mobile
3183,265,1c8d23b4-4dea-4200-9593-83cf5d13a906,product_view,53,2026-04-12 17:02:19,tablet
3184,270,aed690cc-037f-4347-ab40-256118cd99c9,product_view,76,2025-06-18 23:27:35,tablet
3185,70,215bdef5-dcaa-4893-853d-1af98d40aeb2,purchase,14,2025-02-02 01:24:32,desktop
3186,5,cf5e7840-bdc5-41bb-9c4e-3b0054ca4adc,purchase,3,2025-11-14 18:00:13,mobile
3187,89,96c2e045-c75f-4b36-be30-cae95c83b98e,page_view,,2025-04-19 16:09:02,desktop
3188,276,3cfe18e9-5f20-4c06-9ace-863187638104,product_view,36,2025-04-08 00:50:12,tablet
3189,283,959677e9-35c4-4e08-86a4-7588a676ace1,page_view,,2026-05-11 02:58:44,tablet
3190,140,1b3ac54c-e31f-4212-9654-c83f62510f01,page_view,,2026-03-20 04:35:25,desktop
3191,255,9a11ddf4-be1a-45c9-a12a-c11c21677dca,page_view,,2025-09-22 20:29:47,tablet
3192,43,f7e47c8c-9628-4429-8a81-870a1ecf8aec,page_view,,2025-01-17 04:16:37,tablet
3193,8,d141b9e4-a783-41c8-a250-891ae9846baa,page_view,,2025-06-10 11:52:48,desktop
3194,147,721df83c-b464-49f4-b163-b27430c041a9,product_view,29,2025-01-30 16:52:42,mobile
3195,,f11afc00-132b-4f36-9940-4d24eced9c30,add_to_cart,55,2026-06-27 20:37:05,tablet
3196,132,4d2d8efd-57c8-494c-9e77-76ae8bec9a50,product_view,8,2025-08-07 23:16:06,mobile
3197,117,c2d01c42-fd59-4978-b965-12e3b9b094ac,product_view,13,2026-04-21 16:06:14,tablet
3198,257,27571245-b884-4902-8897-3a4a33b636dc,purchase,74,2025-05-27 09:30:25,desktop
3199,83,6b0ffa79-3113-413a-a0b9-98300b373468,page_view,,2025-01-23 10:17:09,tablet
3200,,e43f05c8-40a5-42f7-b62b-9f628ced48ea,purchase,25,2025-03-02 03:23:41,tablet
3201,148,d89939ba-da7a-4e9f-8265-1976e0880267,page_view,,2025-09-11 03:02:55,desktop
3202,195,58eb3e59-f9a1-4e3f-8f72-d6afe825049a,add_to_cart,13,2026-06-07 04:32:24,mobile
3203,42,a13ecf15-72cf-4b0e-9db2-f6cee5190530,add_to_cart,61,2025-02-28 00:47:07,mobile
3204,236,6fa5f03f-e92d-4961-9e0f-d29bb7a2ab33,page_view,,2025-06-08 12:53:32,desktop
3205,241,861550f6-6b43-4b40-bb9a-21c41155581f,page_view,,2025-12-05 07:38:43,desktop
3206,,ca77736e-80fd-463d-b3d3-6295ee6bcb89,page_view,,2025-06-08 07:28:55,mobile
3207,,462e9af3-9962-4263-aabc-42b1059997f6,page_view,,2025-04-22 23:11:31,mobile
3208,,4a26eb59-2101-4598-b7ad-3965b25b56dc,add_to_cart,4,2025-05-21 01:00:39,desktop
3209,,0f9027d5-90f0-447c-b4af-80050ba24c4f,page_view,,2026-02-16 23:39:06,tablet
3210,17,30b05a0b-b19d-4860-b8f4-0e49cb5d2aff,page_view,,2025-05-12 06:25:38,mobile
3211,159,7eba0464-65c2-47c0-9085-449dbd9f82d7,page_view,,2026-03-11 15:56:15,tablet
3212,126,8373edf3-dec9-4438-884f-f1a7af481fc0,product_view,47,2025-07-24 20:24:30,desktop
3213,162,70100d7e-2a5f-46e4-9332-406ff8b6bdee,add_to_cart,16,2025-05-07 14:54:15,mobile
3214,161,8fffe845-6257-4e9c-8260-1132c02fb24f,product_view,80,2026-08-08 22:14:59,desktop
3215,73,9b72a9fe-669e-498d-a3e7-3896c784ef4b,page_view,,2025-03-29 19:26:24,desktop
3216,169,00ebf725-2f1e-48dc-b4f9-02b74580a4ae,page_view,,2026-03-26 11:31:54,tablet
3217,206,9794b389-37c2-4f27-9267-e7e628f5f5c2,product_view,80,2026-01-13 02:11:07,tablet
3218,,edba84d1-e110-4d91-8244-bc44b25c5b50,add_to_cart,75,2025-11-15 01:08:35,mobile
3219,69,80fa3363-7497-47d9-8346-93d1ca67d562,page_view,,2026-07-23 13:29:14,tablet
3220,179,4242fc5c-866b-429a-b877-e049b52f5e0d,product_view,27,2025-12-08 23:28:40,mobile
3221,16,4bde7d88-3867-462d-9a3b-ce8e4dac49f6,page_view,,2026-05-23 11:30:38,mobile
3222,261,1e7d8f7b-8d59-434d-84bd-604fb5502e2b,page_view,,2026-04-07 07:42:43,desktop
3223,151,8897c497-0bad-4234-b953-70c02bcdce43,add_to_cart,46,2025-07-05 10:12:45,tablet
3224,253,a3bdd4d6-0a01-48b6-8ab6-3e0f3cfbc642,product_view,33,2025-10-20 09:57:24,tablet
3225,126,471b0cc7-e233-4597-b129-ed2f25ec77e4,page_view,,2026-03-14 10:16:43,mobile
3226,,df96048a-453b-47f5-a20a-69d3ed601f49,page_view,,2026-08-05 19:22:19,tablet
3227,200,fae2d4a8-a475-4fa7-8d30-69bfca6628a8,page_view,,2026-03-21 04:35:02,tablet
3228,187,35c0c003-d2cb-43eb-bd52-3fad3fbefe33,add_to_cart,27,2026-05-24 16:50:38,tablet
3229,288,a60da1aa-005b-4f73-9dbe-4a3c88db3692,page_view,,2025-10-25 23:46:59,desktop
3230,,f8e351ea-9aeb-4c3e-a1f7-815758f34359,page_view,,2025-05-05 00:48:21,desktop
3231,,f2491816-154f-4eb4-9316-7cb55e7e00e5,page_view,,2026-01-05 09:13:18,desktop
3232,223,4398018f-8c9d-4a84-a24c-ee91b4992393,page_view,,2026-03-21 02:12:02,tablet
3233,114,e5f95507-6889-48ad-a234-5eacb8da3559,page_view,,2025-09-16 17:03:57,mobile
3234,74,fc3a156a-531b-49d8-8b7e-42df9c8a1631,page_view,,2025-05-20 13:07:40,tablet
3235,54,02aa1c76-d0e0-4655-a03e-9b5d0ea8d0ee,product_view,38,2025-07-26 04:31:42,tablet
3236,30,bb0084fa-3822-451b-9b00-f1a0d2ed3196,page_view,,2026-01-16 02:08:16,tablet
3237,300,418860b9-2d3e-454b-8799-c04bf71925ae,page_view,,2026-06-05 19:20:20,desktop
3238,80,a845f723-8992-4e2d-8400-e249f8bb1616,product_view,74,2026-01-02 05:39:14,tablet
3239,219,f0636972-c737-427a-9e34-106afa902bfb,page_view,,2026-05-27 21:32:13,desktop
3240,135,b8fc7513-1b3f-44b0-9550-9b75c7cfb659,page_view,,2025-11-10 22:00:32,tablet
3241,182,f216880d-61c9-415e-b028-5484beeac4d3,product_view,46,2026-04-13 18:27:43,mobile
3242,,a05095fa-deba-4297-81e1-5f65a7610e80,product_view,14,2026-05-20 10:28:55,tablet
3243,74,34c6d620-8d06-43e2-9ab6-2311a261d918,page_view,,2025-04-20 19:15:48,mobile
3244,,5302e6e2-387b-4cda-b133-0766d11ce313,page_view,,2025-10-14 00:51:42,mobile
3245,107,a13a9da2-94e7-4b2a-b434-02ef44cfa6ba,page_view,,2025-05-13 17:19:23,desktop
3246,,653d171f-c0bd-4748-9bb4-64a3cec79642,page_view,,2025-10-05 01:06:24,tablet
3247,21,bad4f3e0-3b52-4525-b230-b85b27d81ea0,page_view,,2026-02-03 12:14:46,tablet
3248,42,25f93ab9-5e5f-410c-af14-4dc6b9ede33f,page_view,,2026-01-22 08:25:30,tablet
3249,,7ef74fdb-17fc-4335-baa0-3208e6f47dcf,page_view,,2025-01-17 12:45:03,mobile
3250,68,d0cb079f-2f5d-4f13-b59a-97252e77abe3,product_view,78,2025-06-15 01:22:42,desktop
3251,150,91d51b06-3059-4fbc-ad15-94cbdcc31cb2,product_view,44,2026-01-01 06:10:43,tablet
3252,70,2e2f2127-babf-4375-b17f-b7867d929cc0,page_view,,2026-03-07 17:51:13,desktop
3253,94,4f66a914-0563-4b30-8834-0d51a5c6c5ae,page_view,,2025-08-04 11:35:26,tablet
3254,118,d147a0bf-2d7f-4e23-a29f-f19c29b50942,add_to_cart,59,2025-07-18 04:50:57,tablet
3255,111,3016cecc-9b9a-4a55-aff7-45a064ea1dd3,product_view,75,2025-07-11 02:54:21,desktop
3256,,6d283989-1271-4873-a4bd-e1a811c7bec9,page_view,,2026-01-24 00:03:05,desktop
3257,85,a52680b3-e8bc-4007-b47c-76903ec8f48e,page_view,,2025-07-18 22:51:57,tablet
3258,268,b96c2da0-19a8-4c19-a70a-858cf86b2e95,page_view,,2026-08-06 13:55:55,desktop
3259,255,c01d1c62-ba0d-4f1f-a325-85b486daf596,page_view,,2026-01-01 17:20:43,mobile
3260,,1987e6d0-9a71-41aa-8304-92b3ced89c97,page_view,,2025-07-05 00:09:23,tablet
3261,100,1c2b498f-054d-4360-a24d-347360bc6cbc,page_view,,2026-04-10 08:04:55,mobile
3262,291,d49cc547-c371-4e42-8378-25dad399956c,purchase,7,2026-05-03 22:40:18,mobile
3263,240,21d67c73-0b32-4c23-af47-0a44a4fcc79c,page_view,,2025-08-22 03:50:21,mobile
3264,99,44852295-1566-4483-8526-6dc83f936724,add_to_cart,36,2025-03-29 11:20:08,tablet
3265,82,9981d28f-a09c-4325-b047-fbeb2483c458,product_view,59,2026-01-18 22:05:00,tablet
3266,14,0267c983-f763-4b4d-8ada-c12203748864,product_view,53,2026-07-12 00:40:29,mobile
3267,242,8ad8c568-1b39-4777-8aaa-4685f5266edf,page_view,,2025-01-29 20:25:01,tablet
3268,44,da4bdf2d-56a0-48b4-9179-2ee0bc731d47,add_to_cart,16,2026-06-19 21:16:31,desktop
3269,126,23a49571-33cb-49ef-95c0-4765b51bd20f,product_view,42,2026-08-07 15:03:21,mobile
3270,,e473b0b0-9017-44a8-8279-d9137afd2923,page_view,,2025-12-02 22:35:53,tablet
3271,238,4eb0c866-29c3-4598-90c2-4f2171bf5c97,purchase,15,2026-04-17 13:08:07,desktop
3272,16,3e6a41f1-278e-4f60-ba99-bd7654edfb70,page_view,,2025-07-21 00:30:03,tablet
3273,30,447809c0-b129-4cb7-8b24-8c7e0e4ddb72,add_to_cart,1,2025-10-17 02:26:26,desktop
3274,87,056de195-1f81-4097-8b2a-3730a0a2e9bd,purchase,36,2025-05-05 08:02:51,mobile
3275,,8b6daa25-1a52-4aa2-8b66-0bcdd32e4757,product_view,70,2026-03-10 17:58:20,tablet
3276,249,e2eed64b-82f4-4196-9a41-c57f4bf70dc6,page_view,,2026-07-09 12:18:33,mobile
3277,295,004f5362-244f-4ce3-aa50-18b5d623c671,add_to_cart,39,2025-12-10 01:34:08,desktop
3278,225,3a0761d9-0624-4bdf-b96c-8f79e983c62e,page_view,,2025-09-12 14:13:46,desktop
3279,202,5a7284a2-25ba-4795-a2a8-76d76d58bf63,page_view,,2025-07-02 18:15:59,desktop
3280,54,ebf3ef99-39d3-4f2b-896e-c0c9a7c5f960,product_view,16,2025-10-22 04:53:27,mobile
3281,116,afcfea4d-627e-41e1-af35-fbc0e1057ec8,product_view,35,2025-11-28 01:40:27,tablet
3282,133,e6d037c6-d2a2-4765-b700-7ce3e25c7f9c,add_to_cart,19,2025-04-19 17:43:51,desktop
3283,100,fda2f9a0-2b68-48e3-bde7-f41a1cc6d08a,purchase,78,2025-07-26 20:53:54,desktop
3284,,f4dafcc8-1a0b-4310-b97a-4dc81c31d9b9,add_to_cart,49,2026-04-05 09:20:08,mobile
3285,287,1387bcda-5b78-47ed-8824-faf3f4b28643,product_view,54,2026-08-01 18:35:44,tablet
3286,185,5c494d63-1e4c-4fdf-956e-fce49d9e4da2,product_view,58,2025-10-05 22:35:42,mobile
3287,45,15b5bc25-eb7c-4628-acb9-48f7ec5eac70,page_view,,2026-03-24 16:39:55,tablet
3288,,26aeaf29-9ac0-4e26-8b18-c73ce545281b,page_view,,2025-04-04 18:21:00,desktop
3289,297,55b85720-87cd-4444-adba-97542d95d98d,product_view,79,2025-11-21 07:53:13,desktop
3290,38,6cdcd3be-adef-4777-ae6d-f7e899802368,purchase,36,2026-08-12 07:44:47,mobile
3291,137,afe9c3dc-aad2-4db6-a4a3-5a102674d1ff,page_view,,2026-06-19 05:21:36,desktop
3292,225,49793220-d14b-4771-9ff0-287a4d334878,product_view,35,2026-03-27 00:05:59,desktop
3293,,45665e79-1a9a-4b54-a01a-5b5e592fcdc6,product_view,26,2026-02-03 12:32:42,mobile
3294,229,5e7e2813-a967-4fe1-bfce-e629ea8e55a5,page_view,,2026-08-17 06:29:47,desktop
3295,72,e830257d-cf8b-4eb2-83f1-5176eed15809,add_to_cart,29,2025-06-12 17:05:54,mobile
3296,255,c9f279a8-138c-437a-8c76-864ab61831c5,page_view,,2026-01-08 14:10:38,desktop
3297,38,fa61726a-eedf-4f78-9c99-4976008ec990,page_view,,2025-09-13 00:10:36,mobile
3298,175,2586dcd1-a7e6-4e4e-871c-dac2260d76ca,product_view,65,2026-08-13 12:42:14,tablet
3299,,725aa10d-63fe-457c-a5d4-ec1951fc4c23,page_view,,2025-11-09 06:36:46,desktop
3300,195,f9f15e65-c919-4c69-8bfe-68f0b8a9f704,page_view,,2026-08-18 19:38:53,tablet
3301,171,1cf85164-113b-476e-908c-e31e7a7a852e,add_to_cart,69,2025-08-06 14:49:40,tablet
3302,106,ba098484-f5a7-420d-ad6d-91e193ed82c5,page_view,,2025-10-03 02:39:51,mobile
3303,208,52b3a0d1-1727-4924-a508-f357474a3674,page_view,,2025-07-13 04:33:05,tablet
3304,223,c47d336f-2e8f-4f7f-a0a6-2edffea95b73,product_view,69,2025-10-01 22:26:50,tablet
3305,228,7e8450d7-51be-4dc1-9a44-914362908017,add_to_cart,57,2025-01-29 18:08:37,mobile
3306,13,f90c9f84-b184-471c-bb35-b9f96c80423a,product_view,49,2025-04-12 10:07:17,mobile
3307,228,a2f87dea-cb22-4b8d-9a0b-d63d69f841b0,page_view,,2025-02-22 10:06:48,tablet
3308,250,f1abf7a0-cd59-4b8c-a362-7835555df8c6,purchase,37,2025-07-21 14:06:32,tablet
3309,196,62186d10-3ef3-45be-abee-4c80a7698b2d,page_view,,2026-04-15 15:53:54,mobile
3310,184,89eb56c1-7f42-4889-8ca1-7f756b2d470a,add_to_cart,63,2025-11-05 00:13:34,tablet
3311,192,894539ec-8850-4e9d-be1b-203488a5316f,add_to_cart,56,2026-03-16 04:26:22,tablet
3312,,1567f88e-6276-4e87-bae8-c8f8d2478bb2,add_to_cart,64,2025-11-11 02:26:30,desktop
3313,,86e5edf4-6bfd-4189-b705-10f894ba0d7c,product_view,30,2025-03-07 09:07:38,mobile
3314,258,cfb0d68d-b189-45a6-86ce-c51b93efb5c4,product_view,23,2026-03-05 07:32:43,tablet
3315,293,165607c0-b3fd-4c76-b826-45adbf8f81ea,page_view,,2025-06-14 04:57:52,mobile
3316,296,340a22d7-00bb-4543-9c98-fd573c359ce2,add_to_cart,68,2025-06-13 04:27:58,desktop
3317,13,5cc624ef-0464-4f52-99c0-99f6fe709416,page_view,,2025-05-06 07:42:17,mobile
3318,4,2233212a-f526-4ea2-b953-3cb78ef1a114,page_view,,2025-10-07 18:37:17,desktop
3319,180,e94f03ec-0f40-46a2-9c33-345debc05f02,page_view,,2026-05-10 02:35:15,desktop
3320,137,d96da200-d947-472a-9c61-3985596ed71c,page_view,,2026-04-21 23:39:44,tablet
3321,4,23ac64e5-d1aa-4b53-8755-66c2dde4cd87,page_view,,2026-03-04 19:57:14,tablet
3322,296,d5d318cf-24e6-4ffd-b5dc-037d4b71481f,page_view,,2025-04-12 14:37:53,tablet
3323,159,ee6c69f7-f8c9-4b4a-8d2f-2114da72ab37,page_view,,2026-02-15 17:53:48,tablet
3324,205,35f2e254-3e14-4f6a-abcb-b347e9b758ee,purchase,61,2026-03-20 14:00:45,desktop
3325,247,bf3b1681-0e4d-464e-b97e-8bfbd3ec2149,purchase,6,2026-07-30 12:50:40,mobile
3326,,b21eafab-f649-49e8-9e03-2a652346f26d,product_view,44,2025-05-24 21:20:23,desktop
3327,165,bbab3b0e-60a1-451d-a4a0-aaadb436e8fb,purchase,10,2026-05-18 13:14:38,mobile
3328,276,6cb9b655-f704-4d14-b235-161506beab4a,product_view,68,2025-05-18 21:36:03,tablet
3329,74,1b2375d0-b38f-40f2-8dd8-67e55f26b2a6,product_view,39,2025-10-10 05:09:38,mobile
3330,,7a114e56-12e2-4c2a-94e4-339da9a9cef7,page_view,,2026-07-22 13:10:23,tablet
3331,,287e09f1-ded7-445e-980b-82cbd66248bf,add_to_cart,22,2026-07-04 17:01:04,tablet
3332,270,242ac30f-5d80-453b-a59a-5d6c07ba408b,page_view,,2025-10-10 01:15:48,mobile
3333,246,0331bd0d-13ba-4d24-bebb-527c1438e799,page_view,,2026-03-01 15:43:15,mobile
3334,126,6a9f687a-d04f-4197-94c0-df2891b5fcb4,page_view,,2025-03-31 09:21:18,mobile
3335,,78428071-2eb3-4f6a-83f2-6a392653de2b,page_view,,2025-07-14 20:37:54,mobile
3336,11,8706f724-bf83-42d4-a3de-67fcbe59d035,add_to_cart,14,2025-04-25 18:30:25,desktop
3337,206,785e02ee-4cac-495c-b2e2-503ab2d515d1,page_view,,2026-05-29 19:21:41,desktop
3338,256,71a84189-565b-4785-b8f9-85fc69598983,page_view,,2025-05-17 10:32:31,desktop
3339,,0361b157-b1fb-4587-a514-b3fcc809a0b4,page_view,,2025-12-18 02:43:26,desktop
3340,,0f5c365a-27e8-4b87-9c7b-f8eb4969b2a1,product_view,33,2025-12-21 16:33:34,tablet
3341,109,9aab1efb-0838-4528-a477-e25ae19383a9,page_view,,2026-04-09 20:49:16,tablet
3342,,290c9e51-80d7-4805-ac6f-c084c04a3f68,product_view,12,2025-09-05 11:56:55,desktop
3343,218,6c726915-d52a-45c8-a579-dc2202c837b6,add_to_cart,56,2025-09-11 23:55:20,mobile
3344,278,744cc6ae-e03f-4f2c-b2bf-fc3fae0e289b,product_view,74,2025-12-30 19:33:31,desktop
3345,35,420fd9a8-d45b-4e9b-b61e-c0ed8ddd2994,product_view,69,2025-05-25 11:54:23,tablet
3346,24,4e583dde-807a-4658-9272-dc48eb4d6df5,product_view,77,2026-08-21 04:02:08,tablet
3347,136,ee7385d8-6c75-4765-ba31-4e67b5982577,add_to_cart,78,2025-11-10 23:04:36,desktop
3348,87,178926f3-f91e-4b9b-8596-7e762824162d,product_view,51,2026-07-04 10:20:18,mobile
3349,186,f37985df-fa59-407b-a0a7-ca57858117a1,add_to_cart,63,2026-04-14 06:57:46,desktop
3350,25,6680c5e3-363c-4c32-be3e-14022008bd4c,page_view,,2025-01-05 04:46:25,tablet
3351,254,646d2e33-380a-402d-8e55-ced39e79a6fe,add_to_cart,78,2025-03-01 22:34:44,desktop
3352,66,f9da4f55-bef9-4394-928f-af652f068e12,add_to_cart,25,2026-07-07 16:32:12,mobile
3353,,13c3fc1b-d77a-40b8-9ae6-befe8f2de908,page_view,,2026-01-10 23:11:25,mobile
3354,141,7a37f3d6-77eb-4d89-b142-de87d109ffe5,add_to_cart,49,2025-06-25 11:05:43,tablet
3355,94,67b4a019-a452-4530-a717-5804502d3281,page_view,,2025-04-07 14:13:28,desktop
3356,112,0dfef633-2a31-4dfd-a166-7c7cd3c6e5a0,product_view,31,2025-08-06 12:50:43,mobile
3357,148,6c99ce56-a58a-4bb5-9f19-30e0cda7a451,page_view,,2025-05-15 13:57:14,mobile
3358,276,1ab9f662-1bc0-4912-8519-72c431d9dd32,page_view,,2025-10-11 00:31:39,mobile
3359,,c75f41dc-9a6a-4bb1-9cda-038513eb4358,product_view,41,2026-06-24 10:20:00,mobile
3360,82,3d51d528-072e-45dd-95e1-7880d8bb62b7,page_view,,2025-10-17 19:16:05,desktop
3361,,1b4142aa-8aa4-41e9-a9aa-aa7e483eb6a1,purchase,7,2026-05-15 10:11:42,desktop
3362,,02cf63a8-98dc-4031-b63f-bae910b8c1c5,purchase,77,2025-08-06 08:59:02,mobile
3363,300,300ffa68-4f22-4efa-a8e1-3f98c1ab6398,product_view,73,2026-04-22 00:53:23,mobile
3364,3,ede02d33-a36d-4567-b3a4-4f408d3ba57f,page_view,,2025-07-27 03:07:57,mobile
3365,7,15c52392-44e8-41e1-bd86-9ad2084930a1,product_view,13,2026-07-25 06:19:52,mobile
3366,124,0b7ce5c6-9096-4629-91f3-90f4fa069889,purchase,17,2026-05-16 17:17:01,tablet
3367,251,7bdac670-ca4c-4b4d-bc8a-de6a9051385e,page_view,,2025-12-18 09:21:58,desktop
3368,225,17dcabf5-5088-4581-8c4c-eedf0bb1b984,page_view,,2026-01-01 17:19:26,mobile
3369,159,fb04c6b1-022b-4960-8f00-ba6af189d0b1,product_view,14,2025-10-23 17:02:41,mobile
3370,,f56febb1-484b-424b-806e-10295b4d5bbf,page_view,,2026-03-15 03:51:01,desktop
3371,127,50814407-31e3-4608-800e-295265ec4424,product_view,74,2025-05-11 22:06:29,desktop
3372,,5b182716-b9c6-426b-a401-118dc078bc3e,product_view,18,2025-03-12 12:35:17,mobile
3373,51,acb83fce-b3e1-411b-a128-04c5f94e485d,page_view,,2025-09-18 08:06:14,tablet
3374,26,e581c1bc-6843-4e98-94d1-44d518ede297,page_view,,2026-04-29 22:31:38,tablet
3375,170,808eadf2-19db-433e-80ea-83afbdcfc159,product_view,37,2026-04-03 17:13:37,mobile
3376,290,06103d84-2672-420c-866a-5821ceb7f2d6,page_view,,2025-05-15 21:57:19,tablet
3377,114,7a199807-61d2-4319-8bcb-329396512240,page_view,,2025-04-25 21:51:50,mobile
3378,,099396ff-da1e-42b2-9e6a-7c6e961b9221,page_view,,2025-09-06 20:39:24,tablet
3379,162,aeb00fb9-26cb-4e99-a945-e93a4a454398,product_view,12,2025-10-22 06:34:52,mobile
3380,46,a03e7003-e29c-4897-9429-25a0768e212d,page_view,,2025-07-11 06:27:15,mobile
3381,201,3b482d28-b7ed-4c13-b3eb-e65817e1e8f6,add_to_cart,42,2025-04-01 01:40:10,mobile
3382,129,ae742530-ceb6-4fdc-b734-a78de2682c9f,page_view,,2025-09-15 07:50:57,desktop
3383,129,b7f330ad-c4d1-4310-a40f-92a4a77af8cb,page_view,,2025-06-14 20:30:49,desktop
3384,130,806a29ad-f6b2-4778-be50-8d4d293a60be,page_view,,2025-01-08 22:59:37,mobile
3385,77,9bd65068-ba8d-4f8c-be05-fcef842c49fa,page_view,,2026-03-29 14:29:23,tablet
3386,164,c4c557d8-ee23-4eb0-85f6-2467a6c1d136,page_view,,2026-06-05 01:42:34,tablet
3387,229,21962a11-c90c-41d3-b28e-10025766fe0c,purchase,41,2026-05-09 03:52:29,mobile
3388,112,9f9bc7bd-5c3d-415c-8a74-982e56ca0fb3,page_view,,2026-01-17 07:56:19,mobile
3389,,0a3e4918-6e4f-4ea3-b0ad-16f7db1fb4d4,product_view,8,2026-03-10 07:42:28,tablet
3390,176,aed0cbcf-c630-4536-b677-9a11e403999b,product_view,55,2026-05-03 16:14:10,desktop
3391,190,ff3c03a6-3575-44ee-bd36-5abf633bffff,product_view,16,2026-05-06 06:01:58,tablet
3392,237,f540838e-1333-4679-9b5c-4b589c425665,product_view,31,2025-10-24 09:59:02,desktop
3393,113,fe914b95-a0b6-4265-9120-6a372703c75d,page_view,,2025-10-21 13:46:56,desktop
3394,212,03d33907-ce02-4d60-98ef-9a287f5da7f8,add_to_cart,68,2025-10-19 02:22:07,desktop
3395,211,4f3e2a2c-ded6-4d2a-842d-5f032482e8d1,product_view,43,2025-05-04 16:56:59,desktop
3396,161,cc214b4e-f80c-4b1a-9e16-afca8c111ba4,purchase,9,2026-06-12 13:20:31,mobile
3397,256,7fb8b6c6-1650-4f14-a527-8ea2c80cd031,page_view,,2026-01-31 13:04:11,tablet
3398,185,2b729d66-504f-4e7c-b46e-49a81817dac5,add_to_cart,53,2025-12-02 14:59:40,mobile
3399,,11730df2-2956-42c6-8bac-fa4aef1e4acf,purchase,30,2025-08-13 16:18:01,tablet
3400,94,5a765b48-5d03-44d8-9396-440547b5c4cd,product_view,51,2025-10-06 18:46:51,desktop
3401,46,b5ed7ce8-2ddf-4675-9235-d52e16d7ba54,page_view,,2025-06-13 06:41:58,mobile
3402,136,fc73e358-4208-4fc8-b5f3-21cbc59de4aa,page_view,,2026-05-07 21:24:13,tablet
3403,102,c35d8f64-418a-4089-ba7d-e9617927a136,product_view,17,2025-08-24 17:38:47,desktop
3404,140,ec95ccf1-a679-4ab0-b129-e2f6e06ca678,page_view,,2025-05-28 15:38:34,desktop
3405,95,f8c01007-1fbc-4004-b098-aa1f23f459be,product_view,61,2025-02-17 19:50:50,mobile
3406,250,5d0c8205-0a22-4e56-bcfe-8ab0919883f9,page_view,,2026-07-27 05:11:49,mobile
3407,,68b666d6-66a3-43db-8960-42b0dbe7a333,add_to_cart,47,2025-06-02 11:20:15,tablet
3408,,ae3acdf2-eac9-41cc-9ea3-93eadb646a33,page_view,,2026-01-14 01:11:57,mobile
3409,157,8331d711-5de2-4a7d-b0da-152821051c60,product_view,18,2026-07-25 09:28:38,mobile
3410,222,504b10c8-f3b9-47f2-9fe7-e068d847260b,product_view,76,2025-12-03 07:12:50,tablet
3411,,69c718ee-aea4-47d6-955f-a2f45fa9b21a,product_view,69,2025-08-06 23:53:38,desktop
3412,207,e09dd9e8-4348-4887-b339-3f5d8185716a,product_view,80,2025-01-25 01:49:52,desktop
3413,160,0aecc94d-aebb-469f-bdc2-705ce023282a,page_view,,2026-03-18 14:16:37,desktop
3414,288,0e9b65bb-a4d4-4431-ba38-f5a09ee08a70,page_view,,2025-01-05 20:34:24,tablet
3415,266,b32281f3-3eac-4015-8a64-25fcbdb4f711,page_view,,2025-06-12 12:57:39,tablet
3416,,279163f4-0208-4c91-8f90-9d9dd23c7585,page_view,,2026-08-17 06:34:53,desktop
3417,219,6035d9af-4a68-4bad-9af4-cf72da622059,page_view,,2026-05-04 06:42:44,desktop
3418,75,da948cdf-6637-4dc7-91f4-48bb28802cff,page_view,,2025-05-27 11:55:12,desktop
3419,82,dfc8e060-6362-4509-b919-e3be12aebb0e,product_view,39,2026-02-27 19:40:17,tablet
3420,85,5953ff90-17ef-4203-ab4d-738c7657e37c,product_view,8,2025-10-04 17:01:19,mobile
3421,,88fd5890-a479-4ce2-b7ee-e00f7743c104,product_view,31,2025-09-17 23:13:48,desktop
3422,221,1bef39f1-7700-4b2e-917b-6fc6e66eb0e2,page_view,,2025-04-18 01:40:25,desktop
3423,,1bbcb748-bb55-4fa3-ae26-651915f87768,purchase,77,2026-01-31 03:09:54,tablet
3424,,659e2deb-ec28-4a93-b5a4-f270eadeae69,page_view,,2026-06-10 14:24:45,mobile
3425,282,66ca0baf-3310-480a-aee0-95d5c4a9d8ac,page_view,,2026-06-17 18:59:50,desktop
3426,87,57a911b3-5139-44a1-9081-34dc54270925,page_view,,2025-09-14 21:59:36,desktop
3427,126,366f4268-7c7d-4490-9ab7-f449ff169376,product_view,80,2026-01-04 03:02:09,tablet
3428,166,1d447f41-79e9-44e1-bdc4-d680b3c95502,page_view,,2025-03-30 08:21:27,tablet
3429,25,8b8a7166-09cc-4f05-b45f-44334743968f,add_to_cart,70,2025-08-22 23:52:33,mobile
3430,279,2540647b-784f-4b14-b2d3-1a6527dea64c,page_view,,2025-01-29 04:24:59,desktop
3431,98,9175fc63-51f7-4017-b6a5-fabaa3e53892,page_view,,2026-03-07 21:19:17,mobile
3432,105,c632554b-99e0-4598-bce1-2a250804ccea,product_view,64,2025-09-11 22:59:50,tablet
3433,2,cefc0e85-efbb-4216-8ff9-7696615a58bd,page_view,,2025-06-11 05:49:24,mobile
3434,,fa82f65d-6e1b-4be2-8a20-8c075c8aca1b,page_view,,2026-05-29 13:21:51,mobile
3435,,362465c1-0dd8-463b-b6a2-bf6979315fc6,product_view,31,2026-08-17 03:37:09,desktop
3436,,c234af07-f3e0-4b1f-85df-9333de36992f,page_view,,2025-07-19 08:49:27,desktop
3437,112,4087be6a-4514-4416-ac44-821eaf051764,product_view,38,2025-01-05 21:36:50,tablet
3438,,2448ef43-1566-4d1a-ad15-420ba2bc6715,page_view,,2025-02-16 06:41:03,mobile
3439,,14eae37c-67b2-416c-861e-a8aa11baf616,product_view,55,2026-05-11 06:49:09,mobile
3440,94,73905263-b653-4dba-9faf-c6cf4c5fccfb,product_view,78,2025-01-19 08:54:57,mobile
3441,234,36cf9429-8657-48ff-ab72-e451df0ccde7,product_view,41,2026-02-13 20:56:45,tablet
3442,4,2f1fc132-426b-4236-a4a0-7521ab6dd0aa,product_view,14,2026-08-19 23:15:35,tablet
3443,,e51bdfff-17aa-4aee-8dc2-0df3d49edd91,product_view,44,2025-08-06 06:20:28,desktop
3444,272,f69f239b-578e-411f-adb4-6c7fe6d1fe21,page_view,,2025-08-12 18:34:47,desktop
3445,,32d7cc22-2a1e-4a7b-8c01-f701c0d02553,add_to_cart,41,2025-10-19 17:56:33,desktop
3446,60,7b4bcaf8-6b4a-4541-b123-167e596a2b36,page_view,,2025-03-01 20:06:50,desktop
3447,,c8aae0c8-b057-41fd-8916-f0b779ba547e,product_view,69,2025-07-10 01:12:28,desktop
3448,,6fd1134e-b25a-4809-b730-e52e2922ecb0,product_view,67,2025-01-10 19:51:15,tablet
3449,291,92004957-b161-4d16-a9a0-02a45acd1e90,product_view,23,2025-07-29 06:06:24,mobile
3450,7,8f97b21d-028a-4f1c-92b1-2838639e8bbc,page_view,,2025-08-08 06:28:44,desktop
3451,280,32d4d3a5-98dd-4c3c-a4ce-b832c8776e4b,page_view,,2025-12-25 06:48:17,tablet
3452,83,9417e0f5-aaff-46ff-b904-6b5213eb4599,page_view,,2025-02-13 05:58:19,mobile
3453,51,aa000756-52e0-434e-a505-a2b69dd3c15a,page_view,,2026-08-01 12:36:33,tablet
3454,271,bbfecb11-f060-46a1-92d1-2566fc829c09,purchase,28,2025-06-21 14:03:50,desktop
3455,52,bbae2fbd-bc99-4291-9342-98bebe2a85c6,product_view,11,2026-02-15 16:14:09,tablet
3456,,e58118d1-2687-4443-83a1-beac5107256e,add_to_cart,60,2026-07-04 14:58:47,tablet
3457,,7fdbabc1-25c1-4e41-af0e-c9cb756aae2d,product_view,23,2025-11-24 03:29:23,desktop
3458,,cac19d2e-1d15-471c-9100-1ab9dd42da67,page_view,,2025-09-20 06:09:48,desktop
3459,9,43470982-6808-4471-ac87-ae14f8505ae9,page_view,,2025-02-11 22:23:01,tablet
3460,248,fcfd348c-00f0-47fe-b8e7-bcf5854c0d1f,product_view,44,2025-08-02 23:19:39,mobile
3461,7,db75dada-d51f-4de1-b17d-aa267357d500,page_view,,2025-07-22 02:49:31,tablet
3462,39,a3900655-7307-43d5-a261-078d202f00a8,page_view,,2025-12-17 01:00:00,desktop
3463,164,09572517-18f2-4999-9410-8438f82e5e1b,page_view,,2025-09-23 18:16:12,desktop
3464,,300a491a-faa1-4736-bee6-b06e37f7a96a,page_view,,2026-05-17 16:15:34,mobile
3465,255,c63e0e47-8bcc-4e8d-b24a-4a6d6b90a95b,product_view,56,2026-04-08 22:12:30,desktop
3466,,3754c5ec-60a7-4c20-99d7-6c9c2a8598d1,page_view,,2025-08-21 00:51:45,tablet
3467,140,30efcbd3-f3ce-48b7-b5b3-0874591c228f,product_view,6,2025-12-14 18:33:58,mobile
3468,4,f481b9cb-93ab-4d5e-adfc-1dc4f8c43f7a,page_view,,2025-06-17 16:05:16,mobile
3469,227,5d21a235-d053-47f4-9ec9-1fdc03add1a4,page_view,,2025-05-21 19:58:12,mobile
3470,61,4e954929-e58b-4d2d-8d4c-3b8004251c71,add_to_cart,71,2025-08-30 04:44:56,mobile
3471,47,1fef4fb0-de25-45fe-91ad-5c228088a7de,add_to_cart,9,2025-07-17 09:18:24,mobile
3472,101,ffc19ef6-a61f-435f-bfc7-06f0b30672dc,add_to_cart,69,2025-02-01 02:39:27,tablet
3473,187,5a0ae917-690f-4c3c-a9ff-6cc074bc405c,page_view,,2025-11-07 01:30:33,desktop
3474,34,6d0473e7-8adf-4e46-9403-fd025a2a83bd,product_view,35,2026-05-02 02:49:36,tablet
3475,,55f8bbb8-c3dc-4b92-b95c-a96d85ee751c,page_view,,2026-02-07 09:53:08,tablet
3476,226,75757602-2d02-423f-ad25-32e51d0678b7,product_view,66,2026-07-24 14:45:54,mobile
3477,46,8d814215-2d49-4058-9f84-e3c56daa8c7e,page_view,,2025-09-18 02:02:21,desktop
3478,13,6f959489-8af2-420e-a9a3-e5f6984ad463,page_view,,2025-11-01 19:46:15,tablet
3479,,a8dbe9a1-d857-4c60-88f7-972661ae2255,page_view,,2026-06-18 04:23:10,tablet
3480,,a254da12-6fff-45cc-ae26-f348b044db1b,page_view,,2025-10-08 12:12:24,tablet
3481,206,f01a5097-9ed0-4e5f-b3bc-57914882f6eb,product_view,54,2025-03-14 21:16:47,desktop
3482,,1966d047-db64-4c52-a7e7-eec3ecd5afa3,product_view,4,2025-04-09 17:37:10,mobile
3483,49,d655005d-ce52-4176-966e-46aefed01fca,page_view,,2025-11-10 12:03:18,mobile
3484,248,043486c3-a64d-4c1d-96f2-83191a936d0c,add_to_cart,60,2025-02-11 04:41:39,mobile
3485,285,1a8a76f3-6949-4fce-aeb8-1b7d9dc33d41,page_view,,2025-12-25 08:22:26,desktop
3486,84,9fb30a4d-c071-4a38-bffc-4f097f1464b3,page_view,,2025-05-20 11:44:43,mobile
3487,31,a22eb45b-1986-433d-8b73-aba7ed5edfa2,product_view,46,2025-07-06 19:22:25,desktop
3488,285,ce4d89f3-94cb-494e-80dc-4cf971b0c1fa,product_view,31,2026-01-05 18:16:42,desktop
3489,,da095b0c-4a37-4da3-aaef-0d3e085acd62,product_view,22,2025-07-14 07:49:35,tablet
3490,242,c6e19fd7-390e-4f57-b63d-2fb56baf1e8f,add_to_cart,3,2025-06-17 09:16:54,mobile
3491,125,1d4ff1c8-618e-42a7-8d34-dd8374629fb5,product_view,52,2026-03-10 07:06:57,tablet
3492,271,f35757c5-7836-4477-9b39-455032103c49,page_view,,2026-01-29 10:25:10,tablet
3493,70,cb33478a-f7b5-405b-99c1-d16c1fdb563a,product_view,32,2026-08-23 20:17:18,mobile
3494,202,e8724434-69b6-475e-b6c5-3d2be9fdd358,add_to_cart,45,2025-05-15 08:43:44,tablet
3495,,c8ddd9bb-b42e-4714-a515-81bad206e99a,product_view,54,2026-04-10 14:45:18,mobile
3496,80,f08aba21-01f2-48f5-a553-b5aabdbc34f8,product_view,43,2025-08-20 08:32:39,desktop
3497,200,81ef8162-3953-48bb-883e-00325fe8a7f4,product_view,8,2025-04-17 14:57:52,desktop
3498,,a89f5f9d-e12d-4f58-8482-0852489a4ca4,page_view,,2025-03-02 04:14:54,desktop
3499,69,e71594ff-d6a6-4618-8eb1-8c8843b63613,page_view,,2026-02-12 07:08:42,desktop
3500,176,ac5d7133-6a2a-4cad-a8ca-5b2ecb8e2d61,page_view,,2026-03-02 07:42:38,desktop
3501,,e8b81813-e672-4bf5-8110-783e3dd6831b,add_to_cart,72,2026-03-06 06:37:28,mobile
3502,,06b81c8a-03f9-474d-885d-5d016a2062aa,product_view,37,2025-10-10 09:41:50,desktop
3503,61,d73cad84-5fd9-4dfe-8a5e-df3827439b53,product_view,40,2025-07-28 09:51:46,desktop
3504,44,bdc242a8-d1ed-4618-84da-c679d113b5ff,page_view,,2026-04-24 12:21:43,desktop
3505,136,2ba009ec-55c8-4441-9145-c6f899960a38,page_view,,2026-08-05 12:06:14,desktop
3506,86,6e15c527-fe2a-4cbc-927a-e04ef58b8c61,add_to_cart,11,2026-07-22 19:21:01,tablet
3507,154,64305373-f936-4968-8e44-f2f83de8a4cd,page_view,,2026-06-02 03:59:33,desktop
3508,,64b078a7-a4f9-467f-9dc3-bbee31523136,product_view,16,2026-02-22 09:56:37,desktop
3509,89,ee93a4d0-cd24-420c-8d34-6977d41bd8bf,add_to_cart,50,2025-10-23 06:28:55,tablet
3510,257,f07bf9bb-20fd-4784-add9-a87993ee36ee,purchase,23,2025-09-17 16:03:13,tablet
3511,110,ba65983d-fa33-4a98-a3f2-0557a2e2d1ca,product_view,80,2026-06-25 18:03:11,desktop
3512,292,5170a2ef-e777-4664-a732-ceca2c78bc22,add_to_cart,47,2025-09-03 00:04:35,mobile
3513,62,3b20d154-6ff9-4cf7-a88f-c36a846c454c,page_view,,2025-03-19 19:15:41,mobile
3514,246,20572e73-cd19-4b5e-b5c4-3078197df05f,add_to_cart,23,2025-08-29 01:46:25,desktop
3515,286,93b1ee1d-a1a6-4f32-9e4d-acd68116fd6c,page_view,,2025-11-29 07:09:24,mobile
3516,,c31db215-d7d0-4c99-a45a-e8eec8c6a8b1,product_view,18,2025-09-15 14:43:38,desktop
3517,123,d65bc676-429e-40e0-aaaa-94c8a097efe3,product_view,69,2026-01-29 06:06:58,desktop
3518,25,52891c31-f2de-45fd-a8b7-b5418d8b3728,purchase,10,2025-10-03 23:00:24,desktop
3519,,06905ba5-17e0-4df5-97df-85b33429c8cf,page_view,,2026-02-03 04:09:32,tablet
3520,,c520d50f-a0ff-4498-82f4-298f6ffad356,add_to_cart,77,2026-02-28 08:49:24,tablet
3521,159,9e3bc735-071f-4a27-a72e-31b197e1bc36,product_view,19,2025-03-07 18:53:29,desktop
3522,19,f8ef32ee-ebac-42ef-8b2e-1eb3b523b1f3,page_view,,2025-01-10 15:27:51,mobile
3523,137,067965ab-61e5-48ca-9261-14b7142a6f47,page_view,,2025-12-25 21:09:53,mobile
3524,,fbc1085b-216b-4833-bbf2-82a9be09f835,add_to_cart,41,2025-01-03 05:03:11,tablet
3525,42,c7101f3d-a1aa-49f0-a26c-2d5a742617e7,page_view,,2025-01-02 09:15:34,mobile
3526,,a70bba9c-3d5e-49df-afc2-147c5badd755,purchase,22,2026-07-26 22:36:33,tablet
3527,262,319ec58b-4c03-4d16-b8c4-f346e5dd614c,purchase,18,2025-04-26 06:17:09,mobile
3528,41,b9ef9fa8-3ec8-4e58-9728-2d3089111a42,page_view,,2026-07-16 10:45:13,mobile
3529,237,60cb9e17-c93a-4471-8e9d-ef4ec7affa24,product_view,49,2026-04-09 18:23:44,desktop
3530,,0d3f69ed-a8c5-4cca-82ae-cc90c5386208,purchase,9,2025-10-20 03:05:11,desktop
3531,70,24ce1460-ef5a-4491-953d-165346641858,page_view,,2025-01-15 23:21:40,desktop
3532,251,fc1bb61a-a36d-4d54-85ec-8e9fa09fc700,page_view,,2026-07-01 15:24:21,mobile
3533,182,1c66021e-1a79-4ec1-9def-b7bb945094c8,product_view,22,2026-06-16 11:43:32,tablet
3534,140,1f683d6f-988c-49db-ad5c-ea4e758964f5,product_view,42,2026-04-27 15:54:14,mobile
3535,251,4312153d-484f-4f7c-a44f-52f41b696031,product_view,78,2026-05-31 06:12:19,tablet
3536,175,13cf44fe-17c0-4e28-ae3d-9de2e504d1c6,page_view,,2026-05-05 20:55:37,desktop
3537,274,e9a7f5e0-5c84-48db-9839-40c97e86d7f8,add_to_cart,27,2026-02-04 16:09:00,desktop
3538,,19c59f2d-640b-4b85-b53d-aedcd69bdeb1,page_view,,2025-04-13 01:28:10,desktop
3539,140,69eb337c-059e-48d8-8ba2-0d387db4990d,product_view,69,2025-04-16 11:31:18,mobile
3540,118,a02cbed2-f58f-41b0-bc8c-65ab12d5dfe5,product_view,31,2025-12-16 15:47:19,tablet
3541,,6b7f0864-aff5-4774-b5d5-f4e513893a70,page_view,,2025-12-31 20:04:51,tablet
3542,197,a2307350-5047-4a3d-a3c4-43f16010ab93,page_view,,2025-01-16 22:28:44,desktop
3543,158,293e16b3-cefd-4224-b36c-c67ee886818e,product_view,51,2025-01-18 17:42:03,desktop
3544,88,e754d4c3-0298-4dd2-8c7b-34e22e07cb63,page_view,,2025-04-01 18:13:09,desktop
3545,,a197339c-913a-4b6c-a8df-e59a2dbdc7cf,page_view,,2025-05-21 13:49:26,desktop
3546,147,1e014975-080d-4370-9ad4-c20f9b4dbb90,add_to_cart,68,2025-01-24 04:45:25,desktop
3547,151,58c6d166-fe65-4782-97c2-6cfdf9d59f7f,page_view,,2025-12-24 22:05:00,tablet
3548,208,999921ec-9d2f-4e76-beb2-d1727be19731,page_view,,2025-12-11 05:44:00,desktop
3549,241,85915036-288c-4222-8148-a2458be64b98,add_to_cart,76,2025-12-05 01:23:09,desktop
3550,214,1f20c257-ed34-4e32-8126-fa8fbddfd7eb,purchase,47,2025-11-27 16:42:08,mobile
3551,130,89344b06-0790-4eb4-9b2a-1376315e4e80,product_view,46,2025-06-08 12:01:27,mobile
3552,,c2ce56bd-8301-43a6-849b-50bc05e5d461,purchase,71,2025-10-25 15:15:59,desktop
3553,27,5d697934-ddeb-48a4-b75f-dd572700260b,page_view,,2026-05-19 11:49:08,mobile
3554,246,078d27e5-378a-4ba6-a608-d6d31d62c6b5,product_view,23,2025-10-08 20:29:02,tablet
3555,220,155c8139-3842-43b4-a378-ff4453d9a4dd,page_view,,2025-06-15 07:36:37,tablet
3556,131,2067902b-f099-42b6-b10c-cf77ba4d6c8e,product_view,75,2026-08-01 22:26:53,mobile
3557,,33013b08-7b48-4db6-860f-01a54480d02d,add_to_cart,67,2025-12-14 09:48:05,mobile
3558,31,b544f70c-593a-4b51-978b-55e7f406d6e0,product_view,12,2025-12-17 20:45:56,tablet
3559,,77902ddf-4b58-4ceb-a6e4-86bf8d2eea22,page_view,,2025-05-27 15:06:15,tablet
3560,241,6fa1c232-7eec-4c53-8f1b-6490bec51040,add_to_cart,29,2026-07-11 12:24:17,mobile
3561,104,ec1f0155-6662-4bd2-b243-b5c6833d7595,product_view,78,2026-05-09 13:39:27,tablet
3562,83,32a807cc-2c47-4336-8006-1add316c00bc,product_view,54,2025-03-14 11:22:12,mobile
3563,86,b7a745e2-e327-419f-9895-cceaafe2ff5c,page_view,,2025-03-02 18:36:33,desktop
3564,,1a574cee-6490-4d65-b63d-329547f50a35,page_view,,2025-09-09 07:26:43,desktop
3565,40,966b91e7-c435-4e28-8b0c-17099569f8cb,page_view,,2026-05-26 19:08:08,desktop
3566,,34b16488-cb4a-4b4b-aa68-3e184fc40b0a,page_view,,2025-07-03 23:41:29,desktop
3567,97,6ef7ffc3-7ce2-4b5b-b8d8-f272f429c05d,product_view,65,2025-02-12 10:26:38,mobile
3568,34,98a91187-6c7a-4c9d-b237-64bae202f022,product_view,50,2025-02-19 08:55:40,mobile
3569,119,5199839c-d0de-4fb6-858c-6c02bf409640,page_view,,2026-01-18 10:37:36,desktop
3570,,620f4af4-9b77-4a46-9b88-fe699f7717ca,product_view,32,2026-03-06 23:45:49,desktop
3571,,5a58abba-9130-4877-b320-e68f6de77482,page_view,,2025-01-17 22:57:15,tablet
3572,45,d1c06099-a1f8-46ce-a5dc-6ce55fbbdfd7,page_view,,2026-07-21 19:40:16,mobile
3573,35,e3b2f985-2ad0-457e-b30c-19bc1073c0c3,page_view,,2025-09-04 15:07:40,desktop
3574,212,40c8c7a3-82e8-47ae-b545-dfb308a47ee1,product_view,59,2026-04-20 16:33:47,mobile
3575,176,9a980457-4b21-4512-a8e9-31d8963d101f,add_to_cart,59,2026-01-22 11:19:43,desktop
3576,170,f34bfa59-a525-43e3-a093-97d5d3a1b88a,product_view,8,2025-08-02 09:06:33,tablet
3577,,65f76d06-5a2d-465b-87ce-baaaf713c245,page_view,,2025-09-14 07:21:22,desktop
3578,57,cf1d46be-2e0e-443d-9d59-b30807aa2515,page_view,,2025-02-21 05:05:12,desktop
3579,294,2f981e44-ca78-4f58-adec-4b0d529b3b96,page_view,,2025-07-30 08:33:27,mobile
3580,70,37164f31-1298-4e9c-becd-2b8c5b952506,page_view,,2025-09-13 06:51:59,tablet
3581,43,252151f9-5f39-4d2b-9f25-210ea82e2d61,page_view,,2025-03-13 11:20:06,tablet
3582,173,02774ef3-1f4f-4a0f-907f-fc32c78e4415,product_view,4,2026-04-21 00:49:53,mobile
3583,9,b780606a-02ca-48d5-b033-ee83518f0ed4,page_view,,2026-03-09 00:31:01,desktop
3584,55,9145aa38-7722-4c2c-b6b9-ca355430c8c3,page_view,,2025-05-07 10:48:42,desktop
3585,245,3b8ede31-e614-45dd-9251-d645cb94cf8d,page_view,,2025-04-20 15:17:38,desktop
3586,126,489af195-62b6-4594-90f4-c9418fc7ad79,product_view,33,2025-05-20 16:29:57,tablet
3587,297,37abaed7-86fa-4a83-b651-1c939a0fb0b8,product_view,7,2025-06-28 21:13:52,desktop
3588,,b75d2f0c-472e-4f3b-8f9a-fd511a58fa44,product_view,62,2025-06-22 12:33:23,mobile
3589,81,ceb380ac-e223-4389-b23e-d1fc9b9f9efe,page_view,,2026-01-05 18:28:05,tablet
3590,237,92ee4820-1327-4db9-abdd-439adc233c06,add_to_cart,21,2026-01-19 19:53:11,mobile
3591,272,aea03292-6bf7-4125-a571-f542e485a118,purchase,72,2025-03-28 21:32:40,tablet
3592,154,d03a9ed2-515a-4eea-af69-a1cfc19666e9,add_to_cart,46,2025-03-26 13:59:03,tablet
3593,299,0cb68029-3276-4b75-b2b9-fc5651f37a1f,page_view,,2026-08-21 10:03:34,desktop
3594,202,0bfa8cd5-7fa7-4708-be72-79cecd7f65f6,product_view,38,2025-11-02 15:44:56,desktop
3595,74,1e87c27e-6bd6-4443-8640-1757fd81a925,page_view,,2026-08-22 00:12:53,mobile
3596,190,99f75c76-2bcf-403f-b3e9-b99b1fc489b3,page_view,,2025-06-09 19:09:45,desktop
3597,188,3c862582-6202-435d-9756-fd3353ae1065,page_view,,2026-05-21 00:20:23,mobile
3598,241,0490eb68-48f8-4df6-8571-dd83938fdb37,add_to_cart,77,2025-12-21 01:38:25,mobile
3599,155,9364ecb5-db29-420a-8886-b7c6a4c755b0,page_view,,2025-02-14 22:25:48,tablet
3600,217,7636ae1c-e961-41f3-8130-8be0fcea9a96,product_view,44,2025-02-15 04:40:00,tablet
3601,30,f783b6f6-d775-4809-a18d-052048cc32c6,add_to_cart,40,2025-03-20 16:48:00,desktop
3602,17,88914b26-e555-4570-8979-5e75671e9bb8,add_to_cart,64,2025-09-05 09:49:29,tablet
3603,22,565f2ea8-0a03-48cd-870b-230ceb044ecb,product_view,14,2026-02-28 03:33:31,mobile
3604,7,784aee43-11c7-4eb2-842a-6bd7a51004b8,product_view,76,2025-05-11 03:11:48,desktop
3605,180,6a429bd5-cd71-42b4-9471-104f1859c5ae,product_view,23,2026-05-15 12:34:20,desktop
3606,258,5133577b-4651-4173-8d0e-391db9272714,product_view,26,2025-05-09 20:26:43,desktop
3607,258,146b9fbc-667c-4788-9887-f3d2c0f1fa3a,page_view,,2025-04-03 12:55:38,tablet
3608,,7e6ae55c-502c-46f1-864d-10e38e738520,add_to_cart,51,2026-06-18 18:29:56,mobile
3609,240,4c66d04f-64b1-4c49-8c0c-f61e9cc10bd8,page_view,,2025-11-29 13:16:55,desktop
3610,42,7e4b4f10-745f-480e-bbe5-403bb24b007b,add_to_cart,54,2026-07-28 21:11:58,desktop
3611,290,e914ae70-f797-4ec8-a41e-f111d94296b6,page_view,,2025-09-02 14:07:37,desktop
3612,8,f00d5a65-5fb8-4f18-97d3-ce211f14eb34,page_view,,2026-01-15 11:25:02,mobile
3613,60,39590149-077f-4e36-9a4d-67db9e33bdbc,add_to_cart,10,2025-08-13 07:32:18,tablet
3614,97,23841977-02a9-4064-9351-1e950c3edd5c,page_view,,2025-09-25 13:31:26,mobile
3615,192,dc83f96f-52a6-43d4-be58-a9701aea2c2c,page_view,,2026-02-18 02:27:11,tablet
3616,,39f18027-6f88-42c0-b968-ab06b0067b61,purchase,55,2026-08-05 16:25:19,tablet
3617,286,b95f22d5-30ef-476b-9688-43992b91aace,add_to_cart,50,2026-08-17 17:41:52,tablet
3618,247,d0ef0cd4-5e6e-4398-8ff1-b675e6fb976b,product_view,65,2026-02-23 07:12:58,mobile
3619,115,0143d636-fd54-425b-899d-6cd2e7232e8a,page_view,,2025-06-15 18:00:36,tablet
3620,,0d700c8b-de36-490a-b030-9415ef21db2c,product_view,50,2026-08-08 06:40:12,mobile
3621,289,0b070a68-c8f2-47a3-a221-3776427ae472,product_view,55,2025-09-14 04:50:51,mobile
3622,,4de5f4af-f278-45f6-8c49-f33a1c5d9fe9,page_view,,2026-05-10 10:15:05,desktop
3623,6,b01ba134-544e-4743-8383-9f121335f6c3,page_view,,2026-02-04 07:25:12,mobile
3624,47,612a9cc6-cfff-4d34-8aa8-1f139cdd39a7,product_view,65,2026-03-12 08:52:24,desktop
3625,9,ecc38555-2b9b-4ffc-b2db-b2c54518f4c6,add_to_cart,47,2025-12-21 08:14:11,desktop
3626,,1eb1dc0c-75f0-46c0-955d-307823447519,add_to_cart,23,2025-07-17 00:26:22,desktop
3627,,25e36ccd-dca5-44f2-91bf-c946205474fa,page_view,,2025-07-31 23:20:39,tablet
3628,233,d9a3ac28-e346-41b7-9589-9035c0c6e3ff,page_view,,2025-10-24 06:03:04,tablet
3629,34,a30c1e0e-69cd-4159-a53d-fc49f7410b94,page_view,,2025-11-02 00:18:20,tablet
3630,,85924e5f-1f53-4b6e-ab11-77367260282f,add_to_cart,21,2026-04-26 07:23:58,mobile
3631,66,7a59697d-93f0-40c7-bd92-f1cb87101172,page_view,,2026-06-21 06:20:21,tablet
3632,196,47d1931c-f9f2-49ab-bd77-71f8a948ec66,page_view,,2025-11-29 04:38:08,tablet
3633,175,7b92a41d-bb19-40fe-85cb-fedd5268c879,add_to_cart,11,2025-04-29 20:16:19,tablet
3634,78,c425d020-4389-4f66-9780-29e939d00762,page_view,,2025-09-06 19:39:44,mobile
3635,220,5a5ed7eb-1532-4177-b61d-170a4bd600e6,add_to_cart,75,2025-12-04 18:24:26,tablet
3636,72,3e0c5ec5-df74-4fb5-95e6-162f8efadaa1,product_view,72,2025-12-09 07:16:37,tablet
3637,33,db19de67-bc3a-4abb-a5aa-9765a8d3bb7d,product_view,13,2025-06-17 18:17:45,mobile
3638,16,133ca9cf-13f8-4789-b1e9-3b1a34b549be,add_to_cart,27,2026-02-05 15:26:01,desktop
3639,201,3664cafa-0f6d-4751-be9e-7b8af8c59ac6,product_view,79,2025-11-08 17:28:55,mobile
3640,127,77d8b428-3754-4771-aba5-d1c9035c5d03,page_view,,2025-12-01 21:10:20,tablet
3641,6,7cd6572f-301b-4b4e-a293-4e8ed189f750,page_view,,2026-05-19 22:14:59,mobile
3642,143,d06200e3-356a-4651-9727-bd831ac2c99a,purchase,4,2025-08-19 17:51:39,desktop
3643,102,8390bd94-8713-481f-82f8-6229972c8583,product_view,14,2025-07-25 05:39:15,tablet
3644,176,f1c2fa18-c2af-46a6-9038-4c0ddbc3f559,page_view,,2026-04-04 12:00:56,desktop
3645,51,a7c10adb-743a-4892-b561-10f64fd3ca88,product_view,44,2025-02-18 09:05:05,mobile
3646,257,1b0c9092-8127-48f7-9909-e0c9276c7935,product_view,8,2026-04-13 02:26:29,mobile
3647,204,eaacabb4-3802-485f-a14b-a540ea041d0b,page_view,,2025-10-18 22:40:03,desktop
3648,37,73d2939e-f99d-46d5-a2b5-17815d17c25d,product_view,21,2026-06-02 08:39:49,tablet
3649,87,33f92a87-8372-4123-9ed7-a652de2bfe58,add_to_cart,10,2025-12-02 04:23:54,desktop
3650,227,11925880-301d-4817-a673-d42dc7af75de,product_view,35,2026-08-12 03:14:58,mobile
3651,44,afaf20ec-2a08-4526-ac4f-e33d47206b6c,page_view,,2025-12-27 16:02:12,desktop
3652,71,93c6267d-dead-44fc-b395-26574ea12bd9,product_view,22,2025-05-18 14:04:49,mobile
3653,168,760116cf-25b4-47aa-9a20-e3baa5fc6d09,product_view,73,2025-01-25 04:46:15,tablet
3654,135,1c36036f-beba-4619-9b6f-b706e04e6585,product_view,38,2025-07-14 09:19:17,tablet
3655,235,75fa0ebe-e4e3-4c20-843f-1b5f3d958061,product_view,53,2026-02-09 02:47:49,tablet
3656,278,79eae461-0751-4daa-844a-2a482fe12ed8,product_view,56,2025-12-18 22:46:03,desktop
3657,,5a19d7ab-73e0-467e-87e8-1b25a9715404,product_view,5,2026-08-20 03:17:29,tablet
3658,178,8ce0bd8f-ed4b-429f-9e4a-a01643fcf7b7,product_view,57,2026-06-12 06:49:37,mobile
3659,289,3649f585-6e75-4e7a-9abb-b78f1585665d,product_view,47,2025-07-12 13:58:02,mobile
3660,297,6e4c1501-808f-4cb9-a59d-12db268f090a,add_to_cart,12,2025-06-07 23:11:48,desktop
3661,,70fbb28e-0d9b-43b5-956f-f3c182077e01,page_view,,2026-07-30 11:54:44,tablet
3662,18,0c941263-190a-40d6-9ea9-f25945c86249,product_view,64,2026-07-02 01:30:51,desktop
3663,,ed92b753-bb64-4511-a1ec-ff07a60c1329,product_view,4,2025-08-17 23:04:44,tablet
3664,282,307fc576-4b43-4873-b1a5-80d76c2ec07e,page_view,,2025-03-10 05:45:01,mobile
3665,296,46a3110a-9813-4b31-ad38-9d1f6716d461,product_view,51,2026-05-04 15:36:18,mobile
3666,9,84c42de1-7e5d-421a-9b81-b89887916cbe,page_view,,2026-03-31 08:08:20,desktop
3667,258,0cc46000-ae60-4948-9bf3-84ef6efe2368,page_view,,2026-01-20 13:09:55,desktop
3668,236,1c6fec01-f57f-4bba-bfba-cf5fa576db48,product_view,75,2025-01-03 12:39:08,desktop
3669,167,e5228d31-0d9a-4fce-9d7c-f46d3836613c,product_view,37,2025-07-18 21:26:35,desktop
3670,18,3d1fd7c0-4424-41ec-9342-4e7c0922d88d,page_view,,2026-02-05 16:24:19,mobile
3671,39,4684833e-19dd-4b90-8839-c8e410db5fdc,page_view,,2025-01-06 21:29:37,tablet
3672,139,b3133c8e-9ec6-495e-a1f2-17be39f99c64,purchase,71,2026-06-30 18:01:40,tablet
3673,26,649423aa-6454-46be-a791-346cb7403274,add_to_cart,67,2026-05-30 15:36:37,tablet
3674,,d2f629ca-bbe2-47ba-b84a-996719ef13bf,add_to_cart,43,2025-08-06 03:26:28,mobile
3675,91,7ec391ef-44ad-4484-b112-3048e128b9a8,page_view,,2026-03-06 04:39:08,desktop
3676,254,341d85cd-c925-4285-abc8-906f34a91b86,add_to_cart,7,2025-02-03 20:31:05,desktop
3677,157,b4b2ce14-49b9-4124-a30b-d3b558fe7bd2,page_view,,2025-04-03 10:41:59,desktop
3678,,00cb9caa-bbdf-4574-89b8-f7ba98a7fea2,page_view,,2026-04-24 00:28:23,mobile
3679,,e8646e0c-80d4-48b9-af61-5360182047f7,add_to_cart,8,2025-02-05 16:24:40,mobile
3680,164,bd350d2a-7a0c-456d-9f43-25f4b3521505,page_view,,2026-03-28 08:26:21,tablet
3681,255,b01c9191-e81b-40ff-9a41-a15f4e29b9da,page_view,,2026-02-16 20:50:32,mobile
3682,17,ae7303c0-50ab-4660-ab94-5cbb3d162ab9,product_view,36,2025-04-18 07:40:12,mobile
3683,163,55082167-2ff5-4dab-aaa9-46d411c7c76c,purchase,49,2026-05-25 02:27:51,tablet
3684,56,f6558f35-244f-45c6-b489-0e8ce65dd443,page_view,,2025-01-14 12:44:55,desktop
3685,,6d8c5504-797f-4e4d-aa81-0850034296fa,product_view,33,2025-06-29 13:03:04,tablet
3686,,f9705e4b-2d71-4040-8554-e88b558492ba,page_view,,2026-08-20 23:53:31,mobile
3687,,2bb4a408-13b4-44f6-a19a-17f6438a819e,page_view,,2025-11-04 00:31:27,tablet
3688,296,027deb45-da64-45b5-82a0-72ddade03e6c,page_view,,2025-07-05 11:24:52,tablet
3689,19,794ceef2-f833-4fa7-9a26-15f89810b8c1,product_view,30,2025-05-23 08:59:22,tablet
3690,230,df8b4008-7d01-45a3-8041-f5d49549e631,product_view,60,2026-02-03 15:39:47,mobile
3691,199,0b90b03d-1c00-4895-b8fa-3b843f5cd7ed,add_to_cart,68,2026-08-15 11:39:26,mobile
3692,159,ae1782f6-9138-4474-8473-b982d1a529db,page_view,,2025-08-06 20:32:27,tablet
3693,241,3a710f9e-d5da-46fd-8a68-998ffd8bb697,product_view,69,2026-04-18 10:26:27,desktop
3694,100,c1472ff2-2ad4-4bba-80ce-350586780a98,page_view,,2025-04-13 18:35:16,mobile
3695,83,19991b39-180a-4e01-8677-36bc258675e9,product_view,73,2025-07-29 23:04:12,tablet
3696,230,55eef366-bc76-4752-8dcb-e8184dfa6a17,product_view,24,2026-01-30 13:54:13,mobile
3697,3,59ccc94a-bc1c-460d-bd9c-03c773deaa56,product_view,45,2025-11-13 20:21:40,mobile
3698,61,a9d52401-41e1-408c-8bb3-fbb2fd6314f2,page_view,,2025-04-18 02:49:41,desktop
3699,29,7570b0ac-5d42-40d5-80e7-ca767c8ad37a,page_view,,2026-04-05 14:46:54,desktop
3700,70,4d171ebc-5a45-48ea-93e7-63d10378bcb7,purchase,72,2026-07-20 22:05:31,mobile
3701,117,84909370-e430-4b91-956f-e90eb5ccdbe6,page_view,,2025-06-09 19:19:15,desktop
3702,225,dd7902fc-db61-4a80-a9f7-c6d1c6475ae2,page_view,,2026-01-02 18:19:52,tablet
3703,96,7bfeadd1-9882-461a-97fc-88c5e6f467b9,page_view,,2025-01-14 07:37:02,desktop
3704,,84f16d9d-af8f-4cf0-851a-9ec71cdde8ca,page_view,,2026-06-27 17:33:19,mobile
3705,87,25dccca2-054e-4210-a3c9-f400ba6c557c,page_view,,2026-04-29 06:22:13,desktop
3706,239,3862abcf-db34-47bb-a90a-a98bfa87fba5,page_view,,2026-02-19 10:15:36,tablet
3707,245,5b7117bd-2442-4191-be7c-7d6ea8cc4515,purchase,47,2025-04-08 11:15:24,desktop
3708,183,93dc8eea-3e8e-436a-87e9-5e6d7f71eef6,add_to_cart,46,2026-03-31 10:56:20,desktop
3709,266,6e43b319-f929-4271-b220-58f9bdb2fd9e,product_view,42,2025-05-23 15:15:53,tablet
3710,294,16daa8f5-be8e-466f-b4d0-91d15c02f1da,purchase,15,2026-06-18 13:18:00,mobile
3711,53,60b61367-f46e-4787-abaf-89c7319fa2f7,add_to_cart,41,2026-03-20 17:20:32,mobile
3712,279,461fe028-f727-4e90-9ba1-68b8a3840e2b,add_to_cart,10,2025-11-24 16:44:46,desktop
3713,216,8b7fa47e-adc5-4fc7-a07b-f99be08c82ea,product_view,5,2026-01-13 02:11:41,tablet
3714,273,fcc1c48c-7303-40ca-a992-6bade6335f58,page_view,,2026-07-12 07:21:52,tablet
3715,35,2cc9abb6-86e3-4e9b-a047-9ecbf5538cd3,add_to_cart,29,2025-09-23 15:47:54,desktop
3716,91,594de8d7-add7-4b0f-a90b-365143eb4ff0,add_to_cart,41,2026-06-06 15:35:41,mobile
3717,154,96d26487-641a-4b74-94c9-3d44e353a243,product_view,45,2026-01-21 07:22:54,tablet
3718,106,46b821c7-fe73-4856-b1fc-fc366ad3cc40,add_to_cart,74,2025-06-04 08:53:29,desktop
3719,185,945b3711-0a85-4722-b0c9-5ec44f2fcfd6,page_view,,2025-11-25 16:27:33,mobile
3720,163,d58c449e-57e0-457b-b3ab-800b8523d070,add_to_cart,44,2026-04-27 19:18:49,tablet
3721,,cb9aefff-6ef7-45aa-9f7a-63af9cc41ca3,page_view,,2026-07-11 00:16:30,tablet
3722,86,cae2f489-f7d8-4086-9110-c9fd747cb18f,purchase,19,2026-04-21 03:13:42,desktop
3723,,1c35730b-49d5-4453-98d4-d949cad6d3ef,product_view,50,2025-06-14 18:36:50,tablet
3724,237,ed5f24c3-7fb9-4e49-8222-3c10f82f2dc3,purchase,33,2026-05-08 15:13:03,tablet
3725,111,ae50f96e-7760-44f6-a5aa-620faf7ead9e,product_view,4,2025-08-03 20:15:42,desktop
3726,143,4a2f2373-f777-4816-85ef-875e26755363,product_view,57,2025-07-09 15:02:40,tablet
3727,,29a099de-aa10-4595-8ee2-51809fb109a3,purchase,25,2025-05-06 22:14:06,mobile
3728,,108ab4de-49cb-4790-bca0-8cde4dbbb7cd,product_view,36,2025-04-03 06:23:49,tablet
3729,262,74300ccc-03fd-4d08-8b73-361fccbeb6db,add_to_cart,1,2026-02-06 06:45:04,desktop
3730,297,d3520a91-4873-4252-b7a2-a1800a7be6e7,page_view,,2025-04-08 18:16:11,desktop
3731,189,7d05955b-0d9e-4328-9f99-7c8097d38ab9,page_view,,2026-07-07 22:18:56,mobile
3732,272,5a2d6aee-6e29-4319-814d-98294e4a516f,add_to_cart,31,2025-03-29 09:30:46,mobile
3733,,0cc66163-002a-4e3d-9588-3c8fa9065c79,page_view,,2026-02-16 08:10:46,mobile
3734,82,e0f3ee66-59a7-46e4-a341-89c5405df186,product_view,56,2026-05-02 06:56:46,desktop
3735,5,8082a0ee-dbe8-4d7a-8907-03e848841707,page_view,,2026-04-03 21:06:05,tablet
3736,185,8f8d4107-c4d5-4c13-b561-d900aa52cdf3,page_view,,2026-03-13 18:20:26,tablet
3737,72,b69415c7-1604-42b7-b424-b79c27b0816b,page_view,,2025-06-01 13:21:02,mobile
3738,89,bba95ec4-fef4-4c9c-a484-557f454a8e82,add_to_cart,53,2026-07-04 11:25:21,desktop
3739,108,eb1313b7-95d1-4b6d-ae9a-e156325cba4e,page_view,,2026-01-31 01:50:24,tablet
3740,276,083a1c27-3807-4019-8a72-007114a9ee59,page_view,,2025-01-21 20:59:38,mobile
3741,279,3facabcc-5ac9-4db2-aed4-d00579222d87,page_view,,2026-06-18 21:46:19,tablet
3742,203,62e0adf7-a315-4bbb-adb2-31a2cfcc2abd,product_view,28,2026-02-07 07:37:18,mobile
3743,125,e7773701-f787-4461-a62c-4f006c2d1b96,page_view,,2026-07-22 10:41:11,desktop
3744,,eb91d7bc-42e1-4eb9-a49d-da44191f9e05,product_view,51,2025-06-05 18:43:10,mobile
3745,107,2c5d849c-4f8c-41b9-98d7-88d94d515b58,product_view,52,2025-11-16 22:09:38,mobile
3746,146,e03d1b30-adcd-495f-af91-a7be905c3fd9,add_to_cart,64,2025-10-16 20:47:17,mobile
3747,222,23a10fdd-9402-47be-8deb-dd3c528e0ae8,add_to_cart,31,2025-09-18 23:44:18,tablet
3748,18,4001570a-3312-4e73-8485-63a3aeee2302,page_view,,2025-04-08 02:13:23,tablet
3749,51,3313f36c-8de5-4a88-aa93-716a22bca104,page_view,,2025-08-29 13:39:57,desktop
3750,,4c1e172a-15e9-4ee4-8e14-39774d126ab1,add_to_cart,19,2026-06-21 09:58:49,desktop
3751,157,760e36aa-a0d9-40ba-ad57-a5c89110f698,page_view,,2025-01-03 19:25:16,tablet
3752,194,c84bbdf5-603f-4ddc-aef1-7a908bbb8f3f,page_view,,2026-08-12 12:48:56,mobile
3753,54,18963a6e-6fd8-4533-9577-58f5e03c63df,product_view,66,2025-11-16 19:11:21,desktop
3754,,b1b2b9c6-7120-421e-86cd-6214237befd1,page_view,,2026-03-01 01:35:35,tablet
3755,31,af66dc57-ef54-4897-80fa-07e35031d661,page_view,,2026-02-03 00:13:23,desktop
3756,10,5aac72b1-77e7-4d81-9b88-fc72b66cdb02,product_view,57,2025-09-26 22:17:59,tablet
3757,262,f62162ab-6ba6-4252-b76f-fd036d7bba17,add_to_cart,80,2025-04-19 13:49:32,mobile
3758,143,e99d6b91-0715-42d9-b616-b5036906b588,page_view,,2025-01-25 15:09:40,desktop
3759,280,c44b04e8-f51e-4df3-86c3-998e8f14aac7,product_view,41,2026-04-27 08:02:27,mobile
3760,221,23fd6ade-c17f-4f19-96a3-48336bc152ad,page_view,,2025-07-01 09:58:08,mobile
3761,269,c960b851-4d69-4e19-a827-3dee9d7e4eb7,product_view,45,2025-09-30 09:15:24,mobile
3762,35,5f843666-831f-4c00-9490-029d3e1e0693,product_view,2,2026-04-21 06:14:43,tablet
3763,13,e660a8e0-8b13-4689-9ef2-a148209515d5,page_view,,2025-01-27 12:35:58,tablet
3764,16,0db4897a-4b18-4a0d-a0b7-d81890c97f32,add_to_cart,56,2026-04-01 03:25:58,desktop
3765,120,203d54c9-6485-425e-9858-f464c15da547,purchase,26,2025-05-05 18:11:25,mobile
3766,295,767a92b7-0186-4029-ab8a-501567273710,add_to_cart,46,2025-09-19 02:24:09,mobile
3767,283,849c30c6-dffa-48ae-8353-ac87ceb7138a,product_view,38,2026-08-16 06:28:21,mobile
3768,,15ac37f0-0de9-4283-96d5-aed275d106f2,add_to_cart,65,2026-07-17 02:37:46,desktop
3769,93,fc75de3d-d473-43b5-852a-2da70e00583d,page_view,,2026-08-24 12:53:47,mobile
3770,,9826a55f-555f-4bf4-9b67-8ec1a65e883b,page_view,,2026-02-06 19:56:07,mobile
3771,,90c0e607-4a63-4fc3-926a-ab2718ef2501,add_to_cart,54,2026-03-17 06:03:10,desktop
3772,168,dd43b0cf-54d0-4314-b0ca-b2497b417aed,add_to_cart,62,2025-08-22 04:56:48,desktop
3773,33,95a97dd7-bd8f-426f-9f16-de170f94d562,page_view,,2025-10-30 08:41:15,mobile
3774,87,b78a2037-bd46-4bd5-82c5-2802aca65492,page_view,,2025-06-22 17:42:26,desktop
3775,78,8429e12c-347f-4a8c-b39a-442b0d92bc7e,add_to_cart,31,2026-07-29 08:23:12,tablet
3776,152,f79f8fa9-bd8c-4f4f-8fe2-75b124e72383,page_view,,2025-08-26 17:32:34,tablet
3777,132,e522266c-393a-46ee-a2eb-4a7f7ecc492d,page_view,,2026-08-22 21:32:57,desktop
3778,,279f5df0-da2d-4df9-a3c1-4a53acf96a12,product_view,46,2026-06-22 00:41:51,mobile
3779,14,b819b15d-4f96-4a84-a0d4-4d244d074581,product_view,33,2025-04-09 10:28:00,tablet
3780,126,ce3ce7ce-01a6-4260-afc0-8273fd397fe7,add_to_cart,76,2025-02-17 18:45:46,desktop
3781,171,33611134-b012-40ab-9fa8-70407c260521,purchase,35,2026-06-08 18:02:36,tablet
3782,,272c7482-0002-472a-9130-38f51d5d8f65,product_view,41,2025-05-01 20:16:59,mobile
3783,239,8513176c-1efc-4c94-a141-10b69a920655,product_view,14,2025-03-02 22:21:56,mobile
3784,148,1a85fd69-344c-46cc-bf48-e5f018cc0e29,page_view,,2026-08-10 08:25:43,tablet
3785,,817c6779-d52d-4f91-864f-e16479472ea4,page_view,,2025-05-08 17:38:14,desktop
3786,6,ed113faf-0e3f-4912-a405-d362719deadd,page_view,,2025-09-20 12:58:53,desktop
3787,259,7bd50aeb-6791-41dd-8cc7-cda21f2f087d,product_view,68,2026-02-10 11:59:55,tablet
3788,107,3c243b45-d1fd-4711-af1d-80eafb91fb90,product_view,36,2026-01-23 14:44:25,desktop
3789,227,42a1279b-8bf5-4aed-9904-b887d77b03b3,page_view,,2026-02-08 13:46:43,tablet
3790,,706ad042-ae6b-4455-9cdd-d7c2d25a0b3f,page_view,,2026-04-27 09:35:13,mobile
3791,,1f89cec2-9dfe-49d2-a87d-2106dbfbfea4,product_view,70,2025-01-02 07:01:31,desktop
3792,108,058b5ee1-a2dd-415a-a570-66e86eaebb60,product_view,20,2025-12-31 04:50:00,tablet
3793,300,be9e01a9-d18c-4fde-a445-8bad2f4f914c,product_view,1,2025-11-10 07:51:44,tablet
3794,187,82f2a59e-2bb7-4146-bd9d-542aa84fa67f,page_view,,2025-01-19 04:58:41,desktop
3795,169,334a34a8-8bf3-49a3-b31a-dd22bdddbd36,product_view,57,2026-01-18 04:49:13,tablet
3796,215,4a1954ec-4a3f-4fda-baff-d9bd79e58450,product_view,72,2025-02-22 07:54:06,tablet
3797,219,96b93974-f587-43c5-999a-e3daaae39bc0,page_view,,2026-04-27 19:03:02,mobile
3798,77,467248f6-aaee-4d68-9e09-f48e7e32e5d0,page_view,,2026-07-21 02:26:29,mobile
3799,250,ccc34f70-b299-4e18-a2c5-26ab6424fa05,page_view,,2025-10-02 05:42:23,tablet
3800,264,d0411dec-6ab9-4a0f-b6c6-533e1b7a5c94,page_view,,2025-08-14 00:24:57,mobile
3801,184,488e5bd8-0729-45c7-a5ee-3dfd6cc1da4d,page_view,,2026-01-11 04:56:19,tablet
3802,204,63b1a52e-9070-41b6-9ec0-9c3575035829,page_view,,2026-07-05 12:35:14,mobile
3803,,08b9b2e9-4d81-4859-949e-24ad02d22ee7,add_to_cart,60,2025-08-31 10:34:07,tablet
3804,48,a83db2df-e4aa-412a-a682-13c7a525dcd0,page_view,,2026-05-16 11:05:21,desktop
3805,140,e879c9a6-0ae9-4acc-b1c9-66b39eb03954,product_view,26,2026-04-06 16:51:54,mobile
3806,21,23a9654d-f679-4544-9acf-614ae834fb5b,product_view,54,2026-04-15 19:26:33,mobile
3807,187,75566ff1-b91a-4e28-a1e6-8d3577c8c297,add_to_cart,50,2025-12-11 20:56:01,desktop
3808,120,28874d02-fb54-45ba-8255-b13b46e32efc,product_view,13,2025-02-02 07:18:09,tablet
3809,176,dc6bf2c8-db18-4d46-8029-d6335b9559d0,product_view,52,2026-07-09 21:08:14,mobile
3810,266,e70d8d07-594d-40a9-b5f5-afea80d2157b,add_to_cart,3,2025-10-28 03:59:13,tablet
3811,161,8356ed61-63ff-44b5-866a-0c09b4cb22f4,page_view,,2025-10-12 07:48:45,mobile
3812,83,26c25405-a7ea-42f0-acab-d3d710116af4,add_to_cart,65,2026-06-03 16:36:50,tablet
3813,35,902a73ae-b81e-4682-a7eb-40085a13f4bb,product_view,55,2026-08-14 21:24:55,mobile
3814,260,dbd165a3-b716-407d-b5a0-987556dbc7ac,product_view,30,2026-02-25 09:00:07,desktop
3815,61,c8f3332a-4741-4ca4-a3d9-9d90c964f746,page_view,,2026-07-05 12:04:51,desktop
3816,215,ec68fc07-4d8c-4019-a88f-c85ac33a402e,page_view,,2025-04-24 05:17:36,desktop
3817,245,d6de0902-ea89-4692-9176-37b264d88360,product_view,71,2025-03-10 20:08:32,mobile
3818,61,f66a015b-6063-4b32-bbd6-b0b5a5278097,page_view,,2026-05-18 20:28:10,tablet
3819,274,2e2d0681-a8b2-4070-9b18-72ac78c4c27f,product_view,22,2025-09-22 21:01:27,tablet
3820,208,81c974a0-ed6a-439f-b560-4484937749f6,page_view,,2026-06-27 10:38:19,mobile
3821,179,425ca2e3-8682-462f-a8ae-013ac6807bb4,product_view,72,2025-12-09 13:23:42,mobile
3822,117,96bf02dd-52f6-4f5a-b2a0-f8512121cc4f,page_view,,2025-10-12 07:48:35,desktop
3823,105,95a15905-591c-44b6-94aa-600af487a21f,page_view,,2025-11-25 13:24:48,tablet
3824,253,114c440d-675d-493b-9473-6d379e12d7cf,page_view,,2025-05-07 15:50:43,tablet
3825,131,bb9ddc31-da1e-4729-878e-be4e0b8079d7,product_view,13,2025-10-05 11:07:12,mobile
3826,,aa4e8b03-18b6-4fc7-bb50-f94f28bfffdd,product_view,35,2025-02-07 16:11:09,desktop
3827,77,ade81084-ef29-4413-bfda-e6661b314321,page_view,,2025-05-06 01:51:13,tablet
3828,21,3b45d977-c289-4a30-92db-575a79f633e8,page_view,,2026-05-13 05:47:08,tablet
3829,83,ead217d1-cefd-4dee-8590-f851fb385671,page_view,,2026-07-30 18:19:28,tablet
3830,157,1afd943c-3c92-41ab-8bac-c3c6bb8ec1cb,page_view,,2025-07-31 09:44:05,desktop
3831,249,ba68e69f-2c8b-4151-a179-2fcde658eb6a,product_view,77,2025-06-02 13:38:50,mobile
3832,246,f92b7b46-c17d-449c-a253-4b28e47919dd,product_view,53,2026-02-22 22:58:35,desktop
3833,229,0fda6ca4-107a-4bcc-ac20-d2016b88ccd0,product_view,47,2026-06-05 16:48:02,tablet
3834,125,09943e76-1d4e-4772-801f-b5a69ca5b74f,purchase,62,2025-03-10 02:10:43,tablet
3835,74,7108022a-12a8-4ff7-bffb-bc83d8c80184,page_view,,2025-02-26 15:39:42,tablet
3836,236,a19c7caf-9b45-4430-9fd3-92e2c36b0890,page_view,,2025-11-28 07:06:04,tablet
3837,55,2c8fabbc-ec6d-4411-878a-a79ed736c320,product_view,29,2025-01-21 09:21:49,mobile
3838,81,73131038-b2df-4075-9b8f-abe952377d88,page_view,,2025-03-02 01:42:06,desktop
3839,,a32c5e99-fd26-441b-a21a-7c4e60ac4a64,add_to_cart,53,2026-02-11 17:59:36,desktop
3840,246,321a9240-3321-4bb0-8e74-b39c92e33940,add_to_cart,1,2026-03-25 04:01:23,mobile
3841,295,adc90caa-7000-493b-bdb8-ed7140a3823b,purchase,60,2025-04-16 15:59:10,desktop
3842,167,bdfdcc7b-3381-4e0d-b9ba-243a493d269e,page_view,,2025-10-30 06:29:49,tablet
3843,292,874db4a6-d057-4b85-af1e-c0de297eb3f4,product_view,4,2025-10-29 07:40:11,tablet
3844,52,16054b9e-313a-4c74-8a3d-b769cf052461,product_view,53,2026-04-18 14:28:39,mobile
3845,86,f5b79271-a10d-4956-8634-caf6950506dd,add_to_cart,57,2025-02-05 05:14:12,tablet
3846,127,08825d14-341b-4c09-98a0-f6c0ab2d2fef,purchase,51,2025-08-26 20:55:07,mobile
3847,159,01572a56-e4ae-485f-a3fb-e8f2cf5cbd7f,purchase,35,2026-05-10 04:35:29,desktop
3848,145,917bc866-6874-4b44-863e-23bf5c0c309c,page_view,,2026-04-24 18:39:17,mobile
3849,23,5738db52-126c-4e50-9d4f-4af28becb8cc,product_view,56,2025-01-22 14:13:40,tablet
3850,164,f52eaf63-badf-47a8-aeaf-39512f701b32,product_view,45,2025-02-03 06:43:39,desktop
3851,122,87352231-a469-4757-ba70-c9f6e9368ad0,page_view,,2026-04-28 08:14:39,mobile
3852,80,351d1137-d518-4b72-b0ac-cfda7f055b10,add_to_cart,8,2026-03-19 13:58:35,desktop
3853,166,8037b969-7946-4eae-93dc-00ee9203c5d2,page_view,,2025-01-05 11:48:29,mobile
3854,92,e65664ac-9e54-4175-9b42-9d0e5a239f52,page_view,,2025-04-27 14:59:45,tablet
3855,172,cd35637c-234b-4e09-9a79-d6868f06c963,page_view,,2025-06-20 18:13:31,tablet
3856,38,a01ed90e-6d71-48e9-b05a-501c11310c8b,product_view,2,2026-01-10 20:10:16,mobile
3857,266,91b3f921-1224-415f-9fbc-f340604948be,page_view,,2025-12-07 16:29:46,mobile
3858,,846a4a71-c84a-49b8-a08f-ae0214013b99,page_view,,2026-03-31 20:18:47,tablet
3859,152,7fab9b07-1e30-4f10-99d5-6f424c589a8e,page_view,,2026-01-17 04:51:22,desktop
3860,,8a60b332-99fb-48a9-8d2d-ba723b06dd82,page_view,,2026-03-28 00:24:19,tablet
3861,188,d24289ea-3959-4465-85c5-581054b728fa,purchase,2,2026-01-08 05:41:44,tablet
3862,19,d4018a45-ec1a-4adc-8a36-a7c0f0cc4f56,product_view,69,2026-05-20 09:43:07,desktop
3863,,5b9facde-b409-4855-a3f2-fc26405a8f9e,add_to_cart,44,2026-08-24 21:12:34,tablet
3864,223,2869b5ee-df18-4065-9f58-64d511655b1e,product_view,41,2026-07-29 14:27:34,tablet
3865,,88cfffa2-1324-47ee-89be-e3ddf7d65f6a,page_view,,2025-11-18 15:41:17,mobile
3866,,848be725-da6b-4060-bdcc-4915934a85d9,product_view,43,2025-12-21 02:17:25,desktop
3867,,4feeea91-8003-44a8-9c7a-b4e3ee8b09a3,add_to_cart,76,2026-04-03 13:13:29,mobile
3868,103,8bc2d46d-0e80-4f03-9e5f-83786633427e,product_view,67,2025-09-14 21:24:25,desktop
3869,89,95309450-1c62-44f4-a44d-8dc2b2908892,product_view,26,2025-10-01 09:08:42,desktop
3870,11,fc24a159-eada-4885-afda-70bf78920f72,product_view,80,2026-05-20 15:24:17,tablet
3871,,0843280a-07ac-43fe-a73a-366e43577225,page_view,,2025-10-03 15:10:40,mobile
3872,193,3354b4be-42c9-4aaf-abe1-3e78568a220d,page_view,,2025-06-02 15:42:41,desktop
3873,73,0f344fe1-c3c5-4bb5-a355-ce1655a47eab,page_view,,2025-09-25 16:22:16,mobile
3874,262,d11756d5-8c0d-4a8b-b448-a24723a86b61,page_view,,2025-01-03 03:54:12,desktop
3875,56,c1e158aa-ec96-4f27-9461-4433bbdf144c,page_view,,2026-03-30 02:37:56,tablet
3876,140,0ff4c2d6-e0d6-4081-a98d-c5f7a9d06567,page_view,,2026-07-23 21:53:06,tablet
3877,230,ce3fde9a-12aa-4ab4-be59-a0d13c5168b0,add_to_cart,39,2026-07-22 23:35:19,tablet
3878,62,9c291269-e781-44cc-9058-e121f2aff86f,add_to_cart,52,2026-06-12 04:00:13,desktop
3879,128,ceb7803e-c3fc-4c0e-95c2-c94db3fdc2b8,page_view,,2025-01-15 18:58:34,mobile
3880,278,121d87ac-fb26-4d27-9889-55c0090d7d2f,add_to_cart,78,2025-01-13 12:00:14,tablet
3881,261,bd4211d1-9920-43eb-aa8e-b758f32d2812,page_view,,2025-05-04 09:44:57,mobile
3882,,e3346bd8-14a1-464b-adea-c5b89cc862cd,page_view,,2025-01-26 12:22:33,mobile
3883,58,21249735-f254-4c17-ba90-c4868d2a3484,product_view,7,2025-12-14 13:42:48,tablet
3884,266,1aa3c18e-0aaf-4962-b92c-23e3454009f2,product_view,56,2025-02-08 23:06:39,mobile
3885,121,39a9a8a9-81f2-4a73-bf20-f661091d1643,purchase,13,2026-02-25 15:06:14,tablet
3886,12,7a438217-6e77-4dd3-99aa-7cd5a67c7bd7,add_to_cart,10,2025-06-14 10:34:51,desktop
3887,217,e05f039c-d98e-4024-8813-20254dacd33c,add_to_cart,19,2026-06-02 04:10:40,mobile
3888,178,ee662c46-057d-4e28-ba4e-2920f8b1f902,product_view,25,2026-02-11 05:46:40,mobile
3889,137,c82585fa-c60b-446e-86bf-1fb70e2bd8c9,product_view,72,2025-09-27 21:17:29,tablet
3890,39,9baefd9e-88c0-4786-b238-7a5acfb57f2e,add_to_cart,50,2025-01-05 21:04:14,mobile
3891,,af001605-ae93-4319-a11f-98efdc3c423a,page_view,,2025-09-23 15:45:19,desktop
3892,182,7b6fb65b-8d70-400f-84a1-dd66bce88f22,product_view,16,2026-03-06 14:13:35,desktop
3893,263,60920068-c403-4430-a31a-9c3c0d591303,product_view,28,2025-01-24 10:23:29,tablet
3894,30,b38adf82-6e02-4a88-a00f-8ed9b2086418,page_view,,2026-05-29 20:44:46,tablet
3895,149,1d96dc53-2344-4c54-8cae-f9ec6d44f723,product_view,51,2025-10-05 12:48:19,mobile
3896,74,9d9b72b9-e5ab-486c-9e34-c29a701dadb0,add_to_cart,73,2025-11-27 06:55:07,mobile
3897,116,5a0ed9b7-5e22-47d4-a74f-232bfb876271,page_view,,2025-06-01 09:52:28,tablet
3898,283,eb068b1e-6fc0-474f-97d7-14f13192c29c,add_to_cart,50,2025-09-18 03:25:24,mobile
3899,112,178cb5a0-3b66-4afa-bcf8-b9130ed40264,product_view,73,2026-01-08 13:13:04,desktop
3900,279,69bea8c9-3a24-4c19-8292-9d3d96afa28a,page_view,,2026-06-01 00:29:06,tablet
3901,259,cec7b903-e369-41c0-80a8-5dbdbf5a910f,page_view,,2025-09-09 11:22:12,mobile
3902,189,0bb8382f-916b-4250-8945-8e1bcb0de65c,page_view,,2025-10-13 05:07:29,tablet
3903,264,df8db157-03d0-4453-8d40-9bc9fdae2920,product_view,73,2026-07-13 18:33:59,mobile
3904,8,0e8fed60-d007-4d07-bffa-ea11b8469295,page_view,,2026-01-28 13:34:35,desktop
3905,92,704532d5-2070-43f0-8e80-ea41139cd2b0,page_view,,2026-03-01 05:10:21,desktop
3906,84,506a8dd3-0b31-424f-8858-35db2e3b5fd6,page_view,,2026-03-01 19:37:11,mobile
3907,,e3f2df80-a7bb-4612-9a37-ef9d5983ce94,page_view,,2025-12-15 08:23:57,desktop
3908,,21351574-4adb-4f79-bf82-bf843e86cc14,page_view,,2025-12-19 12:21:01,tablet
3909,288,a8575900-7a8c-4c36-a5d7-71639b2aeea6,add_to_cart,5,2025-06-14 04:53:10,tablet
3910,,138d8006-13a9-4a92-a816-4d181f540e96,add_to_cart,64,2025-03-24 00:58:24,desktop
3911,,34b34dcb-8b2c-45b5-b039-0686400d083a,page_view,,2025-01-19 04:51:40,tablet
3912,293,d03c9c2c-bc37-49b1-b48b-9a8c7eb3aefc,page_view,,2026-04-11 08:07:36,desktop
3913,143,dbd7b4b4-ea44-4cc9-a5cb-bf135b619ebe,page_view,,2025-10-16 08:58:56,tablet
3914,,4d7efc8e-b68f-40dc-b18b-f53a3864bf75,product_view,24,2025-09-02 04:30:13,tablet
3915,219,8d28eef5-c7bb-4cf8-9def-5cc2f1015bfe,purchase,74,2025-02-21 15:27:26,desktop
3916,132,3e84455f-a755-4468-9e74-e1224aed4cc8,product_view,18,2025-02-22 03:33:11,mobile
3917,32,51a0bd7c-447d-40b8-a49a-3cd986df42bd,page_view,,2026-07-19 08:23:27,tablet
3918,240,1ab88733-80e1-4c41-8a9a-727fb2a12a55,add_to_cart,23,2026-02-08 00:38:58,mobile
3919,229,692c6843-e682-4710-98bd-19da0dd2c843,product_view,61,2025-12-21 23:27:36,mobile
3920,,7c781b98-9f32-4d3e-b358-206db49bc1ef,purchase,37,2025-05-26 04:51:05,desktop
3921,116,e97c0ea5-341c-4d10-9415-0ad9479fea14,purchase,17,2025-05-18 09:36:00,mobile
3922,253,855fecc6-f9d7-4979-9767-a6da231b0c86,product_view,24,2026-04-12 16:36:33,desktop
3923,174,8d8f2868-bded-49cc-8e10-7ed63b046707,page_view,,2025-04-20 23:58:13,tablet
3924,177,b993c041-5f54-4332-9f6c-6a8635f4ffba,page_view,,2025-04-13 10:15:58,tablet
3925,18,092e9fab-2457-4251-89b6-7093d0fe42af,page_view,,2026-01-23 06:54:11,tablet
3926,203,70b6052f-b2c6-4986-bc2f-db76fa584a4b,product_view,69,2026-05-16 19:44:03,tablet
3927,91,f3fac150-7429-4f81-83a2-15ffa660604f,add_to_cart,3,2025-10-20 16:49:31,desktop
3928,287,d61968aa-7fb8-46b2-8573-3d101d3ebe5b,page_view,,2026-05-31 21:37:44,desktop
3929,244,9696e833-4728-4df6-8532-499e08a43ec0,page_view,,2026-01-28 20:58:47,tablet
3930,126,f710900b-d3c1-4e3f-8ce7-db3f625966cc,product_view,23,2026-06-23 12:23:28,mobile
3931,,dac5609e-4772-4adf-8f49-d01a15a15a52,product_view,20,2025-11-21 11:18:16,desktop
3932,,04d340e8-7ecf-4fc6-a249-a5869c186d49,page_view,,2026-05-01 21:33:21,desktop
3933,228,71ab4711-6279-4a6e-a1f1-4c98dcdeadc8,product_view,68,2025-03-11 18:55:33,tablet
3934,223,611b92ab-34aa-4abd-b975-74330b5ed148,page_view,,2026-03-01 02:51:19,mobile
3935,167,88516447-6e5b-4598-a8f0-e3e02f369832,product_view,38,2025-12-02 21:19:38,mobile
3936,34,0803ad31-4e1e-4f3d-a910-22b80d60e364,page_view,,2026-07-28 12:12:30,tablet
3937,118,efede7bb-5909-47d6-8353-b9e48aa2f756,purchase,43,2025-02-22 03:10:53,tablet
3938,110,c125798e-9bd6-4690-a8f9-4c8806a76b07,product_view,74,2026-03-09 05:00:40,desktop
3939,259,d4022243-ec35-4b0c-9612-66fbe4a6bf51,add_to_cart,75,2026-01-24 12:51:18,desktop
3940,289,c0d978e7-cf6c-4143-8335-5860e84e9da0,purchase,64,2026-04-21 20:45:36,mobile
3941,284,07001750-c1db-480a-b76f-6fff97491088,product_view,20,2025-05-19 00:44:24,mobile
3942,64,9f1c9fd4-d449-4964-b9cd-213b5748218a,page_view,,2025-01-31 03:32:48,tablet
3943,259,c8594dfb-6d73-4d1d-9da1-497a6f1f9af1,add_to_cart,54,2025-03-01 14:23:08,mobile
3944,165,c09d557f-bc44-4fbc-adb6-8854baae905c,product_view,76,2025-12-15 03:55:13,desktop
3945,22,8da4afbe-1bf5-4332-8eb1-8cd30e9f52f7,product_view,51,2026-04-01 03:34:25,tablet
3946,8,eeb687c3-b8a6-4bf6-b3d5-4f3e635b36bd,product_view,2,2025-01-02 09:39:16,tablet
3947,264,fdab0afa-dbc7-445d-8994-41c5ad8f6932,product_view,24,2025-10-07 05:42:09,tablet
3948,,6c8073b7-76a8-4a27-88e6-1f32f01f333c,add_to_cart,38,2026-02-08 15:25:14,desktop
3949,66,c4ddfe54-917c-4f11-b81e-d083929614b5,product_view,67,2025-07-23 01:38:01,desktop
3950,,f5d68c8f-299c-4d73-8295-f5c984d77929,page_view,,2026-04-21 05:39:13,tablet
3951,93,fe1be3e9-bee1-4c65-b7a3-19c6619c4a06,product_view,33,2025-07-30 08:33:23,desktop
3952,222,e85fda55-21c2-48f3-bcfc-7050ecb697a2,product_view,58,2026-05-11 18:07:15,desktop
3953,67,aebeca58-ccb1-4c1e-87db-f6a203e30f78,page_view,,2025-12-09 19:22:14,desktop
3954,106,ffb1c192-15e5-4e78-863e-9bb3f37296a2,product_view,2,2025-11-03 23:33:30,tablet
3955,48,4bbb2e9a-8af5-4d42-8576-7c743ffb9577,page_view,,2026-04-27 17:22:51,mobile
3956,94,09e218a7-6504-45b5-9232-78bf56688530,add_to_cart,4,2026-02-27 03:06:25,tablet
3957,19,44cca057-5c98-48f4-8636-8d129d94813f,product_view,34,2026-02-08 14:18:36,tablet
3958,255,a72d0bf4-c84d-46c0-8021-a347a8c34b25,add_to_cart,35,2026-05-01 05:31:05,tablet
3959,,0328a80d-9ba5-458b-8585-36b7cf6d2a9d,page_view,,2025-06-24 10:33:08,mobile
3960,217,a928a5b2-9185-4abd-8e90-ae4a1fd28b9e,product_view,32,2025-02-21 07:56:16,mobile
3961,101,d8fbd542-43b7-4bf2-9604-153c522c5c44,page_view,,2026-08-10 13:32:01,tablet
3962,,046b96f9-7675-4903-b19d-722f2dc4d065,page_view,,2026-06-29 16:13:11,tablet
3963,195,09791408-7768-4441-8245-59a5709de505,product_view,41,2025-01-11 17:16:40,tablet
3964,29,a34321bf-7aee-47df-9bd5-5037f7444596,product_view,23,2026-06-20 08:09:19,tablet
3965,237,689ab92d-37c4-46a1-8e7d-e390d825b478,add_to_cart,35,2026-03-02 02:37:14,mobile
3966,46,145d2f7e-f057-412b-945e-b87f0eff6a6b,page_view,,2025-07-29 23:53:37,desktop
3967,122,8d2bb00b-9c3e-4d79-a5a4-b1b446c524a5,page_view,,2026-08-10 14:22:35,mobile
3968,226,70c0a4f6-1065-4764-b40b-077950640ae6,page_view,,2025-11-02 09:18:30,mobile
3969,20,c96782fb-c417-4ebd-820c-be742e07a11f,product_view,9,2025-12-11 14:19:03,desktop
3970,9,7eb3a98f-de7a-49b4-8271-441846b1654a,page_view,,2026-02-08 07:18:46,desktop
3971,,2cabb9ad-a15d-47c4-ba38-204b2091a706,purchase,7,2026-01-03 02:48:41,desktop
3972,229,a7ee2f23-9e31-4cfd-9f09-87e9259b5aea,product_view,8,2025-11-04 18:15:23,mobile
3973,,a793eb81-1d4c-4eb7-bb90-6c080cb140ed,product_view,47,2025-07-20 17:20:45,tablet
3974,127,81b85934-af37-4cf9-af2b-5e3109db40a9,product_view,47,2025-06-13 17:34:32,tablet
3975,163,513cd464-9473-47cd-b0b8-1530dc4e557f,product_view,70,2026-02-06 16:02:39,desktop
3976,32,3a5b171c-b7a4-4108-8dac-20f90abd99fd,page_view,,2025-11-02 18:49:01,tablet
3977,19,fdf1d205-b6ec-484e-b3a2-dc1d0f916e97,product_view,24,2026-01-29 22:10:20,tablet
3978,167,0420521e-41e7-4bba-b9ac-1a4f42516974,page_view,,2026-07-17 06:39:56,desktop
3979,,d972c236-db84-4c06-984d-6427adaad2f9,product_view,74,2025-09-11 07:53:48,tablet
3980,109,0b73a040-b7e3-4615-8a5a-5d575a742a53,purchase,51,2026-06-06 20:49:23,mobile
3981,135,1bf2235c-5987-41e6-bc15-17fc99bf88ed,page_view,,2025-06-10 02:20:32,mobile
3982,280,1cf98855-719d-454f-81c6-af4013d5ac4f,add_to_cart,37,2025-03-19 13:05:47,desktop
3983,70,343c1752-3caa-431e-93d3-c72682d33948,product_view,9,2026-06-23 09:40:53,mobile
3984,192,d44260d2-5f11-4839-9203-7fc25366e938,page_view,,2025-12-28 15:03:41,mobile
3985,187,1246d2a5-6a7c-4d08-ae57-14e8d29c0131,page_view,,2025-06-10 05:38:54,mobile
3986,186,4878383a-e037-4953-ad2d-7cb9a452b559,add_to_cart,70,2025-11-27 20:15:24,desktop
3987,224,9b622c0a-5398-4922-8652-62a224a0db6e,page_view,,2025-06-04 05:22:57,tablet
3988,91,f9a013be-55c1-40d9-9c3b-c3e5c9c52567,product_view,29,2025-08-30 12:59:28,mobile
3989,225,5fed5cb7-a6e8-4b4f-a5bb-7f3b687bb3ce,product_view,64,2025-04-17 13:38:14,tablet
3990,180,4b47b715-f937-4fff-b146-56f1787ed06b,add_to_cart,77,2026-02-24 10:56:03,desktop
3991,211,5e4908c8-290a-42d2-87f9-ee879f35e95d,product_view,40,2026-05-26 09:41:15,desktop
3992,185,266a8b90-ee28-42f4-8a76-a0ea0b6b9944,page_view,,2026-04-11 05:29:37,tablet
3993,6,1b3206f0-0689-4b1c-975a-ae69e9707c9e,purchase,16,2026-07-18 12:52:03,tablet
3994,270,5027b309-cedb-4488-b623-87b49be9ec86,product_view,70,2026-05-07 11:30:30,desktop
3995,180,bdf68eb0-c7e7-4797-b73c-91ca82c3892b,add_to_cart,44,2026-07-10 04:02:43,tablet
3996,,b67cb2ac-94dc-4c97-8891-4d9982183bb9,product_view,14,2025-01-02 20:27:44,tablet
3997,216,60fba34c-3701-42fd-b09f-e5ab5813d72f,product_view,63,2025-09-24 09:14:04,desktop
3998,109,a8350a40-0858-414d-952a-ed00d4aa826d,page_view,,2026-07-16 15:32:17,desktop
3999,,c33a8761-618f-478a-a66b-4b6db9ec28ff,page_view,,2025-10-30 14:09:02,desktop
4000,113,f486a251-1414-4827-a632-c350ff712ff4,page_view,,2026-03-31 16:07:03,desktop
4001,210,fe08a540-ef7e-4940-b568-757413caaeb6,purchase,26,2026-05-07 21:00:49,mobile
4002,,ff70abaa-80e5-4b3d-90be-35ee397e241d,add_to_cart,56,2025-06-24 18:16:37,mobile
4003,39,bbe43aa7-8c58-4ff0-a15c-f032930e7347,page_view,,2025-07-05 07:57:29,desktop
4004,282,1f09bd6b-bba8-4166-89f9-c43e6b074c79,add_to_cart,64,2025-09-08 10:29:47,desktop
4005,,cc5732f2-871b-4b1f-a0e4-0a11d8fbfda5,purchase,15,2025-10-24 00:18:56,desktop
4006,2,a8c12f22-78ea-404d-9b6b-09920d2a9d7a,page_view,,2025-05-14 15:10:18,mobile
4007,289,5122f001-70e6-4474-8534-bd7686423a80,page_view,,2025-03-19 09:49:07,desktop
4008,250,93432c76-d604-4e9f-b1ed-10f544e928ac,product_view,53,2026-01-22 00:35:06,tablet
4009,163,5424aae4-3e78-4f27-a93b-da3b4b0653e2,product_view,78,2026-07-25 03:23:27,desktop
4010,249,fa3bc921-c484-4743-8c8b-a7603e3a0dfc,purchase,30,2026-02-03 15:52:06,desktop
4011,226,5097ce46-74b0-4243-bb1b-a7235ca9bc53,product_view,68,2025-12-25 19:04:38,desktop
4012,260,b16d3da7-1d8b-469b-b8ef-0017bf89444e,product_view,45,2026-01-06 16:28:54,mobile
4013,275,f525d556-bb98-4bdf-b1ec-02ad3db538c9,page_view,,2025-09-26 09:36:35,tablet
4014,200,14669189-5ca4-4e71-a8f0-e5f2e1568ad3,page_view,,2026-03-22 08:51:11,tablet
4015,174,1391d18a-8171-4955-8f7a-1e435a1ba9db,product_view,62,2026-05-04 17:35:56,desktop
4016,81,7bf18cf4-a740-4142-9cbf-7ee6ea258d83,page_view,,2025-08-16 18:28:50,desktop
4017,228,c94b3a6f-72ef-417e-baf8-34f29aef9aec,page_view,,2025-03-16 22:36:15,mobile
4018,289,d3ec1562-91c0-49ee-bad1-c48f6b39c4dc,add_to_cart,61,2025-12-07 13:35:30,desktop
4019,276,ecfbc936-2012-4ebb-bc9b-519ad3a81c4f,add_to_cart,29,2025-05-10 06:49:22,tablet
4020,,e8c5a3b0-c6c5-4054-beb4-a52789a1321d,add_to_cart,8,2025-11-28 21:27:06,mobile
4021,180,aa7898aa-95b2-468b-ac92-275a68599dc4,product_view,57,2025-08-24 13:49:39,desktop
4022,146,cbbd3732-42a1-4429-9b05-0a6c235d2722,page_view,,2026-08-04 02:26:42,tablet
4023,156,1e32e3e1-5058-4a4a-9771-3fff49714ec3,purchase,38,2026-02-23 04:34:33,tablet
4024,241,81496136-6bc8-42f4-a893-a38a14dd9314,page_view,,2025-05-18 06:51:39,tablet
4025,29,7e83e815-9375-4195-a5fd-72f4fbb61ff7,add_to_cart,53,2025-12-11 08:37:10,mobile
4026,100,32b6f533-c5cc-4fb0-a1a6-2208a1f40627,add_to_cart,48,2026-04-29 11:25:26,tablet
4027,11,743de03a-e05c-4fb9-ae0e-f4aae65e0ac3,product_view,21,2026-05-31 06:46:06,tablet
4028,207,6b2b0c27-1eec-4480-aab1-803803f89c7b,add_to_cart,68,2026-05-17 20:23:38,desktop
4029,167,b61d1f43-8df8-4ff9-83f8-6f2d436c9e18,product_view,65,2026-07-20 05:19:35,tablet
4030,98,19dad534-be2b-4dee-b848-c332ee1caec8,product_view,55,2025-09-11 01:43:33,tablet
4031,234,d577c131-08b9-4ed4-9e94-da10205b9db8,page_view,,2026-06-12 09:00:08,desktop
4032,211,2abc4b2f-b0a6-4457-8620-5f4a6e718848,page_view,,2026-05-27 23:55:59,tablet
4033,258,83d04bac-21e3-4238-92b1-178bfd6c47e3,add_to_cart,43,2025-01-12 02:00:41,tablet
4034,143,635b729c-eb2a-408b-8780-d6caddebd8d4,purchase,6,2026-03-31 05:06:55,tablet
4035,14,20a0c244-5ab7-48b2-ac1f-b2fce77d9bec,product_view,3,2026-03-29 22:17:16,mobile
4036,76,3dcead91-8e93-4bd2-b269-eb4366fe47b3,page_view,,2025-06-01 16:20:04,tablet
4037,,5639117a-1e78-4a02-8b1b-bb3ab6448d24,page_view,,2025-09-01 00:34:17,desktop
4038,41,562e121f-e5fa-455d-9320-8f77e5bdbb3e,product_view,55,2026-05-27 04:24:28,mobile
4039,164,1b96ee81-9ddb-4fea-9bd7-871c976b1a33,page_view,,2026-07-19 16:06:13,mobile
4040,162,12e1725b-0b94-42ab-b8e0-c2e1fe7f9299,product_view,76,2026-07-21 16:45:39,tablet
4041,,f32de530-5ade-40d4-abb4-8c9ebd1e9dd8,product_view,65,2025-11-08 00:15:36,desktop
4042,162,a17e34b0-68ac-439c-a921-f23172eace11,add_to_cart,71,2025-01-03 13:16:24,mobile
4043,174,6f8963b3-d5b5-424c-bd9e-599373230f23,product_view,62,2025-05-26 15:55:28,tablet
4044,190,b33aa6b9-7a23-4f3c-81f6-028b4a0efbe5,page_view,,2026-04-10 00:52:30,desktop
4045,,b944e469-2ef6-4152-bbc2-ede622758233,page_view,,2025-02-16 14:52:55,tablet
4046,94,d1f2789b-ea95-4113-96ed-4815c415ac73,page_view,,2025-05-12 19:28:08,mobile
4047,281,26fa466b-1573-4a73-8266-557cefc66c4c,page_view,,2026-04-06 01:01:22,mobile
4048,267,97d20300-97f3-4baf-81fe-1d86e545fcc6,purchase,29,2026-04-06 20:43:21,tablet
4049,58,741a5b09-a63f-43ea-ac85-2cc75eb00e6f,page_view,,2026-08-11 06:12:47,desktop
4050,,2d3dab8a-7047-4d9d-9208-26b8611eb15c,product_view,62,2025-09-05 00:05:30,desktop
4051,290,47802d60-968c-47f1-b8f7-ef4882380358,page_view,,2026-06-26 13:32:36,tablet
4052,209,3b759faa-18ce-48d1-85e3-be15f1dc5270,product_view,65,2025-07-29 15:28:32,tablet
4053,217,0c5c9940-5753-4534-be48-7b1c4c1f088f,page_view,,2025-07-23 19:30:19,desktop
4054,212,8673173a-e5b5-4f30-8486-8583906ae95d,page_view,,2026-02-13 17:17:13,desktop
4055,180,ed944378-d814-4be0-821b-390c946f9f07,product_view,58,2025-09-07 11:54:39,desktop
4056,,62524390-52a3-469d-8906-9da96d3b867c,page_view,,2026-03-29 17:31:36,tablet
4057,,f41978cd-2dac-488b-81de-6d58518e58fd,purchase,38,2025-02-10 06:30:40,desktop
4058,273,f1eef895-d061-46b3-8abc-36fc24a887a1,product_view,65,2026-07-16 02:21:19,mobile
4059,164,bb21d347-fd3c-402a-a1e3-eda6bc106ec9,add_to_cart,68,2026-04-04 05:30:24,mobile
4060,258,473bccd4-84e6-478f-ae37-b72135ef2b60,page_view,,2026-01-04 17:12:28,tablet
4061,,507a61a9-9d8f-4ee1-a12c-6678933c3b76,product_view,20,2025-10-23 04:09:20,mobile
4062,44,2a6445d3-48e8-4f79-98eb-a4621976a39a,page_view,,2026-04-24 11:01:51,tablet
4063,208,7c9428af-461a-4f63-89b0-16e51e595d1f,page_view,,2026-06-20 04:19:42,desktop
4064,59,2b589b3f-e2a6-4e3c-b940-093a705cd91e,page_view,,2026-01-11 22:55:34,desktop
4065,46,4269f091-eaed-4ed7-b06f-bb0f49d9bf73,page_view,,2025-10-19 00:36:21,tablet
4066,183,1b2aa4e4-c0e3-44e7-9b2d-f807fd225cba,page_view,,2025-02-12 11:21:19,desktop
4067,18,47543604-aa9b-44ba-bb4f-068eecad122d,purchase,71,2025-05-22 04:44:15,tablet
4068,208,8d5a9549-34f3-4b8e-9891-e25c2418c7fd,add_to_cart,74,2025-02-08 23:41:43,desktop
4069,158,2b39e995-c13e-40d3-823a-0b12d6baf0f2,product_view,43,2026-03-24 23:38:02,desktop
4070,260,0a2cbb1b-e70c-4274-9930-300a07006af3,purchase,29,2026-02-08 07:41:17,tablet
4071,150,89b4db80-8a32-484a-a401-461af5b92b3c,product_view,22,2025-11-08 13:12:35,desktop
4072,50,7d058c07-01b4-4dfc-b1f4-36eacc8abd69,product_view,68,2025-08-15 08:34:55,desktop
4073,,5e9a35cf-0699-476d-9288-b06ad51f03b1,add_to_cart,38,2025-07-08 09:29:21,desktop
4074,209,f2a83faa-f11a-41f5-8826-80f934010b60,page_view,,2025-09-11 22:07:02,mobile
4075,18,71e007b0-bb6a-4647-ad2f-458d9237e145,page_view,,2025-08-05 21:32:35,tablet
4076,140,742f790e-d4be-44e4-a04d-3f5585594d77,product_view,71,2026-07-11 15:11:12,desktop
4077,162,b75c3825-1c0f-487f-ab01-bba74b814a84,page_view,,2025-01-11 20:56:52,desktop
4078,,1eb46d3b-d841-46ac-ab4f-9efbb4d1880b,page_view,,2026-08-02 21:06:02,tablet
4079,108,7e45fee4-6ea8-4b32-a38d-9fb071c487bc,page_view,,2025-01-15 21:28:50,tablet
4080,204,230681aa-dd50-4d6b-963c-b5294357ac51,purchase,69,2026-07-29 03:44:14,mobile
4081,118,ab30f1b1-bb4c-4947-8748-b576fe3a4f96,add_to_cart,70,2025-10-29 13:49:31,tablet
4082,,cdbb6c1f-5a8d-485e-b7eb-a7e91dd07ec8,page_view,,2025-04-09 13:16:59,mobile
4083,,38f1f1ab-cb17-4945-be88-f8e4143dbd6c,page_view,,2025-09-25 14:53:09,desktop
4084,190,281f45ff-53bd-4b05-9308-9f8bba345e82,page_view,,2025-04-25 05:38:08,desktop
4085,56,7416386b-46af-440d-95d8-a81a81ceb20e,page_view,,2026-02-17 21:36:31,tablet
4086,89,ac0d8818-8349-4078-bc4b-2732a170920c,add_to_cart,21,2026-08-22 12:54:45,desktop
4087,300,b01cad4e-b4f1-4ca9-92f7-76d1c6ec757f,purchase,63,2025-10-14 13:14:51,mobile
4088,289,09d1c11f-ecbb-4aac-a46b-f89a5097621a,product_view,79,2026-04-08 04:21:33,desktop
4089,113,b481acde-eeaf-4b56-99b6-5b6b6ef1d60c,page_view,,2025-12-11 18:03:36,mobile
4090,19,30bdf7be-5149-4675-8573-b517cb508544,add_to_cart,23,2026-01-27 03:00:11,desktop
4091,130,d66f3fff-a93f-47ec-8ee4-3f7fd7680657,page_view,,2026-03-04 12:07:22,mobile
4092,135,f2fda085-091f-43f3-a046-d4d3e0a8a8af,add_to_cart,48,2025-07-09 15:39:39,desktop
4093,177,3ef433df-020a-4c40-a095-c0d0a26e67da,product_view,65,2025-05-27 21:49:50,desktop
4094,147,df42eabd-604f-4c8d-961a-9968230a37e5,product_view,48,2025-09-21 03:08:32,tablet
4095,294,3217f93c-ac60-42a4-b85f-a73df17316d5,add_to_cart,15,2025-08-13 16:51:14,tablet
4096,,7c08a960-26c4-41fd-b859-7bc643e9c94c,product_view,63,2026-03-15 04:54:59,mobile
4097,281,7f297630-bbca-4210-afe6-1a89d059b594,add_to_cart,57,2025-09-10 21:38:06,desktop
4098,85,a2807710-32d5-4d87-a1bd-1db7485873c1,page_view,,2025-06-27 17:18:08,tablet
4099,249,842ca512-f369-4683-96b5-cf7ae0389eb7,page_view,,2025-05-04 11:19:22,desktop
4100,139,36d5187b-bfdb-410b-b929-1d34db6ea0ba,page_view,,2025-06-24 15:50:59,tablet
4101,,7d9def75-1138-48db-af2f-841100d190bd,page_view,,2025-10-17 05:38:25,desktop
4102,198,b5c1f027-3563-459e-9c78-bade8ec7dccb,page_view,,2025-07-22 05:13:12,desktop
4103,46,b01f90e7-6b0c-4da5-89ef-a19b2d98f251,page_view,,2025-09-19 04:28:26,tablet
4104,38,a18af1fd-615a-4341-9d06-5ae84358ce3f,add_to_cart,74,2025-12-27 09:56:44,mobile
4105,186,5944a69c-a341-441c-bc16-5571957a66e5,add_to_cart,62,2025-12-14 00:14:28,desktop
4106,278,f44f5031-a82d-4879-87cc-4d1c7bf6b2ad,product_view,8,2026-06-07 09:58:16,tablet
4107,89,d73794d5-4cd3-4406-a0bd-60442e18b22b,product_view,57,2025-06-10 17:08:30,mobile
4108,,ab00764e-4ac8-4bda-a002-8f9a3b5d5c9c,page_view,,2025-11-11 01:11:15,tablet
4109,109,a1497b65-cbf7-4eb1-bd7f-2fed7c2ce385,product_view,14,2025-09-12 05:30:50,desktop
4110,232,8b1d2284-5b6c-4b7a-990c-2e2a6467e0c0,page_view,,2025-06-08 14:54:24,mobile
4111,220,380bd4cb-18b6-46f8-8ba0-768a7b2021f7,page_view,,2026-03-21 22:22:11,desktop
4112,261,e595e3fa-e182-48d2-b681-db3f1cc41c62,add_to_cart,75,2025-10-27 14:00:36,tablet
4113,235,6b6a838e-498a-4d9d-8391-59b8c145217f,add_to_cart,75,2025-06-04 20:56:29,desktop
4114,100,3f555c7d-534d-488e-b279-ec9ef8281e0b,add_to_cart,26,2026-03-04 17:48:12,desktop
4115,254,2d1b143e-1da6-436d-acc3-f8aaa9943d14,page_view,,2026-02-17 14:53:11,tablet
4116,3,a91decb2-51a3-421b-b4d1-183f76f8ef17,add_to_cart,43,2025-08-24 14:43:17,tablet
4117,225,65e92e49-b26c-4876-98fa-e8c71d10b6f6,product_view,27,2025-07-11 01:09:21,mobile
4118,,e1d5fcea-c610-424b-a0c8-667fb46f0145,page_view,,2025-07-31 03:54:24,desktop
4119,8,dd2fb568-ce02-4728-9712-288a7bd64d37,page_view,,2025-11-06 01:30:04,mobile
4120,274,afedc6c3-6979-45ea-99de-fd207d3a8826,page_view,,2025-07-24 03:42:24,tablet
4121,50,4496a883-4a7a-477b-876a-16e73c1fc9aa,product_view,14,2026-02-12 14:39:57,desktop
4122,6,d9da5f47-e3ca-40c4-b711-32b781eab1da,page_view,,2026-03-10 04:55:17,tablet
4123,,8ff01845-0f90-4d63-a8b4-9b00c86768b2,page_view,,2025-08-16 18:13:52,tablet
4124,188,accc1507-42f8-4fc5-92bc-b64dc59498c5,purchase,10,2025-04-23 12:52:28,desktop
4125,124,cf1ca021-6431-4fc2-a946-4f3f514f6fd9,product_view,70,2025-04-07 13:05:17,desktop
4126,45,42bd31c4-660f-4c40-acd9-dc3f7123bc96,add_to_cart,75,2025-03-28 00:46:56,tablet
4127,219,7c4a14cf-44b0-403f-8dfc-73c1e990ff49,page_view,,2026-03-07 06:40:32,mobile
4128,181,a2e25753-56ff-4b3e-b80c-fd3dba6a741c,page_view,,2026-02-11 01:22:44,mobile
4129,90,72984bb6-4efa-4dc3-8bae-4fc1d18ad3ca,add_to_cart,40,2026-05-22 20:06:17,tablet
4130,75,e028c315-928f-4bae-b8a7-c67868e968cf,purchase,44,2025-04-18 23:14:26,tablet
4131,75,c790b84c-34c9-43ae-8938-279c2aa20c1e,add_to_cart,55,2025-04-12 08:54:35,desktop
4132,,f7df9baf-f2a8-4e6e-9c3d-a4eba012c6c2,page_view,,2025-03-08 02:11:49,tablet
4133,40,21144198-5466-4ea9-9c5a-342e9d017d3c,page_view,,2026-05-07 22:20:19,tablet
4134,10,f34574ae-0519-48bf-8a2e-30d69adebcc2,page_view,,2026-06-21 02:20:27,mobile
4135,245,61127927-cd6a-4e30-8567-f81fb8e3fb43,product_view,24,2026-03-09 19:19:55,desktop
4136,192,55525e11-b469-4821-87ca-7ddc171acd35,page_view,,2026-07-01 07:48:24,desktop
4137,201,c4196c8a-c44f-42a8-9a4a-96aee987cfb2,product_view,21,2025-04-27 10:35:30,mobile
4138,116,0c995e2d-a7a9-48ab-903f-3a468d8a7957,product_view,26,2025-02-25 19:07:52,tablet
4139,43,8914bc96-5cb2-4033-b5e0-edd684c62e4b,purchase,26,2026-08-16 00:39:04,mobile
4140,80,d690efa9-2830-4ffa-bc37-337a32ccf39d,page_view,,2025-02-23 12:25:33,tablet
4141,91,b7c315a2-dc16-4bae-a541-35f889238eb6,page_view,,2025-02-10 17:33:45,mobile
4142,146,2951c8a7-cd21-4a34-8a49-ba1b3ab5a9f1,product_view,66,2025-12-01 23:47:06,desktop
4143,274,69d445f3-54dd-428c-9fb6-98a5e9209b3a,add_to_cart,79,2025-06-25 02:17:52,mobile
4144,,3fab0c74-bbbb-4ccc-8d8e-352b37328d15,page_view,,2025-05-01 12:01:16,mobile
4145,,d8718196-093c-4582-837d-f82ef0a4be8a,add_to_cart,27,2025-06-27 04:55:18,tablet
4146,90,86cc556b-f0bb-4e32-814f-a9be05209457,purchase,42,2025-09-20 01:21:12,mobile
4147,128,ca957c2e-65df-49cb-8062-42771a3ecc71,product_view,38,2026-05-17 13:23:31,desktop
4148,44,4878917a-282d-44a3-8ad3-33617c226735,product_view,52,2025-11-15 13:08:37,tablet
4149,280,a1ad9f14-3ae1-4f9c-8634-e0e64d2ce796,page_view,,2026-05-02 22:54:27,tablet
4150,,08a5ad03-3f4f-4031-b025-5b9dc5bcc4cd,purchase,55,2025-08-10 14:33:20,desktop
4151,268,d0207ede-1fa7-4e6b-bffa-749e45bfd2c3,page_view,,2025-12-25 13:05:17,tablet
4152,9,66979d0f-a7c0-4a59-a0bb-380bc8b7bcd0,page_view,,2025-12-11 19:48:43,mobile
4153,185,e06a46b2-bd93-483f-917b-d6cc2195e073,page_view,,2026-05-27 16:55:18,mobile
4154,28,13974770-15bd-48ba-9caa-f6a5451ea1db,product_view,15,2026-03-31 05:16:20,mobile
4155,40,b417dee1-b8dc-4390-8127-8b8612ea7890,add_to_cart,47,2026-05-28 00:05:09,desktop
4156,,0528d309-6a56-487d-bb8e-37e2c32bba73,page_view,,2026-01-19 15:18:50,tablet
4157,10,8aacb783-d48b-4d0d-be1e-70bc03c61e18,page_view,,2025-03-27 11:22:24,desktop
4158,,187666ec-26df-4b57-ab41-eac79ad8e1cc,add_to_cart,26,2025-08-02 11:54:04,mobile
4159,,6420b22a-cae9-450b-9693-ffd8bc6232e3,purchase,22,2025-06-28 13:57:09,mobile
4160,107,dbfb491a-9b0e-4a7e-94db-549631bc99e6,page_view,,2026-02-02 10:03:38,mobile
4161,205,6cd6cedf-52df-4152-88e6-cd4b4febaa0e,add_to_cart,30,2025-08-25 04:15:31,desktop
4162,,4d59f68e-05ff-42f2-be54-eceb8329bd1a,page_view,,2026-07-17 05:41:08,mobile
4163,,198493ce-33e1-46f7-b57a-d70346281fb8,page_view,,2025-03-29 16:20:35,mobile
4164,299,9381ebb3-a7f2-407e-b821-947c43a7320c,page_view,,2026-04-22 09:06:14,mobile
4165,57,6df5fa4a-4a8e-4dd2-a067-982478adb182,product_view,74,2026-01-06 01:03:00,tablet
4166,,68054a24-f785-4cc1-b8e5-91c417d2efe7,add_to_cart,2,2025-01-06 12:06:49,desktop
4167,120,48cff1da-7bbc-4b5d-874f-92058f9d7375,product_view,21,2026-03-04 08:13:20,desktop
4168,45,81b01ca4-8880-4d17-b3ef-e892e85cc863,product_view,56,2025-09-02 13:09:43,mobile
4169,123,fe3f5662-0468-4a4a-a1e5-835e3e9f069a,product_view,4,2025-06-03 06:45:42,tablet
4170,193,f392b60b-64c5-4e2d-ba41-348a7f3dadbd,product_view,13,2025-02-25 14:26:56,desktop
4171,217,b6eea1cf-8bec-4264-8340-55005f6bbc54,page_view,,2025-10-29 21:09:28,mobile
4172,188,93efe8f0-395c-4d62-b3c7-fd751bb9d499,add_to_cart,57,2026-03-31 10:28:09,mobile
4173,297,c56dbe29-65b8-438c-865f-5046f9a61744,page_view,,2026-04-28 03:06:40,desktop
4174,78,7a0ffa86-5eac-415d-b274-2e763b6becb7,page_view,,2026-05-23 22:43:14,tablet
4175,253,4f842010-a48f-41f1-9be4-0ba9902ad019,product_view,45,2025-06-17 14:20:11,mobile
4176,238,a1420851-cf47-4d72-a4ce-3160551a7dcd,purchase,67,2026-06-21 21:39:18,tablet
4177,,8f962ff2-186b-4a71-9569-12ddf9cf2bd2,add_to_cart,71,2025-09-13 03:35:28,desktop
4178,163,f12d0664-dd65-4951-b52a-a2af2b5457b7,add_to_cart,15,2025-04-06 02:25:41,desktop
4179,,1579bc24-3ffd-48f1-97e9-afe27d6448b2,page_view,,2025-06-10 10:39:32,tablet
4180,160,d68bc80f-9dd2-4036-a737-cac9242e3d71,purchase,40,2026-03-03 16:00:19,mobile
4181,,d6f34d9b-b918-46e8-85fd-e9e9793841a9,product_view,27,2026-03-31 02:42:25,tablet
4182,136,0f163af8-3b80-4449-82b5-79c2910f445d,page_view,,2025-01-01 14:55:22,desktop
4183,159,696f9074-4084-4290-be50-a000c474e1c0,add_to_cart,41,2025-02-24 19:45:39,desktop
4184,3,d5963842-567e-4c74-bd92-232a4fbb831a,page_view,,2025-01-08 04:27:03,tablet
4185,47,b062259e-524a-4652-8958-b354268e81b4,purchase,52,2025-04-02 16:48:10,mobile
4186,106,df15e667-6812-417c-9946-601e90b84f94,product_view,5,2025-04-27 03:46:09,tablet
4187,,358fb73f-b0bd-414f-84a5-24d9016d26d9,page_view,,2025-08-15 03:17:38,tablet
4188,45,7d1d3494-cb71-4efd-8ffa-1194c14a2a61,product_view,4,2025-09-08 11:34:27,desktop
4189,184,f5a02c0a-5021-43fc-bff3-e8188babb414,purchase,55,2025-09-23 00:26:41,mobile
4190,,761c7a2b-5263-48e0-bc59-69c6a6ea0997,page_view,,2025-11-21 10:35:11,mobile
4191,30,8e07d8fc-83b1-41ec-bba5-a5dfb5786277,product_view,57,2026-07-21 05:24:31,desktop
4192,,bbaa6e4a-fe25-471b-bd5b-fecedbd0ad57,page_view,,2025-10-14 07:29:31,desktop
4193,89,6cfacecc-1ae4-47cf-abd5-c14914d8e0e6,page_view,,2025-03-13 04:26:44,desktop
4194,243,209595a4-602c-4604-93d7-54d6b30269aa,page_view,,2025-10-26 23:59:20,desktop
4195,74,851ab93f-297e-4f2f-837c-e599c1c353c4,page_view,,2026-06-25 05:18:37,mobile
4196,32,3286af00-2a8b-4289-9f19-297ebf86ad63,product_view,38,2025-05-10 02:40:05,mobile
4197,262,1d191f64-f8cf-414a-9ea7-e1ae7006a2c6,page_view,,2025-02-26 08:10:01,tablet
4198,179,7ec469d8-6c97-44c0-a2b0-505509fff6ab,page_view,,2025-12-13 22:19:57,mobile
4199,217,864b789a-cd9b-49fd-a04c-57f62bb47157,page_view,,2025-05-31 02:21:11,desktop
4200,132,dfcc8eb4-bfbe-4892-a3ce-37db7cb8b49d,page_view,,2025-08-28 03:35:17,desktop
4201,139,025ec446-663f-430d-ab0b-b4578c0dc409,product_view,41,2025-01-10 15:39:40,mobile
4202,148,fee91972-6f7b-43e7-9e19-f0104bf7e012,page_view,,2025-08-07 17:19:24,tablet
4203,,e15680e9-ec06-4d73-b84e-2f114b523dc2,page_view,,2025-10-25 23:19:46,desktop
4204,124,5287e5f4-85c1-4181-8567-4f45ad3b1b9d,product_view,2,2026-05-24 19:46:54,tablet
4205,24,9055e085-5f23-4322-a3b9-3a349d7739b2,product_view,69,2026-03-15 20:59:36,tablet
4206,232,4a4a5612-243a-4f53-aa7b-6a7ca674dd6b,product_view,7,2025-04-25 20:17:43,tablet
4207,8,cd853347-3457-4c7f-af5d-b99c85f3cb12,page_view,,2025-11-27 23:04:59,desktop
4208,251,5f0a74fb-b6e7-4214-b3b5-f7d79d2f1794,page_view,,2026-05-26 08:45:15,mobile
4209,115,78dc340b-4051-491c-9ac1-ad6984f612df,page_view,,2026-04-26 09:03:05,desktop
4210,245,54867db3-efaa-4791-b5eb-0106767f5095,page_view,,2026-03-13 18:16:33,desktop
4211,,ff0614bb-b85a-44cd-bf2b-f0e4ed55169f,purchase,31,2025-03-20 17:36:37,desktop
4212,,2a0b83f4-22a5-47cf-ad87-07d5da36a2b6,purchase,73,2025-08-08 17:14:57,mobile
4213,,794f9276-d454-4573-b70f-9392863daa90,product_view,67,2025-12-02 22:37:25,desktop
4214,230,2de1bda4-6a92-447b-9154-00a60283a43b,page_view,,2025-01-19 22:34:44,desktop
4215,,fe4995a4-112a-4ef5-b872-420e267d46e7,page_view,,2025-12-29 01:11:01,tablet
4216,293,b3932fb8-4fd4-4793-816f-2931fa1b1bac,page_view,,2025-03-11 19:19:11,desktop
4217,79,1806699f-b1ac-41dd-b303-343c300b6e7b,page_view,,2026-06-02 01:48:24,desktop
4218,89,183f36db-54be-47e0-b566-639489a8c57d,page_view,,2026-03-13 23:08:09,mobile
4219,,982e2afd-77fc-462b-9ffe-37090fa4c293,page_view,,2025-10-03 01:16:58,tablet
4220,196,a2e768d7-59b7-463f-9117-f840280d4e22,page_view,,2026-05-15 18:40:13,tablet
4221,14,584f218a-39dd-41e1-a222-c7758f24da7e,product_view,69,2025-02-25 14:20:09,tablet
4222,46,3150e60d-ed89-42c2-839d-fd70a0fa7665,add_to_cart,20,2025-05-01 16:45:38,tablet
4223,72,e958c430-d21c-4643-88c0-8457464aea48,add_to_cart,20,2025-06-14 07:38:01,mobile
4224,95,bab4eb77-959f-4841-ad19-312dde3b5a64,page_view,,2026-05-13 18:08:42,mobile
4225,110,c4596172-9fdf-4b1b-9e05-b8b14e45a736,product_view,45,2026-03-16 04:29:19,desktop
4226,,8fa50e32-4137-4168-af2e-cdc9673c984b,product_view,15,2025-09-25 03:20:49,mobile
4227,90,33dcd09c-a8cc-4023-a43f-daf08a8016fe,product_view,64,2025-07-13 05:14:30,mobile
4228,252,1a5ca752-2705-4d96-97b7-32b313d579ae,page_view,,2026-05-17 09:15:42,mobile
4229,52,2da6b974-47ad-41dd-b768-b54abb0c686a,product_view,40,2025-06-04 00:25:55,tablet
4230,18,206faddb-1a31-487e-904c-01a1434fe133,page_view,,2025-09-02 17:31:05,desktop
4231,,a513964e-965a-493e-85b6-9e95cc009f08,product_view,59,2025-03-09 22:29:11,tablet
4232,74,935e2c27-5485-40db-a208-c875c41c233d,page_view,,2025-12-04 20:37:42,mobile
4233,169,9ad28c4a-9798-439e-9a78-6fcac5a06501,page_view,,2025-01-03 20:55:24,desktop
4234,281,bcbd6eeb-ceab-4f76-b776-f4e846f90964,product_view,78,2025-08-18 14:23:43,desktop
4235,94,e8c347d0-ab22-4d1d-9daa-c867df0fea06,product_view,59,2026-08-23 12:40:43,desktop
4236,,00af085d-2b08-4fcd-b595-1ffd793130ce,product_view,13,2026-03-09 02:36:04,mobile
4237,44,3768d6aa-fd34-421e-bb59-475ec88a9a74,page_view,,2025-04-17 03:42:46,tablet
4238,38,9d6ba3b5-cda8-48b5-adf6-cca41761f1ce,page_view,,2025-08-01 01:50:48,mobile
4239,,79b8023d-2a31-49ba-a4b1-7e4525807a2c,page_view,,2026-01-17 01:36:53,mobile
4240,208,13e9e070-52c6-4562-8010-2dc0dfe6b589,purchase,36,2026-06-22 10:29:54,tablet
4241,54,2310c9fb-0d5c-4547-b847-91e0e55d32af,page_view,,2025-05-23 04:35:28,mobile
4242,88,6ce763e1-708f-45a1-8ea6-e9bc82ff1dad,add_to_cart,72,2026-05-11 09:04:32,tablet
4243,243,4d747649-53bc-40e0-b8c0-9d8baa3319bc,page_view,,2026-08-13 11:04:59,mobile
4244,54,3da34aca-1e07-44a8-828f-d8cb80189536,page_view,,2025-01-13 19:10:47,desktop
4245,226,c61f98b1-6097-4bc0-a4ab-d0358f65abf9,purchase,27,2026-05-07 22:29:58,mobile
4246,,5ae0bb5a-7977-43fe-b4cc-721462b215ad,purchase,15,2026-03-11 20:09:59,mobile
4247,,51251262-85a0-4af6-96b1-ba8c4fcf9f89,product_view,67,2025-01-07 22:28:26,tablet
4248,35,9afa3fb4-e21f-4167-9404-e49287db0168,page_view,,2025-08-26 02:42:46,desktop
4249,155,2a869922-f492-4b35-b6c2-1bc3d799d80d,page_view,,2026-07-12 20:21:23,mobile
4250,102,4719c1a8-d567-4214-a23e-be36f20ba0c9,page_view,,2025-10-12 23:39:59,desktop
4251,119,6fef2c5d-d702-4edd-a494-0bbdb61ae1b0,product_view,13,2025-08-17 07:36:16,desktop
4252,,b1f20ebf-7d76-4495-b10f-c4158f7c0071,page_view,,2025-09-30 14:24:23,mobile
4253,188,1ec80917-af74-4001-8023-539bc9f99d37,page_view,,2025-02-01 16:00:22,desktop
4254,8,a6ef8273-6f77-4027-a656-cfbc8ed2de16,page_view,,2025-08-27 12:57:51,desktop
4255,260,ddbb3fa4-0679-44f2-ad92-38a459225b53,product_view,27,2025-09-28 20:05:21,tablet
4256,,c54f87ad-7750-4fbb-9af9-ae1b5d9dacbd,page_view,,2026-06-08 00:59:55,tablet
4257,92,6c905f13-ba7e-4b51-9892-e71aab87aea4,product_view,30,2026-06-14 11:43:26,mobile
4258,70,e054dba1-8f4e-4920-9df2-055436ba4892,product_view,69,2025-10-15 17:55:07,desktop
4259,284,30e4541b-f07c-4ca7-abac-d8e1ff7661bb,add_to_cart,44,2026-06-12 17:42:23,tablet
4260,238,eee5b33e-2dd3-4f8e-9fcb-f48261e8baa5,page_view,,2026-01-16 15:30:58,desktop
4261,,3222504f-02bb-4d94-bed5-0d6bbf6494b6,add_to_cart,31,2025-08-10 01:12:47,desktop
4262,196,31e43850-86a8-4b2b-9c69-ee49712c3126,page_view,,2026-05-21 02:12:56,tablet
4263,206,5415668e-4f75-43d1-9610-7189016ff44c,page_view,,2025-08-27 03:17:56,mobile
4264,36,ea725584-5e6e-487a-a939-f79018177e4a,product_view,12,2025-04-17 21:29:29,desktop
4265,113,03539b9a-ebeb-4d98-80b7-10a640f66fde,page_view,,2025-09-08 17:50:35,mobile
4266,98,a5b01639-0895-4db1-85e5-26e19b559178,page_view,,2025-02-28 08:23:14,desktop
4267,40,65f69897-7a8e-4e5c-a444-c04046633755,purchase,2,2025-08-09 17:40:54,tablet
4268,109,b44aad77-b20c-4a3f-bee8-acf10b3e2b6e,page_view,,2025-04-10 19:36:16,tablet
4269,,0ea66dbf-a011-48d8-8630-419c40c71862,page_view,,2025-01-15 10:26:30,desktop
4270,24,07ca07d8-d2c5-4940-927a-72dff89cad3f,product_view,13,2026-02-05 06:38:42,desktop
4271,153,7886f504-ed75-4b74-b7d0-c829dcf9b680,page_view,,2026-03-18 20:20:53,desktop
4272,125,7458d92c-a1da-4c7a-9b88-26edff4a9185,page_view,,2025-11-25 02:12:25,desktop
4273,69,bffbce28-7933-4a49-ac7c-41067d845537,product_view,78,2025-01-25 12:12:26,tablet
4274,197,8bab9c9c-c026-4d51-a5c5-bce0dffbdc2d,add_to_cart,57,2025-05-03 04:42:38,mobile
4275,82,5e99c568-09c7-4e3d-9a98-5b74ceb3c70f,add_to_cart,5,2025-12-20 17:21:20,tablet
4276,12,b69b8391-e4ee-4f51-9ce8-5b7d0761dc0c,add_to_cart,41,2025-11-25 00:24:24,tablet
4277,,2d49d235-bc77-4a20-b4a4-cb8027379316,product_view,54,2026-07-07 09:34:38,desktop
4278,168,1533fe82-21b3-4264-99d7-6878def42b39,purchase,58,2026-07-06 02:53:32,tablet
4279,151,1e92c0ae-d886-4de4-9585-3f0b6b691bd2,purchase,5,2025-11-19 09:28:38,mobile
4280,186,b5e9489c-a331-44b0-b181-38900e592949,add_to_cart,48,2025-11-30 15:17:07,desktop
4281,144,db9eb2e6-18f4-46dd-9071-ce940ff48fe8,page_view,,2025-06-28 01:45:57,mobile
4282,256,da42698b-fbc0-43a8-8708-cf0f8b490e26,add_to_cart,77,2025-09-06 01:17:24,mobile
4283,,bcc9c2e6-9d2f-4a3e-a7b4-f9c831b5efb0,add_to_cart,11,2025-11-07 01:12:40,desktop
4284,276,ac0798c7-d657-4ecb-9529-885a0444c6f1,page_view,,2026-05-06 00:41:44,tablet
4285,,e5d20eae-5104-4a0c-a650-8af4d9259a4b,page_view,,2025-10-06 15:46:45,desktop
4286,132,fc7c356d-e7dd-43a5-ab51-9424b595459d,page_view,,2025-02-20 00:29:36,mobile
4287,20,5dc2fd9b-f1bd-457b-b8dd-dfc2963ba31c,page_view,,2026-02-27 09:16:46,desktop
4288,237,aa1c5dca-f0c7-415e-83a0-b96b842ee348,page_view,,2025-08-05 10:45:56,tablet
4289,226,aaefdbe1-d674-498a-aa97-cbce673659ef,page_view,,2026-01-05 14:47:32,mobile
4290,283,316482fe-10a0-4260-8fbd-6062ab6d9aa8,product_view,19,2025-10-16 14:25:45,desktop
4291,,25c37945-8063-4ce4-82e4-1a50d33650db,page_view,,2025-03-03 03:01:39,mobile
4292,241,2c2e8ba0-157e-4914-8442-4098ba9cee3d,product_view,11,2025-04-02 18:27:52,mobile
4293,,9bc88efe-4688-4612-8b64-e782718296af,add_to_cart,50,2025-12-28 06:26:24,tablet
4294,31,68c4b51a-8166-456c-b04f-bce932dcea5b,product_view,16,2026-01-12 20:36:45,desktop
4295,158,d79570be-bf30-45c3-a2a3-00712c47a51f,page_view,,2025-12-13 00:47:02,desktop
4296,37,4fa87a65-00d3-4021-b0eb-453ed67df90d,add_to_cart,33,2025-03-14 23:00:31,desktop
4297,247,1e228ade-59c6-4a52-8f80-d1ef4615575c,purchase,62,2026-02-01 06:52:12,mobile
4298,118,d60b04a9-9173-4d93-b75c-4f3057696e2f,add_to_cart,21,2025-09-11 04:25:43,tablet
4299,242,ee265c95-90f1-47ee-960a-5654b2403468,page_view,,2026-01-06 11:11:17,desktop
4300,,eb02c661-1dc3-4362-9691-c83a7687853e,product_view,38,2025-10-12 13:49:31,tablet
4301,188,161f77a1-bac3-4057-aeb8-6221172f0d9b,add_to_cart,65,2025-07-04 09:08:57,tablet
4302,278,a06a7de4-9755-428f-9147-c3ba2f875748,page_view,,2026-06-05 02:27:02,mobile
4303,124,2b5997f2-c447-4e3f-8525-c1b4f73c6a1f,add_to_cart,17,2025-10-06 10:09:35,desktop
4304,81,a3506764-37af-463b-82ac-1c61c9eaa5b9,add_to_cart,59,2025-11-29 20:55:26,mobile
4305,137,e09012d7-14ce-4f0f-b5d9-704d5fe12b57,add_to_cart,39,2026-06-27 20:56:39,desktop
4306,,4ecad266-3f29-4615-b178-0077b96a33aa,page_view,,2025-11-13 13:59:55,desktop
4307,279,f151ff15-a46e-499e-ae4e-d89fd659d69f,page_view,,2026-02-19 08:32:33,tablet
4308,,bf5628b9-30eb-4400-9d55-8095e6c75732,product_view,72,2026-05-31 17:59:53,tablet
4309,,4f7c1491-21fa-48a0-bcf4-ced1c17e3dc0,purchase,32,2026-05-05 14:27:54,tablet
4310,245,497dd968-b4b6-4702-a11a-7d790da761fd,page_view,,2025-09-18 20:49:55,desktop
4311,232,90a67567-23f2-468f-876a-25332d91ac23,product_view,42,2025-09-12 09:58:58,mobile
4312,289,d5d4999b-39d8-4a14-a9fa-c66650c74b31,page_view,,2026-07-05 16:33:02,mobile
4313,276,330062f1-e231-4ce6-85d6-2ecd3030d7f4,product_view,40,2026-03-29 15:50:44,desktop
4314,205,42650798-4b80-4fa6-bab1-fa122d5737a0,add_to_cart,79,2025-03-25 21:25:13,mobile
4315,187,17a85108-43b9-4b02-b089-8400b2932bfb,page_view,,2025-09-17 04:35:38,desktop
4316,108,5d15c129-9425-4e90-9aeb-50557d692580,page_view,,2026-03-22 21:05:39,desktop
4317,8,85e620fe-a44e-43e1-85ba-136f594ed61a,product_view,46,2026-03-07 16:17:34,desktop
4318,14,afe1d845-a18a-4249-945a-1de3731dc76f,product_view,56,2025-08-06 21:31:31,tablet
4319,213,f31d40e2-0967-4567-aba4-39e6d4ec494f,product_view,39,2025-10-12 16:12:50,desktop
4320,57,27dc3b65-62bb-484c-95d1-2c70d5b07c12,page_view,,2025-12-30 16:23:39,desktop
4321,29,fe66c4fa-35ed-4f38-9197-107c89b702ed,page_view,,2026-01-09 00:39:54,tablet
4322,,a560c775-58cf-4966-af11-0436b3c28ec5,page_view,,2025-10-16 09:19:20,tablet
4323,276,49e785c7-cbd8-415e-ae98-b722cf97b016,page_view,,2025-11-28 04:48:45,desktop
4324,111,f7eefd84-b31c-4349-9799-2f42351b3e63,product_view,35,2026-07-17 09:47:49,desktop
4325,173,be3de265-d471-4d86-8d36-645980f6c26c,product_view,61,2026-02-04 14:55:39,mobile
4326,174,8365d2cf-173b-4226-84d9-ea2dcb56eb48,product_view,24,2025-01-04 12:09:33,mobile
4327,175,37df8dfb-421a-4d96-b5f1-e04bc5fe21d6,purchase,2,2026-04-06 05:50:43,desktop
4328,241,ec02e881-080c-4aaa-82c6-cc4277ba69f1,page_view,,2025-05-27 17:17:13,desktop
4329,260,a190aa44-a888-4521-845c-10ea1d842e8f,add_to_cart,64,2025-03-03 20:13:07,tablet
4330,81,779d7db4-23ca-4f2f-b9a7-59de2fb9950b,product_view,55,2026-02-17 00:49:55,mobile
4331,217,9053317b-5f4d-4c1d-92af-891a9639e2b7,add_to_cart,70,2025-02-01 23:09:50,mobile
4332,223,e6b9f3a3-96a0-4726-a886-a9fc60beb85d,product_view,40,2025-09-28 19:41:44,mobile
4333,147,1ac7ea5b-b387-411d-9286-f97708aa6127,page_view,,2026-01-05 01:40:53,mobile
4334,204,e6a98352-de8c-4a13-9bdf-d4cea125151b,add_to_cart,56,2025-12-30 08:09:11,desktop
4335,240,79ba19db-6be1-410b-a8a3-df6e02059f80,product_view,33,2025-05-23 10:07:43,desktop
4336,,e729b06f-a5db-4ca3-9630-202155afb783,purchase,73,2025-03-08 21:21:03,mobile
4337,220,5ba62f73-e9c4-4f0d-afe6-8a5219a7361b,product_view,3,2026-04-28 06:19:14,desktop
4338,177,8bf9a66d-7782-483f-a9a9-b2d74e681465,page_view,,2026-02-02 22:04:47,mobile
4339,244,7062dff6-0591-47e1-8086-08612fa83aa4,product_view,62,2026-06-06 05:10:02,mobile
4340,,97f483d6-74d9-4fb1-9dda-4e36cf292101,product_view,3,2026-06-21 02:18:18,mobile
4341,158,bb1fdb98-6f5a-481a-b1ca-a64c93727484,add_to_cart,75,2025-01-19 05:08:56,mobile
4342,246,3e5bd4af-d587-47a3-b93c-04f7663ab809,page_view,,2025-07-02 15:44:08,tablet
4343,90,99d75477-5f8b-40f7-b92e-efe040a8bd6b,add_to_cart,36,2025-10-16 03:33:21,tablet
4344,,66b1f859-adb5-45e6-bb88-e4ef567f3096,product_view,74,2025-12-27 22:14:18,tablet
4345,,edd24200-f884-495d-8a45-e44d4cd82847,product_view,23,2026-08-10 10:56:30,desktop
4346,21,ef4c113d-c35f-4e12-bbfb-48d5e09f6e24,page_view,,2025-04-20 19:44:53,mobile
4347,49,1b9c67e0-81c8-4e2b-ad48-6d9ae69f1f78,page_view,,2026-01-01 21:29:08,desktop
4348,,44f4d74f-c629-4ca6-ad07-67746bc5bcd4,page_view,,2025-05-29 01:00:03,mobile
4349,289,97d3d50e-6697-4f77-93d6-40ccf4382911,add_to_cart,8,2026-01-12 21:56:42,desktop
4350,222,2a983090-831f-4302-a9fd-9b08074f6459,product_view,33,2025-06-07 07:53:42,tablet
4351,149,98cb3cb4-e2f7-47ea-8cf2-fdf8ec1f5d97,add_to_cart,72,2025-08-01 17:32:13,desktop
4352,147,862a76f2-f15e-409c-b297-fa7ff719ae43,add_to_cart,68,2026-05-28 10:55:09,desktop
4353,246,9167adea-f8f1-466b-b395-1a4532ce6a3d,page_view,,2026-07-18 22:56:04,desktop
4354,,a9d500dd-2140-4672-a3b9-7f36c0793f64,page_view,,2025-07-03 16:19:52,desktop
4355,41,0dc5d7d9-f5bc-40c0-89df-af7c55492107,purchase,74,2025-07-29 02:43:00,desktop
4356,,caf91924-4f2c-4cfd-9724-5dacf8673a5b,page_view,,2025-12-04 12:50:02,mobile
4357,,589a2b88-cd2e-4c8b-a436-c8dec40cfbde,page_view,,2025-05-30 10:07:07,tablet
4358,262,75e913d8-2a53-4bd6-a55f-daa5756e3fd6,page_view,,2026-04-23 05:13:39,desktop
4359,237,334dd7aa-25c1-4899-a89a-92c5003742ae,add_to_cart,63,2025-09-04 18:34:32,tablet
4360,138,4eba12da-4d20-46cf-ac0c-ad5ce2095271,add_to_cart,11,2025-06-25 19:10:18,desktop
4361,260,db964db1-3c76-46e5-af41-87bc1493794a,product_view,33,2026-05-25 19:36:05,desktop
4362,43,b960df1f-1715-4d76-afc1-aaeb340ce8c9,page_view,,2025-01-19 16:07:59,desktop
4363,85,8e2b4d2c-af49-4395-a775-957e3ea6ca65,product_view,80,2026-01-26 11:24:50,mobile
4364,145,01440fa3-5fcf-4c27-868e-47b0d87db947,page_view,,2025-11-21 17:41:51,mobile
4365,,1993edfe-583f-497d-a8c9-d68c7a3338e0,product_view,19,2025-01-19 10:24:02,mobile
4366,5,64e04880-afd1-4c73-8cc1-9913788664f3,product_view,14,2026-08-04 02:30:52,mobile
4367,144,78e90ae9-e9af-4d28-b665-de1bb2e33ad9,page_view,,2025-09-12 16:37:00,mobile
4368,93,76a6e2e6-d4d3-4808-a054-a51cab1ead74,page_view,,2026-03-25 19:15:51,mobile
4369,203,eabd37da-c357-4620-be24-5711b4cb1a42,page_view,,2026-01-02 11:34:21,mobile
4370,,517fd316-20e5-4866-a338-0b421887fa69,page_view,,2025-08-03 02:17:50,tablet
4371,,665ec4dd-222e-4711-af6d-5b4bc356dee2,add_to_cart,42,2026-06-08 11:00:02,desktop
4372,116,487f70f0-e5e4-4935-93bd-99f9c5f4656a,purchase,12,2025-08-13 17:22:20,mobile
4373,34,df683491-baf9-4a9d-acbc-63edd1ddd3e6,purchase,60,2025-10-09 20:39:07,mobile
4374,,88bbc5bb-64d3-4090-98d0-fc616cb2170b,purchase,47,2026-03-01 01:00:39,desktop
4375,4,ab7d09b2-7d01-4706-98cc-49bb12581998,page_view,,2025-04-17 16:12:46,mobile
4376,121,06e2ac94-9620-4553-b860-b58fbd8cc32e,add_to_cart,62,2025-02-15 03:02:14,mobile
4377,,2d9be542-9bc8-4ea5-a2b5-e74d38c0f0c3,add_to_cart,38,2026-08-03 06:15:18,desktop
4378,,5cbe693e-5e7f-48d9-bc33-499fc4916b7f,add_to_cart,71,2025-06-11 05:47:58,tablet
4379,134,00684d9c-d2bf-4c31-805f-6a69570078c1,page_view,,2025-01-01 15:08:36,mobile
4380,196,65ef2c84-c06e-4481-9963-37aa9c4e1662,page_view,,2026-03-13 14:40:03,mobile
4381,,3ae61863-a544-4d55-93c7-f140ea224efd,product_view,11,2025-10-05 09:05:09,desktop
4382,22,0b53d4e6-301e-4689-bffc-b3fe23593443,add_to_cart,61,2025-03-27 02:20:07,tablet
4383,16,17c50a7c-6f76-4a77-8d4b-cdb2361352a0,purchase,5,2025-11-07 12:20:28,mobile
4384,,2e0c5488-a76f-4d3c-a252-2f2656ef26a3,page_view,,2025-09-06 02:33:01,tablet
4385,,4fa3baf6-48f3-48ba-a697-64976cfb6acc,purchase,79,2026-02-21 02:06:57,mobile
4386,98,7b0c036b-d23f-444f-acde-afcd63065765,add_to_cart,36,2026-05-22 17:38:55,tablet
4387,26,f47bffba-f561-4747-82d2-2c7408ea6671,add_to_cart,33,2026-05-30 12:05:53,desktop
4388,,65f17e33-29dd-4229-adf4-e3876bf6f2f7,product_view,2,2025-10-07 06:09:29,mobile
4389,134,1b3f0866-d590-42df-8470-f4aeaeadd1dc,add_to_cart,50,2025-09-27 18:12:46,desktop
4390,252,58a64190-1527-4d08-8e65-050b77052c84,page_view,,2025-09-22 03:51:19,tablet
4391,256,a7e70139-19f5-4f3c-bb90-4dfeafa1ff17,add_to_cart,14,2025-04-29 10:55:35,tablet
4392,50,ce9205ae-cdb5-482a-a78b-941fdcca9a71,page_view,,2026-01-13 20:15:20,mobile
4393,291,20f5128d-51ab-4c77-a92f-adf7032124e8,product_view,43,2025-12-29 17:50:39,mobile
4394,206,afb144b5-624d-4ff7-81c8-d068931e5f89,product_view,71,2026-01-26 11:52:22,mobile
4395,149,a76090e7-7c73-4166-82f7-79797466b319,page_view,,2025-11-03 10:09:28,tablet
4396,,6c262577-66d6-489e-ab91-e501f5bd62cd,purchase,34,2025-05-29 14:43:26,desktop
4397,10,6ccb9163-4d8e-4d5e-8df4-73bbc577d3a5,product_view,8,2025-12-21 01:35:18,mobile
4398,64,1daf7374-a255-40ef-bdf7-f8f04236d2f9,page_view,,2026-06-09 23:57:15,desktop
4399,91,e88081f9-cd6b-4aa0-8e9f-bfeb9a87e44d,page_view,,2025-09-16 22:28:46,desktop
4400,,c7efd8e2-5f71-4ac6-8087-1ba97344e407,page_view,,2025-03-06 14:57:48,tablet
4401,259,d81b6bb7-55c6-48d6-b647-2ba8793a650c,page_view,,2025-06-03 00:12:11,desktop
4402,276,1c968b9b-5d67-4515-b8c5-ef5c88f757fb,page_view,,2025-01-11 01:36:19,desktop
4403,136,6c8f8833-fb11-4ab6-adc8-6df8c9162eb7,page_view,,2026-01-04 20:59:59,desktop
4404,,decceaea-622b-4588-8275-da34881e40c6,purchase,77,2026-04-24 14:15:06,desktop
4405,25,01c7ea8b-267f-46ec-947b-7a33acba60e2,page_view,,2025-05-05 16:42:40,mobile
4406,15,b522f610-ef26-4a84-b2bd-509b564d36b6,add_to_cart,56,2025-01-15 02:55:28,tablet
4407,235,83d03e33-3296-44c0-8201-938b971444b7,page_view,,2025-04-24 19:32:50,mobile
4408,,df48d6fa-ba45-40ff-9d51-30aed015f623,page_view,,2026-04-30 20:09:21,desktop
4409,,76fab828-0c6d-4a71-af54-d2b9747a2ecd,page_view,,2026-01-12 13:12:05,desktop
4410,272,de2e7abc-1f1d-4ed9-8a33-3eef481e67f3,product_view,62,2026-05-09 01:39:55,desktop
4411,68,0cd19e0c-5dfa-4933-b5d2-fda97d57d424,product_view,78,2025-06-13 06:26:23,tablet
4412,154,5e8a35cb-afb7-49ba-996d-9303e3a060f1,product_view,16,2025-09-23 07:28:29,mobile
4413,78,accc8e70-5663-4490-acfa-d76f40987d5c,page_view,,2025-06-12 16:28:26,mobile
4414,249,060615bf-d1b5-4519-844f-376a4bd01f7a,product_view,26,2026-03-09 16:53:19,desktop
4415,28,4b11c181-2dc1-4143-8469-8c048af190cb,add_to_cart,74,2025-04-15 06:12:37,tablet
4416,177,725f875a-047c-4fe5-aac4-75a55b5cd6c5,product_view,35,2025-10-21 16:56:30,tablet
4417,201,091e11df-a2cf-432d-8c34-f9de531b1e76,product_view,69,2026-07-07 01:03:54,mobile
4418,,bb5e14d6-5b74-4fdd-9c97-46949884f76d,add_to_cart,44,2026-02-19 04:41:55,mobile
4419,213,656e5170-bd1a-4704-8801-36fc095f6d43,page_view,,2025-01-15 20:21:55,tablet
4420,,88f4ca54-1584-484b-acdc-1cc03fa60025,page_view,,2025-02-09 02:32:37,desktop
4421,87,250768f2-ba0e-4d56-a045-1dbd1835e89b,product_view,51,2025-09-04 16:39:48,mobile
4422,191,e489149f-6e5c-4ae7-be52-c22ca2070bf3,purchase,80,2025-12-27 22:40:24,mobile
4423,201,754182e8-f8cb-47ff-986b-3c2246527e16,page_view,,2026-01-23 02:47:57,desktop
4424,78,eb34d8de-3e7d-423e-9e03-83d4b061c6ff,purchase,52,2025-12-22 19:43:20,desktop
4425,99,eea90156-d5bd-4de2-a751-0ccfd358a5d7,page_view,,2025-02-25 04:50:00,desktop
4426,193,91ae757c-8607-4228-920b-58cfbb916d1c,product_view,25,2025-05-28 02:12:24,tablet
4427,,539b4d73-1397-4f7e-8a67-7292755afc3d,page_view,,2025-10-10 13:05:31,mobile
4428,11,9bfe970a-2591-4ffa-89cd-33a65f6f83c5,page_view,,2025-10-02 00:40:04,tablet
4429,238,cffe7547-a347-4f55-b94b-a015fa126797,add_to_cart,72,2026-05-25 03:31:40,tablet
4430,148,833bde78-61c5-4cc8-99e3-2dbee1cd2b70,add_to_cart,8,2025-02-22 23:17:29,mobile
4431,166,56784633-1429-4f31-b9b3-c0eefaf2be80,product_view,66,2025-10-22 08:46:08,tablet
4432,289,4d4ef3fa-bfcf-4645-a301-767aed6cbe79,page_view,,2025-01-28 00:12:42,desktop
4433,116,2f160f3d-05ba-4c78-a696-dea06c2aeb89,product_view,41,2026-03-01 00:02:51,tablet
4434,255,b8ba61b8-41c1-4233-bf2c-1fd1f34ab83d,add_to_cart,50,2025-10-10 20:34:46,tablet
4435,191,144be8bc-e207-4595-be20-9925a72427a6,product_view,1,2025-10-19 10:17:27,desktop
4436,27,f714bab7-6ef5-4d48-a98f-8c8ad63c04c0,product_view,41,2026-07-22 08:49:55,mobile
4437,8,92262ecf-310f-4eb5-8b2c-4e211dce0e8c,page_view,,2026-06-27 21:00:21,mobile
4438,,9d96bf5e-4d9e-4bb9-beb2-f90442cf4e6d,product_view,34,2026-01-13 04:08:07,mobile
4439,,cb317618-daaf-463a-8a06-3bf5839818fc,purchase,7,2025-11-25 22:57:31,mobile
4440,61,0c8033f0-cc88-4185-b1ba-d5eb3e668eb8,add_to_cart,70,2025-12-02 17:52:28,desktop
4441,108,3717f44b-7911-4e22-92c6-26305fcdf4b8,add_to_cart,66,2025-01-01 19:43:53,desktop
4442,,46586cb2-6fdb-4b51-af7b-80f1c2be7bac,page_view,,2026-01-27 05:49:20,tablet
4443,,2f8aeb01-c73f-41d2-b059-5815bf32dbc5,page_view,,2025-01-03 16:10:50,mobile
4444,115,0bb5c276-abe3-47f3-8066-703846dfe43f,page_view,,2026-01-15 05:05:54,tablet
4445,164,2e671517-e8e5-4412-a60f-475f9ac88b74,add_to_cart,8,2025-04-30 06:51:51,desktop
4446,,014b069c-45ce-4149-88f0-06a3ad9f0e53,product_view,12,2026-03-25 20:07:44,tablet
4447,177,c8347776-04ca-43d1-b506-e337683d21a9,page_view,,2026-01-06 04:26:41,mobile
4448,62,46573d38-2138-481b-a83f-18e26a11315a,add_to_cart,35,2025-03-31 18:40:24,mobile
4449,48,ca4e5cc5-995d-455b-b662-8c4e445d9a87,add_to_cart,14,2025-05-11 00:48:12,tablet
4450,2,18deabfe-5172-44f0-a285-f766f9d46d34,product_view,6,2025-10-09 13:36:19,mobile
4451,298,b58194e0-04a0-4d55-b98e-1dc038a8ab55,product_view,28,2025-08-10 05:36:28,desktop
4452,75,9c83cfae-1050-4d65-b897-3d1553199080,add_to_cart,49,2026-07-30 20:48:59,tablet
4453,116,9bfc24bd-b647-458d-ba68-f42949af5000,product_view,79,2025-07-27 01:31:50,tablet
4454,190,6bb73dac-9681-4aed-b5ec-c661d3b4a1d1,page_view,,2025-07-28 21:56:41,mobile
4455,27,8a9cfc8d-5429-479b-9861-0b0ba280760f,page_view,,2025-07-23 14:58:51,mobile
4456,77,8ec29e07-ee0c-4303-b9c1-1c4a639817e5,page_view,,2025-05-07 07:24:44,desktop
4457,153,51d41c6a-5731-4c46-97cb-9e5b03379b0b,product_view,18,2025-11-17 19:29:10,mobile
4458,221,26daf6d1-71c3-46be-9297-cb6658ab766f,page_view,,2025-10-22 06:54:23,desktop
4459,219,7fbccd75-be19-44aa-9ab7-12f6764231c3,page_view,,2025-07-19 03:03:35,tablet
4460,162,2b85ffb7-b29e-4126-8840-e78a35ec5514,product_view,77,2025-10-14 13:34:27,desktop
4461,61,6726f5b4-4175-41f4-a3db-0deaac48ceaf,page_view,,2026-07-11 21:15:01,desktop
4462,151,92419671-da2f-499b-a923-895d08429e20,page_view,,2025-08-27 23:46:41,mobile
4463,282,7c8dc9d0-a1a2-42d0-941f-b001f7bcbc14,product_view,53,2025-08-22 08:43:58,tablet
4464,66,15458478-5865-4721-bc25-7ff18fb30b07,page_view,,2025-10-15 05:40:01,mobile
4465,114,87935334-fc20-494e-bf7d-a45e35221344,product_view,68,2025-09-03 03:46:24,tablet
4466,3,c03832d0-4ab4-4a29-8dd5-16c85e8354da,add_to_cart,42,2025-01-28 22:13:50,tablet
4467,79,77a63918-acac-4f3b-b395-734b50b9ff30,product_view,34,2025-01-06 00:52:58,desktop
4468,280,95be6c8a-9ff7-407b-a7e9-184f07918b35,add_to_cart,49,2026-03-16 18:45:14,desktop
4469,256,909cca67-5a04-4fb0-9fcf-d7112aaf1966,product_view,50,2025-02-13 05:49:56,desktop
4470,260,c3d31e5c-feee-4138-aa57-31f76e78cd59,product_view,55,2025-07-27 15:02:55,tablet
4471,,48acdcf8-f92d-4dcd-805a-fd9405fe16de,page_view,,2026-05-13 07:02:46,tablet
4472,,fd5baf20-7da2-4e1b-be7a-31688e72d17c,product_view,68,2025-05-31 07:19:37,mobile
4473,23,899fad03-ebd2-4573-a012-a24e3c168418,product_view,4,2025-04-06 22:09:44,tablet
4474,151,f2e5cecf-9b6c-4494-a0e0-b67321b6eb84,product_view,7,2026-04-23 13:10:39,mobile
4475,203,654fda31-18d3-4b67-9f9d-4db1d983dadf,page_view,,2025-01-04 20:30:51,tablet
4476,212,1c526dd1-fdfc-4a9d-b618-187c37e2dc86,add_to_cart,52,2026-04-17 19:12:07,tablet
4477,,dd69a596-2dba-433f-8a12-c64f921c5875,product_view,9,2026-03-10 19:49:21,tablet
4478,8,fc00814b-c70b-4b6e-8451-e56228bbecfb,page_view,,2026-02-13 18:21:26,tablet
4479,33,8cd1692d-66af-4249-ba98-f602bc059dfb,add_to_cart,21,2026-05-14 21:24:29,mobile
4480,84,37bea260-c053-4253-9a1e-490d6894844f,page_view,,2026-07-12 09:41:39,desktop
4481,12,4764a956-9968-4a3c-a684-79846b0dd81d,page_view,,2025-03-18 16:22:08,tablet
4482,,a159bef3-5cf9-4400-853f-777f51c46d6e,product_view,13,2026-04-13 22:00:33,desktop
4483,,afd50018-e27f-4dc7-aa0b-46ea1b0b249d,page_view,,2026-07-25 02:16:04,tablet
4484,287,a2ded1de-c302-40d5-a214-5243f5d23fc6,product_view,80,2026-07-14 12:35:17,tablet
4485,272,8852787c-891e-4aa2-8097-09fa5159b574,purchase,71,2026-08-11 01:37:16,desktop
4486,274,676a504c-dbeb-41e2-b9a0-1a0b64657945,page_view,,2025-09-19 15:09:48,desktop
4487,235,4949ded7-76c3-4071-81bf-7df87ead63bc,add_to_cart,18,2026-02-01 02:10:48,mobile
4488,,282f0aa6-730f-4b28-acaf-549ed37dcef3,page_view,,2026-06-01 01:04:33,desktop
4489,213,6669f679-2d78-404b-9f93-55acec8566f0,page_view,,2025-11-24 23:18:01,tablet
4490,244,d4721e33-885c-4793-80da-b7f849d5182c,product_view,39,2025-08-16 23:18:51,mobile
4491,285,a7fc1bad-76ca-4cbe-834f-b3a955849e58,page_view,,2025-08-05 16:12:24,tablet
4492,,192bb3bc-e843-4f65-aef0-244b2c19ee3d,purchase,43,2025-09-04 15:58:36,mobile
4493,,6b08984b-a731-46f3-9485-39236223733d,product_view,68,2026-06-25 18:04:36,mobile
4494,42,305a1bef-6909-43c4-ab13-b71df96846e7,page_view,,2025-11-24 17:43:01,tablet
4495,51,3964afe6-9e6e-47d7-876f-3b07a2ec377a,page_view,,2026-03-27 07:17:31,tablet
4496,,80dc4873-9eb3-48ad-9c15-b25e2379750a,add_to_cart,16,2026-05-05 12:18:51,desktop
4497,139,9211d6cc-997d-4ca9-949c-0766ffb88ef4,product_view,78,2025-10-10 09:10:34,mobile
4498,,05d86c95-f20b-4199-a8a5-7ee7bb6e0d06,page_view,,2026-07-12 05:47:26,desktop
4499,20,2a9d0c6a-3ffc-4e13-9c1c-ac23533487f7,page_view,,2026-05-05 14:52:23,desktop
4500,,af326af5-78cf-436a-a020-72d991be0c2a,product_view,2,2026-03-28 18:57:49,desktop
4501,206,05d0f23a-5ecb-4693-b3ac-2f5e1749939d,page_view,,2025-01-14 04:11:04,desktop
4502,151,ca359116-e22d-4fbb-99f1-9675be32fa85,page_view,,2026-01-31 05:03:27,mobile
4503,249,82e6e14d-8d53-4190-a3ab-bef5a7742626,product_view,41,2026-03-14 12:29:10,tablet
4504,,e9c7eb29-d9ad-49e0-b16a-8466dd0a4a6e,add_to_cart,39,2025-06-03 09:34:40,desktop
4505,217,b91a7793-5e7a-4fce-b530-57b9295026e5,page_view,,2025-06-28 22:12:51,mobile
4506,29,78e00f78-2cda-40b2-bd43-c4fedfe91357,purchase,21,2025-05-19 15:17:33,desktop
4507,23,33252134-ebdf-4eb4-b679-9210efe87716,page_view,,2025-01-25 03:36:02,desktop
4508,134,109792a4-4b00-4cfc-a1f5-5aa5529e0da0,page_view,,2026-06-14 05:57:28,desktop
4509,120,93ddbda1-34fe-4da8-87e8-6429e4fa6417,product_view,69,2026-06-23 07:57:36,mobile
4510,104,af051197-3ebb-45f1-b58d-aaee760fdd95,add_to_cart,78,2026-06-22 14:12:34,mobile
4511,,3dec163c-fd5d-4a42-b193-41779a6e868d,product_view,33,2026-03-10 23:38:09,tablet
4512,96,761eb7e3-f909-446c-ad47-de92cbf80a9f,product_view,56,2025-03-30 02:11:56,mobile
4513,191,cdbe6de6-1c74-4dfd-a431-6e6c800e1610,product_view,71,2025-02-23 20:22:22,desktop
4514,41,df40fe04-54cd-47b4-967f-017d9aa03078,product_view,75,2025-06-14 14:56:34,mobile
4515,188,3eaf5f08-28c5-41e3-a8ac-4518eb8f54d8,page_view,,2026-02-13 01:08:42,mobile
4516,77,11e12ee9-f664-42b9-b8d8-061976538a69,add_to_cart,53,2025-10-20 14:12:45,tablet
4517,300,ae991937-0846-4aa4-bfa4-cfdd01c31adc,add_to_cart,10,2025-10-19 22:01:21,mobile
4518,43,850f7bdc-ddf7-4263-a806-5678ad478200,page_view,,2025-04-19 15:38:40,desktop
4519,166,62a40afe-dcb7-4b1f-b85f-a1adfedb5a32,page_view,,2025-11-15 09:03:06,mobile
4520,,f5239f95-6ac6-4272-8875-7d0612037b06,product_view,67,2025-10-03 14:34:06,mobile
4521,252,898f3586-b74a-4db6-a223-afc0429146ca,product_view,21,2025-01-05 23:32:45,desktop
4522,,9b62d6d2-c6cf-47bf-b73e-54c31ef8aca7,product_view,44,2026-07-18 20:46:31,tablet
4523,235,b6fac9b9-88bf-4b11-bd3c-c9e3a5a7a595,product_view,26,2025-02-27 18:10:14,mobile
4524,,d3e7acd9-7b16-4453-b042-eb9e061285a7,page_view,,2026-02-11 13:35:57,desktop
4525,55,cfc91b52-4aff-40a0-8f4e-2726b9dd378e,page_view,,2026-04-04 02:09:08,tablet
4526,207,b9a3773d-d283-4904-940b-f9dc65fd5412,add_to_cart,9,2025-05-01 18:00:39,mobile
4527,130,664101fa-5d06-47cc-8a37-4f43c4cd8e19,page_view,,2025-05-31 13:01:11,mobile
4528,209,a117b864-82f5-4390-ad69-6cb3b774b61d,page_view,,2025-06-01 16:41:21,desktop
4529,132,c99496ab-6db7-4a7e-b0a6-d78ba64e2384,page_view,,2026-08-13 23:31:59,desktop
4530,212,d8d99ad8-255f-40b9-9a87-09bd1fc23099,page_view,,2026-03-18 12:57:58,mobile
4531,99,946e8ec2-d342-4e50-8208-62274333240a,page_view,,2026-05-18 09:35:22,mobile
4532,,b8d49cf2-1c9d-4bd3-8aa7-8357c0ea7a67,page_view,,2025-06-10 18:30:29,desktop
4533,181,a812cf1b-69b3-4bf2-9dd0-9e342b4088da,page_view,,2026-07-17 19:34:09,tablet
4534,184,3e39bf9b-e9b8-43ea-a456-d76756ff66fd,product_view,72,2026-05-21 11:31:14,tablet
4535,96,43b6c6ef-35c8-4133-bb8b-1581cba95e23,page_view,,2025-03-13 12:32:03,desktop
4536,,b197603c-a45c-4178-947c-903018dd3aea,add_to_cart,68,2025-06-18 08:18:58,mobile
4537,51,b58674b5-e631-49ee-b54f-595f12f638e6,page_view,,2025-10-08 08:24:36,mobile
4538,127,c1c97ab6-3ea6-45f6-80a4-00887dd7fc59,product_view,18,2026-05-22 16:40:28,tablet
4539,148,b06f0681-4b98-42c5-97aa-5681428f54aa,page_view,,2025-05-29 21:35:44,tablet
4540,234,734bda19-c991-46cc-94a6-368b71d60744,product_view,64,2025-10-17 01:57:30,desktop
4541,242,4679fe6e-9177-4972-8207-291eb3167953,purchase,17,2025-09-26 23:09:59,tablet
4542,141,23d86a4f-c2e6-4c05-8926-8f85982c7129,add_to_cart,62,2025-06-03 18:33:58,mobile
4543,152,06a4093b-49d6-43b1-8593-53fa25e4e633,page_view,,2025-01-11 14:55:48,desktop
4544,39,90441ec6-5ef0-495e-a152-dc3a3894de06,page_view,,2026-08-10 16:06:12,tablet
4545,89,4e8172da-4a8d-4853-b6bb-cd585cdb7eda,product_view,22,2026-08-16 20:45:00,mobile
4546,,9150d9b2-2886-425e-b741-12a5f1dde1f6,product_view,17,2025-05-05 04:41:05,tablet
4547,,b68c55b2-79ac-446d-8e03-87ada246ea52,page_view,,2025-12-24 22:00:25,desktop
4548,26,278976c9-4b7d-4b08-ac5b-fe79709ad1ab,purchase,24,2025-10-19 18:46:36,tablet
4549,,20e8dae1-b1f0-4d9b-8e21-7fb3be654bf9,page_view,,2026-01-08 17:05:47,tablet
4550,46,dbf11941-4ad6-43d0-9b81-ce242582bca6,page_view,,2026-06-26 09:30:15,mobile
4551,180,3a58d606-a302-4b2f-81de-ca4c625cade5,add_to_cart,45,2025-04-30 23:41:22,mobile
4552,115,954e95fb-362f-4bc2-99d5-d66c072b50ed,page_view,,2025-09-29 10:01:15,mobile
4553,240,0316cde5-9590-4901-a5fb-24214d8e8fdb,product_view,66,2025-01-21 15:05:16,tablet
4554,123,82330e6e-b89c-46e9-9d39-b50542696d14,product_view,79,2025-10-27 08:41:20,desktop
4555,277,844e2e8b-ff01-4ec6-9ec7-8f9ebed64914,product_view,35,2025-11-30 22:33:03,mobile
4556,108,e666a9b4-9e53-44dc-ba1a-fd6767e56f19,purchase,16,2025-06-09 19:02:36,mobile
4557,,a4d37418-581e-40ef-b8ef-6c712b9fff6a,page_view,,2025-03-15 06:38:39,desktop
4558,78,8047c7e1-da44-4e00-964e-81dd27e78bba,page_view,,2026-06-08 02:51:59,desktop
4559,254,60c336eb-5fd6-49e6-85f9-70f75075b7d1,purchase,65,2026-08-21 07:54:56,desktop
4560,234,a5fc00b5-7c39-415f-ad13-bac8dd8b6c69,page_view,,2025-03-01 13:28:06,mobile
4561,190,7b67caba-8675-4c71-9eeb-96012b4b8171,purchase,3,2026-02-16 04:44:18,desktop
4562,95,613f50db-e5aa-4c5a-bbe7-52062ce62f9f,page_view,,2025-07-03 09:17:51,tablet
4563,104,1093a05b-f26b-4379-ab32-dc3a03a4bf4b,page_view,,2025-12-09 16:29:36,mobile
4564,,34d88c51-4f2e-43eb-b98e-249757a55d1a,add_to_cart,78,2026-06-22 01:54:51,desktop
4565,21,9bcfe969-473f-4005-a66c-3392396c6135,product_view,80,2025-09-05 16:03:13,tablet
4566,256,1e9d8b00-ca0d-408e-ba90-2275c72bf2e8,product_view,43,2025-06-16 23:43:48,mobile
4567,223,7fb0b7b6-5b43-4e1a-b26a-cdeaa6662e73,add_to_cart,25,2026-02-03 20:35:49,mobile
4568,154,a37dafca-e9a6-4f13-91c4-b8c675961b93,page_view,,2025-10-02 03:55:07,tablet
4569,280,bf0aabdf-d708-4dc7-831f-9724e80368e2,product_view,65,2026-01-07 16:28:13,tablet
4570,79,c9a5c042-c878-4b08-91a3-3332d882ce3c,product_view,52,2025-05-31 22:00:58,mobile
4571,,bdcaf089-3a76-4ae2-a5ec-276c862c9e66,add_to_cart,46,2025-04-18 11:29:36,tablet
4572,161,08683cbf-aa0b-4687-9d12-4a2233d9014f,page_view,,2025-10-18 16:15:01,tablet
4573,253,f3b81fe4-194d-4447-a05b-e2306603854f,purchase,47,2025-12-06 08:09:04,mobile
4574,37,457f4a84-1133-4ed4-81e6-0c4c545b19ba,purchase,58,2026-08-11 08:17:27,mobile
4575,110,d8bb254c-88e5-413a-b62f-197d8da40d27,product_view,64,2025-12-04 13:56:30,mobile
4576,217,1456a858-df63-4cb2-89a8-9d04bdc313b8,product_view,60,2026-01-24 13:08:07,tablet
4577,,725687c2-0e54-4d51-8c44-5778f86e92d6,page_view,,2025-01-21 00:44:33,mobile
4578,,3ea426b8-3f7b-46ec-85df-f8e291136499,product_view,40,2026-07-31 12:59:23,tablet
4579,238,2ec46bfe-bd4b-49cd-8c19-e0ac418df073,page_view,,2025-01-06 12:46:50,mobile
4580,167,db869a02-a69b-4d21-afb3-8c42b0901da2,page_view,,2025-02-24 23:39:12,desktop
4581,,b7a63ca5-b08c-447d-ba74-7c443ebe066c,product_view,1,2025-12-05 07:51:20,desktop
4582,197,fab87bb6-0a4c-4231-ad6c-18d074c0bea3,purchase,27,2025-06-24 20:15:13,desktop
4583,86,4708b42e-8d4e-46c5-8409-10e29bf072e7,product_view,64,2025-10-21 14:00:36,mobile
4584,,bbbbfd67-30a4-44b0-be3c-7c84176350f5,add_to_cart,79,2026-05-03 11:33:03,mobile
4585,,e7f8daa8-104c-4b6e-aadf-1b58d4a84169,product_view,45,2025-06-17 09:28:18,mobile
4586,69,4d81bc5e-85c6-4764-a1ee-ba3de733c344,add_to_cart,4,2026-04-01 11:50:20,desktop
4587,50,3e72e402-3a43-47a1-b52d-ed780f94db38,page_view,,2025-11-03 09:08:31,tablet
4588,59,7a2f2c57-94ce-43b7-82fd-7e2d95eef403,product_view,73,2026-01-20 09:50:11,desktop
4589,295,e1b33498-8974-4baf-9928-3cfc76da7bc3,purchase,50,2025-06-30 23:02:47,desktop
4590,284,ca3e7f3a-51a0-433c-8d13-c33bc80aa7cf,page_view,,2026-08-12 05:08:15,desktop
4591,39,7a71ce7b-3248-4699-92b3-b3eba247a4f5,add_to_cart,58,2025-08-23 23:09:43,desktop
4592,3,79dd7b95-1558-4c6d-b120-3b7a1dcccf24,product_view,8,2025-11-25 03:59:52,tablet
4593,,96e15645-8ad8-4f05-9991-77b932888f78,page_view,,2025-05-02 01:06:40,mobile
4594,,4cca3dda-7cbb-4627-9929-c7c73709d7d3,product_view,58,2025-05-14 00:41:22,desktop
4595,54,6e047758-94eb-4ddd-8275-4eca91bf903d,page_view,,2026-01-18 15:04:56,desktop
4596,40,b850b440-1c8c-4498-a7ad-595bdc739cbc,product_view,52,2026-04-16 13:42:20,mobile
4597,171,a48339f7-c703-4a4c-b150-f94fe2f2cf57,page_view,,2025-10-04 08:32:28,desktop
4598,42,a28af08d-ce46-4bf3-96c4-9c4431de54f6,page_view,,2025-07-09 14:16:47,tablet
4599,233,fe034a0e-74cd-473b-816b-44e19d4a305f,page_view,,2025-11-08 16:48:01,desktop
4600,203,683c3806-c12a-4c55-8072-8ad4002072c6,page_view,,2026-04-14 07:00:41,tablet
4601,,a1919e12-7e1b-4edf-854f-6d2d99f2587c,product_view,62,2025-11-05 03:02:36,mobile
4602,222,7bb8373c-81dd-43ea-9421-b62c2d31317c,product_view,79,2025-01-22 05:31:48,mobile
4603,153,a5310be0-f391-4a36-88a4-36ae83a2a06f,add_to_cart,55,2025-07-10 04:16:12,desktop
4604,12,883d9b03-de04-4086-83a2-9acd4cb50736,add_to_cart,13,2026-01-20 12:10:32,mobile
4605,237,ad8716e1-4679-4c1e-9755-19cd3fbfe7eb,page_view,,2025-01-13 11:43:22,mobile
4606,152,a03c67ff-4f0d-47bc-80c8-b0838faf04ba,page_view,,2025-01-01 17:52:02,tablet
4607,214,c1b156bd-fa2b-4df7-9c89-4d3970a6b5fc,page_view,,2025-07-27 02:16:20,tablet
4608,194,01ab1df1-7cd2-4263-aea3-5df6f2193325,page_view,,2025-02-27 17:26:23,mobile
4609,26,8271bbba-f96f-4a1b-a4b3-b66b51b795ed,page_view,,2025-05-05 14:27:55,tablet
4610,,2dc58521-29c2-41f9-beeb-f53978731a4e,page_view,,2026-04-16 02:06:00,desktop
4611,138,ac482af2-6e98-4798-82ac-0d6d10c88179,page_view,,2026-04-17 23:55:03,tablet
4612,241,dcadfda8-ece0-47bb-9835-9b4b4dfcf384,page_view,,2026-03-18 07:22:52,mobile
4613,146,afdc8a51-a34c-4c78-97a9-9ae771757228,page_view,,2025-02-03 20:40:11,tablet
4614,25,318f7980-2ec2-45a6-9293-23e289e10a5a,product_view,35,2026-03-07 02:31:13,mobile
4615,,3b576da7-c34a-4fa6-9bd4-87bbc75ee63d,add_to_cart,66,2025-08-13 00:40:11,tablet
4616,251,4e2da257-8074-41ed-8ea4-ae7336955a61,product_view,40,2026-04-26 16:28:06,tablet
4617,259,78ccd788-87c8-4346-8434-228151ec8f30,page_view,,2025-08-10 16:34:33,desktop
4618,272,ed7403c6-4cd0-432e-af4b-88ff1a58c6ae,product_view,69,2026-03-18 06:26:35,desktop
4619,258,ac00cd5e-922d-4ba6-b5d5-b1199c09f0fe,page_view,,2025-08-28 00:26:40,mobile
4620,226,31209ff4-2809-46a9-92e2-4a8e2793b627,page_view,,2025-11-29 09:22:10,desktop
4621,182,2bf998ad-c92a-4b0c-a56f-fbd8c4329e78,page_view,,2025-07-19 07:52:02,desktop
4622,78,a99f8c03-9c31-4930-a86e-f693da341653,product_view,12,2025-03-09 11:55:29,desktop
4623,268,84372286-f4ea-4fa5-935f-d8d22839d888,purchase,36,2025-01-19 19:30:15,mobile
4624,94,9860f848-a74b-4973-b949-54dbfb2cef68,purchase,52,2025-11-12 22:10:39,tablet
4625,61,b9f9d376-c79e-449b-aaba-8f0cc9eb6e3c,product_view,58,2025-03-23 15:17:48,desktop
4626,,434a7e17-eece-45b3-ba8d-a12744f64bef,page_view,,2025-06-21 07:53:12,tablet
4627,,d59dcbfa-db32-4207-af30-3fd078d3ca66,add_to_cart,53,2025-08-30 17:04:56,tablet
4628,,4e653eee-251d-464e-9eec-2af44db9eacb,page_view,,2025-03-06 13:16:25,mobile
4629,39,d4488069-5a9b-43f8-ba09-a484556ed0d1,product_view,49,2026-08-18 00:51:11,mobile
4630,226,4eda31cc-7320-4e30-90ba-8eddbec6573b,product_view,39,2026-03-19 11:06:53,desktop
4631,31,c33ffef7-64bf-4e8c-9033-89b46ce052ef,add_to_cart,70,2025-03-08 11:57:51,mobile
4632,115,f0a30219-c321-4788-8173-c12e6ac89d70,product_view,20,2026-05-22 20:22:44,tablet
4633,38,68a650ce-f7fb-48d5-8e28-a0886771dc17,product_view,21,2026-03-21 19:28:31,tablet
4634,,23d2789d-ce2c-4739-a552-abc65a86503a,product_view,55,2025-02-21 23:19:10,desktop
4635,268,46327360-c45d-4c03-b4f6-b97ef998aaa1,page_view,,2025-10-26 11:13:29,mobile
4636,219,33c43cd1-b44f-4e12-918b-621e04fc9dd0,add_to_cart,50,2025-04-09 03:44:37,desktop
4637,78,418495a4-b777-4cb9-a97c-696b356766ec,add_to_cart,36,2025-06-17 00:04:16,desktop
4638,241,060fd3b6-5f9c-41f0-9522-1c404b77cf1c,page_view,,2025-01-31 12:27:44,tablet
4639,177,61e561bb-ca79-4b30-ad70-881b52647c6f,product_view,36,2025-01-12 09:16:56,tablet
4640,249,bd303739-8f5a-4787-8edd-8e22536019db,product_view,76,2025-11-27 17:37:40,mobile
4641,4,9e1823a2-3708-4b7f-8c27-4beb330f4bae,page_view,,2025-03-02 07:10:59,mobile
4642,267,462270cb-db3d-419b-b0aa-999280c0e667,add_to_cart,12,2026-04-04 12:39:13,tablet
4643,223,2911268f-3e3e-47b3-930d-a4761b5982d2,page_view,,2025-06-05 11:17:27,tablet
4644,240,f105c2d8-7acc-4c3b-b90c-a4475352db34,page_view,,2025-04-13 22:12:36,desktop
4645,178,f3b93ebe-7849-43ff-97ca-eef5b8a4c19f,add_to_cart,28,2025-07-05 13:12:45,mobile
4646,20,c7fe8dee-0bc6-471b-b25b-76a6f89c2ef6,page_view,,2025-05-20 14:41:29,mobile
4647,69,f5b0fa1c-b013-4951-a3db-2b6da8cfa238,purchase,57,2026-05-13 17:14:19,mobile
4648,296,3ff5ea79-7cae-4dfe-b4dc-70c6e8acd757,page_view,,2025-06-19 15:23:16,tablet
4649,,960b9746-9b51-4232-bca7-644d47b76d17,product_view,47,2026-01-15 09:36:32,mobile
4650,132,0e5d8626-19f7-4775-8f2f-633b60013e38,product_view,24,2025-04-04 08:46:33,tablet
4651,61,89b3889d-46aa-4714-97ba-a888a3beb445,page_view,,2025-12-14 17:22:39,desktop
4652,52,48c3a59d-ec71-42e7-b028-eb2d5e9432d6,product_view,48,2025-04-16 07:40:19,tablet
4653,186,e17f5e53-2260-4be8-b8ca-903b1c6c8382,purchase,32,2025-06-10 07:27:21,desktop
4654,259,fa286316-5315-4a23-92f0-ed7dbff49c48,add_to_cart,79,2026-05-22 08:49:07,mobile
4655,86,d30606ae-69ed-4072-bb81-c774c67651b3,add_to_cart,20,2025-08-14 05:21:34,desktop
4656,75,96fdad96-2681-45bb-9fbb-3a4326da916c,page_view,,2025-07-29 20:42:51,desktop
4657,248,8fd48278-3332-43ab-92f7-70724c81cd72,add_to_cart,56,2025-11-30 15:55:01,mobile
4658,252,53ed75f6-3ec7-4cca-b031-e2cd1687819b,page_view,,2025-08-17 13:36:32,mobile
4659,,a9230810-c346-44f9-8bed-0104929ea405,product_view,42,2025-11-30 19:02:57,mobile
4660,157,d13b3a4d-87f1-4ab5-8e82-373e42be7d36,add_to_cart,22,2025-10-27 01:31:01,desktop
4661,278,23f5aea6-0598-4489-b087-ab0e4a9a75f0,page_view,,2026-01-24 06:48:54,desktop
4662,268,dee7dad7-1168-4433-8518-8d4dc5a8646c,page_view,,2025-07-04 20:59:28,mobile
4663,232,bd32ebda-b61e-4c80-b302-225ec930c9f3,page_view,,2026-03-15 05:43:28,tablet
4664,260,5c798b20-da7a-4b4f-b50b-1168505fc360,purchase,28,2026-01-25 00:42:31,tablet
4665,,bf4d4bd8-7222-4838-85cf-dce6e7b4dcd3,page_view,,2025-05-17 04:56:50,desktop
4666,,523e901f-2f23-4d0c-b6fd-f910e2742d5c,page_view,,2025-03-26 14:52:58,desktop
4667,11,5cb9635c-75f7-4b07-ba49-62d177e43d33,page_view,,2026-01-14 07:12:27,mobile
4668,231,f8b03457-ad7b-43c5-b2f0-b15c554047fe,product_view,28,2025-11-04 03:28:31,desktop
4669,228,9a86a2f5-415f-4099-824f-8429b43d4bf9,product_view,44,2026-01-24 19:50:10,tablet
4670,216,23e8bb05-05ec-447e-aec4-32d0bf660225,page_view,,2026-05-15 03:16:03,mobile
4671,276,6d658f44-6928-4f38-a469-db2c1e8343bf,product_view,68,2025-02-01 12:06:56,mobile
4672,277,cc5015cf-7c81-4d5a-8e5a-43726574708d,purchase,71,2025-03-19 06:24:07,tablet
4673,,0f6eed31-8745-4d05-94e8-9dd00c4bc3d2,add_to_cart,29,2026-02-04 12:01:06,desktop
4674,187,5f9c041d-8323-44b5-bd59-3fa4e9b9339e,add_to_cart,63,2026-02-03 09:49:27,desktop
4675,82,fee33607-6fec-4ac2-90d2-abfe0425c430,product_view,50,2025-06-08 06:09:15,mobile
4676,,df823a94-8114-4235-b5b4-aee10836a865,purchase,27,2025-10-15 14:50:57,desktop
4677,68,89ef698a-ca46-439f-93ba-dc3ecc5bf684,product_view,50,2025-05-05 07:38:05,tablet
4678,,5570cefc-9327-4b56-885b-841f7df45531,page_view,,2026-01-21 01:36:54,tablet
4679,104,135769cb-bc03-4aa7-912e-1621a266530e,product_view,34,2025-12-15 02:42:10,mobile
4680,271,8eec22a4-f966-49c2-9796-b7b190b7f26f,page_view,,2025-06-05 22:26:26,mobile
4681,,28815cd9-8821-4541-9cc1-fb5ec7d4a10f,page_view,,2026-08-20 18:47:52,tablet
4682,157,d9fafbb9-d8a7-42cb-8374-c273cc707551,product_view,63,2026-06-04 13:35:23,tablet
4683,55,77ec2100-ec28-417a-92ec-c3bd16757d7e,add_to_cart,32,2026-03-08 23:41:58,mobile
4684,185,30de0010-fe31-4408-a671-cd819c2b05eb,page_view,,2025-12-08 23:42:52,tablet
4685,91,af178dbb-c461-4ac1-92b5-9aa4c07d0001,page_view,,2025-02-05 21:09:48,desktop
4686,38,77391bee-46e0-4e7d-9158-71366e528655,page_view,,2025-11-23 06:07:14,tablet
4687,299,fe8db353-e16b-4b8c-a3ac-d21a7387a600,product_view,1,2026-07-16 18:43:46,tablet
4688,16,5497062b-a683-4a72-a6f6-ed64bd2af2c4,product_view,12,2025-01-04 16:45:44,mobile
4689,90,9341dd73-a5d8-4541-ae82-2ce612b1d17e,add_to_cart,27,2026-02-14 00:56:04,mobile
4690,212,c7f7040b-8718-4322-b43c-6de656fdc504,product_view,65,2025-12-08 20:19:44,tablet
4691,134,f2d1235d-d1f9-4f96-bd4d-28c8b14d53b0,add_to_cart,35,2025-08-03 17:45:59,mobile
4692,102,66c67afa-057f-41df-a3af-85416eb194b8,page_view,,2026-05-22 18:03:03,desktop
4693,287,9faa2180-01a0-49a2-8b37-617d932204fb,add_to_cart,29,2025-03-16 21:23:03,mobile
4694,259,022f8a47-04d4-45db-a3d3-997fd4066625,page_view,,2025-11-08 08:28:51,tablet
4695,124,2686d5c6-6d59-4de7-9287-c72e39a8ab5e,page_view,,2026-04-26 20:45:10,desktop
4696,193,9599b267-390f-416d-9b06-f07242442fce,product_view,34,2025-06-30 04:16:07,tablet
4697,,8849066e-539d-4223-848d-276cacae8af8,add_to_cart,5,2025-03-09 19:08:12,tablet
4698,237,3348eda0-aa57-46e4-a753-297e752f524f,page_view,,2025-04-04 08:18:56,mobile
4699,,ece42aa5-930e-4549-924f-7225c519fd78,purchase,46,2026-03-28 11:15:23,desktop
4700,,b703fa9f-e15c-4c37-a4ab-9bae5aca08f9,page_view,,2025-08-06 03:53:30,mobile
4701,,30584d20-2711-4b60-93ac-d71bde03a536,product_view,58,2025-01-18 11:13:45,mobile
4702,72,4ef8a787-34c5-4d5b-a5f5-ed6fc5e2cdcc,product_view,41,2026-06-23 19:49:21,tablet
4703,,888e58e7-06b6-45f4-99d4-5a552e7c77b0,page_view,,2025-11-22 22:14:49,mobile
4704,,0a199083-d83e-462a-b1ca-680c9a178669,page_view,,2025-09-25 04:14:10,desktop
4705,233,5938949e-8a42-4ff0-a098-4689c78ae6ce,page_view,,2026-02-10 03:15:21,tablet
4706,53,dedcc2ff-53d4-4caf-91bb-797af464a31f,page_view,,2025-12-19 08:12:03,mobile
4707,10,a87da2af-3ae8-460a-adaf-ea5450b9e04a,purchase,9,2026-04-16 21:55:00,tablet
4708,166,29cd4d5c-4d8c-49c6-b3a2-b47b35746477,page_view,,2026-02-11 23:12:03,mobile
4709,,3ba4807e-4565-4d2d-bdb2-69e56c9dda26,product_view,3,2025-03-18 07:50:23,tablet
4710,17,c5b86c82-379c-441a-ab7d-2448efb18149,page_view,,2026-08-03 23:45:47,tablet
4711,47,e0acdb75-2326-43d0-86fc-e65a5af7dfe2,add_to_cart,40,2025-01-06 02:43:17,desktop
4712,199,1f8424bd-708c-4f1a-b1c3-5294e61cf9a3,page_view,,2025-08-30 14:40:19,mobile
4713,254,06822e13-6007-47be-b2b1-068ad58b5423,page_view,,2026-05-18 05:42:21,mobile
4714,145,daac1277-be73-41e9-9e16-a0ea71a6de48,page_view,,2026-08-09 20:04:34,mobile
4715,105,0c994ec1-6162-4af8-b565-c8a2bd6aec56,product_view,45,2025-08-23 08:46:25,mobile
4716,58,32d9ec3e-6630-4af8-b044-9b5172624be8,purchase,24,2026-03-08 04:48:27,desktop
4717,19,97187943-6168-44a8-855f-30a134a450e3,page_view,,2026-08-14 09:54:25,desktop
4718,249,f8205c5f-17c5-42e0-9fe9-048dd08308b0,page_view,,2026-01-07 02:43:00,tablet
4719,52,940bb34d-e9cc-4dab-81b7-4f352cd3248d,page_view,,2025-05-09 01:04:02,tablet
4720,104,29b2b32c-1f27-4a2c-8439-1819b97a08ba,page_view,,2026-08-24 05:27:18,desktop
4721,245,f0d1701b-1ecf-4d89-b5aa-d597c1b0f44b,page_view,,2025-07-26 12:18:18,tablet
4722,215,5bbf785b-9ad7-4864-bd9a-b6d97d3635b9,page_view,,2025-09-02 08:36:38,tablet
4723,,6a45d1e9-511f-4533-becf-c0dbbfeb32a4,add_to_cart,29,2026-06-14 13:10:35,desktop
4724,114,173e13d9-fc32-4db4-b5d8-053130e423e1,product_view,76,2025-11-24 18:21:48,mobile
4725,15,7a5cd426-5c1f-4f7b-81c4-dda8ccbf1dfe,add_to_cart,39,2025-04-15 14:16:00,mobile
4726,250,f1e4c27a-1cab-47e2-823c-794a415a53c1,page_view,,2025-04-05 11:17:22,desktop
4727,63,614996d1-01db-40b4-8422-1bf274faebdd,page_view,,2026-01-07 00:11:52,mobile
4728,131,f6295eb4-667a-4b91-ab86-08d1cdac6327,add_to_cart,48,2026-01-05 18:36:00,tablet
4729,149,5c42adcf-5acc-416d-999d-ed5edb84aa96,page_view,,2025-10-22 23:24:17,mobile
4730,,10b7de33-d627-424e-8f5a-f64ef21b7a7f,product_view,77,2025-01-22 05:06:48,mobile
4731,,a6e997ae-d909-4489-b229-29b66f246189,page_view,,2025-12-23 03:49:43,tablet
4732,4,b382c1ae-ffec-44eb-bab7-42a14cfa4f8a,page_view,,2025-01-17 21:37:15,mobile
4733,179,cf674365-a4c1-4966-a682-c0fb159e9c9f,page_view,,2025-12-18 04:22:06,tablet
4734,83,040ebf47-78ab-4513-a03d-b91863c279aa,page_view,,2026-04-18 17:13:38,tablet
4735,11,bac8f92f-4653-4bd3-b6d8-11eff388fef7,page_view,,2025-04-07 14:15:08,tablet
4736,,0b9d55cd-52c1-4256-a5b7-7f49a5b95c1a,page_view,,2026-06-12 22:50:20,desktop
4737,221,2d675be3-3fbe-4756-98f0-2d4124074330,page_view,,2026-07-05 23:10:21,tablet
4738,256,84c469b1-20c1-4845-825f-c70f90884400,add_to_cart,22,2025-01-11 05:10:36,mobile
4739,285,7845a524-b1f0-4f04-a3e5-7b5027dfc6e0,purchase,11,2025-01-31 08:16:41,desktop
4740,174,98a0db61-0fa9-4695-89fb-4d4bc3254bc3,page_view,,2026-05-15 13:42:41,desktop
4741,,bd66c203-ddc8-4a37-b5b7-215ecd68cb39,page_view,,2025-05-27 17:04:34,mobile
4742,299,9e181620-5f27-4ee1-8b07-9752a93429ae,purchase,38,2025-12-12 07:55:58,mobile
4743,187,6b5341c0-2850-4932-92c0-8ee46a35567d,product_view,46,2025-01-16 20:23:11,mobile
4744,,84c2f2c4-efb0-4e3b-acb5-0ab92c23b779,product_view,3,2026-03-13 21:13:00,desktop
4745,101,cf35fdb9-bdf1-4708-a6c0-df52f71de9c5,purchase,55,2025-09-18 04:55:25,desktop
4746,131,5d7518d4-2e7e-4cef-ab2d-d056cf711c2c,page_view,,2025-04-06 01:23:03,tablet
4747,,c95bc917-1c01-460c-acc9-d15ae10b3781,product_view,21,2025-09-25 11:46:28,mobile
4748,60,343e623f-7f5f-4a4f-87ac-c717299152e6,page_view,,2026-03-17 10:49:05,desktop
4749,,5f88fe99-a014-4ab9-a755-e34c4e5a4392,add_to_cart,54,2025-01-07 16:00:31,desktop
4750,,9f35ba40-43e2-4caf-9767-a0d7e8b2f81a,page_view,,2026-03-15 00:27:51,mobile
4751,,069ccc0a-c884-4f88-874a-588f5231d2a5,page_view,,2025-11-27 07:21:36,tablet
4752,97,7872d73f-e389-4caf-874b-927e54e28fa6,page_view,,2025-04-06 16:23:16,desktop
4753,,24f384ef-df3d-4d65-bc25-bce108c2d2ce,page_view,,2025-01-29 20:58:17,desktop
4754,36,8a1b0744-0be7-4352-a85c-0862e9e02d8d,product_view,35,2025-02-02 03:30:11,desktop
4755,230,b8f73fad-9937-4931-8333-59b960857b5f,product_view,45,2026-07-17 09:45:48,tablet
4756,,19a12723-287d-4f8e-ab74-18988673cf07,page_view,,2025-07-12 22:20:21,mobile
4757,208,3902d8a7-e5ae-488f-9942-339503d301cf,product_view,14,2025-01-27 19:46:35,mobile
4758,217,10fab909-fcfa-4e61-ab7d-71bc17956e87,product_view,46,2026-03-21 03:58:18,mobile
4759,196,76e51a12-79c6-4757-b7fe-b7351cc6f0a0,page_view,,2025-10-12 14:53:01,desktop
4760,238,e5ecb9dc-db2c-44c0-aa42-79c3fbbe0e9d,product_view,46,2026-01-27 06:10:26,desktop
4761,285,db5ed35a-2268-445f-b0bf-17838966f42b,page_view,,2025-12-28 02:06:38,tablet
4762,157,002f4aee-a308-41ea-8f36-7c1b9a6ff965,page_view,,2026-08-11 21:07:47,tablet
4763,,e648d7ae-7830-4c6c-b9eb-17974fb9ef37,product_view,2,2026-08-18 21:04:44,mobile
4764,62,52a80809-20d1-4fc0-81c1-aee2e7235658,page_view,,2026-06-18 12:32:14,tablet
4765,55,f4f7bfdc-5d96-4459-8a3c-8743a80824f2,page_view,,2026-06-26 05:34:30,desktop
4766,73,18ad8eeb-b760-4067-ab1e-5b379d15844d,page_view,,2025-07-10 19:42:56,desktop
4767,289,d4c2459b-bfac-4af7-be28-40a17a506f60,page_view,,2025-05-06 20:29:27,tablet
4768,,2036971a-323f-4f19-923c-c117da1a9b09,page_view,,2026-06-27 07:28:10,tablet
4769,22,ce31ce5c-213b-4241-83c5-9c143824c62b,add_to_cart,44,2025-07-19 00:33:00,desktop
4770,8,a8c1fb64-39bd-43ed-a481-2414f139dc4b,product_view,70,2025-08-19 01:55:57,mobile
4771,270,b79ee140-1844-4abd-be41-635f150a5643,page_view,,2025-04-18 15:41:01,tablet
4772,206,9d719800-e30d-4d83-8844-cc496761f64e,product_view,9,2026-08-19 23:32:43,mobile
4773,169,402bf495-39e9-46ef-bff1-80d21af03c73,page_view,,2026-05-17 03:41:50,tablet
4774,182,4d156c62-a8cc-4e3b-bae3-438e2f43b2f0,purchase,38,2025-11-10 12:40:58,tablet
4775,224,764f6842-f955-4aad-b5e0-bcbf5420d149,product_view,15,2025-11-13 09:00:05,tablet
4776,223,8453d803-8519-469e-973d-a9cbab196705,product_view,71,2025-11-09 08:56:42,mobile
4777,163,44482593-e232-4c25-bcd6-2aba93c1392f,product_view,48,2026-02-28 18:02:05,desktop
4778,237,53f42383-21b7-4e70-a647-bcfcc2886352,product_view,73,2026-01-22 06:33:20,tablet
4779,85,252d3404-a944-45e0-9ff0-f8eb6c0990b6,product_view,28,2025-06-21 09:37:44,mobile
4780,22,d9caa609-ef43-4b80-bc85-630c94517f78,page_view,,2025-03-22 20:47:18,tablet
4781,168,ccbdd15e-e7f0-416e-bf78-bad808c2fd6f,page_view,,2025-11-25 03:58:34,desktop
4782,,cb505aa3-0c4a-4f81-a1c2-e70c629153bf,page_view,,2025-07-15 00:46:00,desktop
4783,119,03aa96d2-2ea2-4aec-bac2-84dd32a95261,page_view,,2026-08-15 18:27:35,desktop
4784,281,d5db677f-08bb-429f-a277-279b2498a9f2,page_view,,2026-03-18 01:12:56,desktop
4785,45,65924c9f-2971-4f1f-bce2-6218cb763127,product_view,61,2025-01-08 05:49:50,tablet
4786,122,7b142917-9274-46b6-82ff-975452917b6d,page_view,,2025-09-04 16:04:19,desktop
4787,111,30104525-5809-4249-9b90-f2327bdd41b3,product_view,69,2025-02-16 02:27:11,mobile
4788,270,f88505f9-d126-4905-9e99-3ecda0f35470,purchase,25,2025-10-22 02:43:59,mobile
4789,247,fe2181fd-73bd-485b-a7d9-20b393c379fd,product_view,56,2026-07-30 05:12:08,desktop
4790,,43472a28-9f0e-470b-b404-7ec736ff812d,page_view,,2025-10-21 16:47:39,desktop
4791,88,beb5ba0f-1e29-44f1-b09a-dc958bbec119,page_view,,2025-07-29 09:17:47,desktop
4792,118,83b5ad03-c4bd-43eb-a7cc-427447808b87,product_view,40,2025-05-04 10:12:54,desktop
4793,214,ff26cb58-5656-411d-965c-978aec83c4d7,add_to_cart,58,2025-07-18 02:20:16,tablet
4794,,574aa942-415a-41ff-afb2-a0d7e47ca3af,page_view,,2026-07-01 11:53:56,tablet
4795,,c5a24d77-7cc3-4e98-9f39-7fa5ce96cc5e,page_view,,2026-04-30 23:11:44,tablet
4796,,18b47298-a9ca-403d-b4d1-20248c84c302,product_view,67,2025-10-02 08:08:26,tablet
4797,,c3659e51-57a5-43b2-9b30-ddadab02e104,page_view,,2026-07-15 13:19:20,desktop
4798,54,c82e27a3-1028-4c78-834b-033d84e1f69e,page_view,,2026-03-20 00:21:21,tablet
4799,25,068187e9-a46d-4b51-ad30-0e335d8c4fea,add_to_cart,34,2025-03-12 18:30:18,tablet
4800,67,1836a027-2050-4d45-8b16-f0a7f6fa16a1,page_view,,2026-02-16 06:43:13,tablet
4801,88,d47ffd35-751a-4b9a-b99f-5c063a24de17,page_view,,2026-04-24 07:28:19,desktop
4802,18,b67333e0-8ceb-424f-9eca-85b31c7378e6,purchase,70,2026-04-14 07:55:12,desktop
4803,41,58fde70b-df91-47d5-a055-25c64bb3e035,page_view,,2025-07-19 03:24:39,tablet
4804,,8da4f916-6fa8-4369-b3db-49d04e998b76,product_view,18,2025-06-05 21:27:43,tablet
4805,4,f75ef2cf-153d-4754-b086-424afbfbd9f9,page_view,,2025-01-07 23:39:48,mobile
4806,,2ebfaf4c-8135-42e7-b8c0-0141ddf194d4,add_to_cart,68,2025-08-24 10:05:31,tablet
4807,,e2b845b7-f0f5-4dc1-91ed-43ba65c65e05,page_view,,2025-10-21 17:50:36,desktop
4808,95,244700ca-31e3-460a-82ca-a526ffa0a1af,product_view,26,2026-07-29 14:49:22,tablet
4809,105,c6a22085-38cb-405e-ae3a-1f32d70b1463,add_to_cart,61,2025-05-15 05:52:30,tablet
4810,286,be9dd48c-bbc0-48ed-b2dc-80ee0447b659,page_view,,2025-03-18 13:14:41,desktop
4811,297,c7a9ff30-99d6-4609-868c-10055a9b9519,page_view,,2026-05-31 19:28:34,mobile
4812,,87d2e18f-dc24-4f84-9019-19b726da7a1c,page_view,,2025-07-24 14:28:24,desktop
4813,,887cedb9-ccdd-46b3-8c07-e0e386695d31,page_view,,2025-09-02 08:53:47,tablet
4814,243,b195fa9f-3afd-499e-8a19-de1f5cd70899,add_to_cart,59,2026-02-18 00:29:08,mobile
4815,159,2ab05af8-87e7-49e2-bf46-d9d3f2794e8b,product_view,2,2026-04-29 05:49:13,desktop
4816,129,ae2e7dd2-19a2-4602-a8a3-d3a35fdd67bb,product_view,10,2025-01-04 12:19:28,tablet
4817,,dbe38b89-a262-4fd2-a289-499e2a6716d4,product_view,54,2026-05-08 19:33:09,mobile
4818,,ee3f0127-d7de-4f4d-b9ec-02ca9e4152f9,product_view,32,2026-03-31 22:11:39,tablet
4819,277,8a73483e-26ec-41dc-b751-68f6c0485d0b,page_view,,2026-08-04 08:07:47,mobile
4820,80,6c8c4bac-9c13-4aa7-b483-6de8f1337e7d,purchase,24,2026-04-04 23:31:45,tablet
4821,,0c858238-4746-4fb7-b3c3-2015dbb93bf6,page_view,,2025-12-23 09:05:58,tablet
4822,216,669f9a4a-f2eb-4d5a-b819-fa11f584be73,product_view,20,2025-09-06 06:20:50,mobile
4823,154,85915047-e6a5-47d0-a3c8-1fb94be730a1,add_to_cart,54,2025-04-12 03:06:46,desktop
4824,82,79fee842-e4cc-4065-abd7-f764f8d592a7,page_view,,2025-02-23 14:09:21,desktop
4825,34,b8b758b8-22d8-408b-9269-6eeb77cf1eb6,product_view,36,2026-01-30 17:53:04,mobile
4826,142,132ab649-0017-4ca3-8ccc-5afef02a2956,product_view,10,2025-06-04 20:26:18,mobile
4827,225,ab09ec62-8e46-4d8b-b555-d6ee40571cf3,page_view,,2025-06-12 01:21:09,tablet
4828,215,bbc41107-ec4d-4550-b570-f44d4fc55e4c,page_view,,2026-07-16 16:15:15,desktop
4829,207,111ac671-f593-4884-980f-65609cf540d9,page_view,,2026-04-05 19:49:33,tablet
4830,218,23eaea4f-690e-4ee8-8152-caf60f29301d,product_view,62,2025-08-15 04:43:50,desktop
4831,209,2906567d-d28b-429a-bb1e-5e1324cf8629,page_view,,2026-03-02 06:51:12,tablet
4832,170,f9f8f5f4-ce96-4887-b8db-37f6c3bc5ca7,product_view,31,2026-02-22 20:17:30,tablet
4833,26,642830f3-3e12-4f2b-ba74-ed0bf36ee0b7,page_view,,2026-05-01 10:37:23,mobile
4834,281,6b44312a-a565-4d41-a8d1-41dbc94bcc99,page_view,,2025-08-13 15:07:02,desktop
4835,125,3fa27ffd-3180-4811-9767-10d764188dde,product_view,61,2026-01-16 15:09:49,mobile
4836,260,39ef20ea-120e-4c83-99b4-4b98d5969658,page_view,,2025-08-15 12:28:32,desktop
4837,254,23f3e5c5-46b6-46ea-b2f4-f240f69e963d,add_to_cart,47,2026-07-31 05:01:40,tablet
4838,174,b9d9c1dc-1f9b-42b4-a6c4-ce9be483f4f1,product_view,53,2025-03-17 19:30:18,tablet
4839,263,ac1cfcfc-f1c0-46ba-95ff-7d9dbd5a0760,add_to_cart,25,2026-03-27 10:37:05,desktop
4840,290,2474e10f-7181-40c2-b4b1-58aa26df6494,add_to_cart,25,2026-01-22 01:21:59,desktop
4841,,53d509af-c2b5-4c1b-8685-38bcac17cb47,page_view,,2025-01-05 06:38:29,desktop
4842,200,85475ee1-1e06-496a-a302-7b2102c1c269,product_view,8,2025-06-09 04:23:19,desktop
4843,89,c58b6161-1a44-4b3b-8634-a7cd4fa83870,product_view,76,2026-07-23 19:53:58,mobile
4844,56,3b7039b0-789a-4f00-9933-ca27a0e85f89,product_view,30,2026-03-25 14:57:55,mobile
4845,150,d27e5846-4c7f-4cd6-b032-97d2a911610c,page_view,,2026-06-05 01:07:36,desktop
4846,131,9c2b4ca9-be2f-4685-8a8f-fb2c1ff71e8c,page_view,,2025-06-10 15:54:44,tablet
4847,282,e1568c60-1205-49cc-a757-59a074516c96,purchase,66,2026-01-20 11:36:28,desktop
4848,8,b8525de3-e916-4e82-8116-8b7efa9f4841,product_view,14,2026-04-19 00:06:43,desktop
4849,258,f311a3a1-45a8-4731-a00f-6ea257647ecf,page_view,,2025-07-31 02:54:55,mobile
4850,,d685b08b-61aa-489d-8a7d-1de0fceae86b,page_view,,2025-06-20 17:08:48,desktop
4851,93,a07c68c2-1ce2-4c5b-8165-53a1e4203a34,page_view,,2025-02-13 02:24:05,desktop
4852,187,2b1feecd-95c1-47e6-ad08-79b4776e3a29,page_view,,2026-05-02 10:58:09,tablet
4853,77,dd91cf6b-b102-4282-b5b2-e008e0516aaa,product_view,2,2026-05-23 00:06:57,desktop
4854,173,4a85fbd1-c22a-4772-bcbf-f645cb61716c,purchase,62,2025-08-04 19:03:19,tablet
4855,146,16acb78e-1a61-4efe-85d8-cc0839819354,page_view,,2026-08-09 14:44:08,mobile
4856,221,f5b127e1-9a72-4bf3-bb54-93e6ff630fac,purchase,15,2026-02-22 02:26:00,tablet
4857,41,3dc559fc-5cd0-494c-9d76-3717995b2485,page_view,,2026-02-20 00:45:32,tablet
4858,,7e99a2c2-aa37-44fb-9997-5545de8e7602,page_view,,2026-01-19 13:42:42,tablet
4859,47,6eb6d54b-f697-4fbb-b39b-feb6d632919d,product_view,38,2025-08-07 08:22:45,tablet
4860,199,1aedbcfd-a357-44ea-8e80-c78a6bf2d5d9,add_to_cart,58,2025-12-03 16:40:53,desktop
4861,186,d7a29c6c-47bb-4bb0-851b-2775dd7b99a6,page_view,,2025-01-18 13:59:57,tablet
4862,,e79c797d-469f-4152-bb81-5c56b95b7efe,add_to_cart,24,2026-03-04 00:46:44,desktop
4863,,542e2e6a-8200-4972-a3e8-6f41406d7f7c,add_to_cart,70,2025-06-11 22:55:29,desktop
4864,223,4051dbda-d617-42cb-aabf-1a086b6de0da,product_view,49,2025-02-21 19:54:21,tablet
4865,60,034f2029-1545-4b48-9b4e-279bfbab907a,product_view,41,2026-06-14 20:14:32,mobile
4866,149,7c4cec7d-ce55-454e-b68d-6f3819e3b84f,product_view,25,2026-03-06 08:07:16,desktop
4867,134,38ace486-7eb6-40a9-95f5-f2ac3e247c2b,page_view,,2025-05-22 14:12:42,mobile
4868,124,44087701-aa66-40ed-af0b-5b2b97514f49,add_to_cart,79,2025-02-27 05:59:49,mobile
4869,107,d385d453-c7ea-4fd1-bf4f-38081a9d7acc,add_to_cart,77,2025-10-26 10:42:55,mobile
4870,36,9b4cccb0-8f88-4e63-bce4-858eb5622984,product_view,11,2025-07-22 10:00:02,tablet
4871,226,9b4bf636-6035-448d-90cc-7a42d660a275,product_view,77,2025-02-01 01:29:23,desktop
4872,,aae50490-ecdc-4b27-9ed2-1b1584db01dd,page_view,,2026-07-25 17:39:44,mobile
4873,30,1b98a0e3-9a06-4a93-8ac7-256b61f13c8c,page_view,,2025-08-03 15:15:31,desktop
4874,270,a48687d4-cb29-4e19-9694-a5279720b88f,purchase,57,2025-03-17 23:34:09,tablet
4875,27,184c4178-935c-41d1-993c-5319f43e075b,page_view,,2025-08-30 14:31:29,desktop
4876,195,3d15d3ee-c397-43ae-b77b-97421e12bbed,purchase,78,2026-01-05 21:07:03,tablet
4877,104,b5950807-ac30-411d-9482-e11e5c56e3aa,product_view,17,2025-10-05 21:53:56,desktop
4878,240,d0b66c10-6bfd-41bc-9a93-03eae75ec164,page_view,,2026-03-08 17:10:20,desktop
4879,232,0a349670-be8b-45f3-b7e1-c9a264cc7a90,product_view,16,2025-05-16 01:05:46,tablet
4880,136,70b3e6df-c9c3-4dd8-a5a7-970558e8f1db,product_view,21,2026-07-06 22:44:24,tablet
4881,153,dd088545-92c6-4b94-b5f3-405dda2bf1b7,page_view,,2026-06-26 05:02:00,desktop
4882,229,6610ba20-f0b0-4031-898a-ef7285d3f3ee,page_view,,2025-10-13 04:24:30,mobile
4883,199,be901a64-a0cc-4d31-8e22-efcfd02b4c3a,product_view,70,2026-06-18 15:31:33,tablet
4884,299,e8780458-ab48-406d-ae8a-457fc712cf67,page_view,,2025-01-09 18:54:33,desktop
4885,119,2e44d349-9122-4311-b74e-5dff06906169,product_view,11,2025-11-01 04:26:57,tablet
4886,166,5436deb3-f229-437b-a169-d799062e5424,product_view,80,2025-10-20 22:12:21,mobile
4887,150,69824369-ebb1-4253-8ad2-a7ba194b3b6e,page_view,,2025-10-13 06:46:53,desktop
4888,,74e5418d-baa3-40fa-8743-8e60cd4901c9,page_view,,2025-11-04 09:55:42,desktop
4889,246,5bcc7bfb-40e6-4eed-a414-f2c5d9743ff0,product_view,9,2025-03-04 21:54:08,desktop
4890,84,5a357945-5813-4496-aed9-dac5d18097f4,product_view,36,2025-02-26 16:36:57,desktop
4891,126,46d162d6-3faa-4fd6-b730-d07ef93c8285,product_view,33,2026-01-26 00:15:55,mobile
4892,87,53133ea1-0c3c-400f-88a1-34aa722d8397,purchase,4,2025-08-22 11:26:15,desktop
4893,59,a282bbab-fdb0-4520-b2f8-81eb754ce511,product_view,3,2026-07-28 23:44:41,tablet
4894,254,291c9094-cb2c-4efb-84c3-b30d435f59e6,product_view,1,2026-04-26 13:02:33,mobile
4895,,dd0d3739-c553-4b6d-8ef8-66193599fe91,product_view,80,2025-08-09 21:52:05,tablet
4896,,bd9ed3fc-5266-4d86-a5f6-21818c1a6477,page_view,,2026-04-08 22:16:50,desktop
4897,156,c7ed8888-5939-4c71-80d9-863f66bcf6f0,add_to_cart,51,2025-09-08 03:20:57,desktop
4898,35,7ff5475c-d83f-4f4f-ac0b-fe69d0c29b24,product_view,24,2026-02-21 14:47:45,tablet
4899,271,5a0fdf61-5571-4266-96c0-2601db4d2d18,page_view,,2026-02-18 08:27:45,mobile
4900,201,ce1eaeb5-bd67-4ba0-89c9-c0f39dcc91b0,page_view,,2026-07-01 04:20:47,mobile
4901,,510861bb-3a42-468f-b745-75cdd6138a1e,page_view,,2026-02-24 04:43:36,desktop
4902,265,ea072198-19ee-4d26-8e4b-36aad4249390,page_view,,2025-01-28 22:12:39,desktop
4903,188,67f3e4bf-a3b3-4be6-9726-9541b8d11a8f,add_to_cart,36,2026-08-04 17:42:47,desktop
4904,,a3b4a240-7f48-4536-9f2e-444a501bcf44,page_view,,2026-02-08 10:48:40,desktop
4905,128,33c00b7d-61f8-43f4-81ae-35bb2faa49dd,add_to_cart,73,2025-12-11 10:27:32,mobile
4906,,7c45d65d-b517-48ef-9b21-3e3143c2181f,product_view,49,2025-06-24 01:45:43,tablet
4907,40,7011a2be-ce4f-4c66-9645-b6bb59c085a8,product_view,68,2025-09-13 09:16:19,tablet
4908,,28c2783d-c138-498b-9c88-da6ee551da7a,page_view,,2025-01-25 21:27:10,mobile
4909,182,0413d049-52a0-428b-ab25-a58af5953b2e,page_view,,2026-01-30 11:41:59,mobile
4910,182,4f7ebc54-94f3-4a1b-b096-0fbb1c89fe3c,page_view,,2026-03-13 22:32:12,desktop
4911,20,a46e47a2-b342-4968-8191-086be8a91aba,purchase,77,2025-06-23 07:57:16,mobile
4912,,8f56fffc-c1bb-4767-8bd4-01528f7bf6c2,add_to_cart,18,2025-11-04 00:31:51,desktop
4913,63,9e541d3e-65e1-4146-ad8b-62b689cb09aa,purchase,59,2025-12-01 18:42:54,tablet
4914,75,17e6ae99-32d8-4c29-9370-7fcbb21534f7,product_view,67,2026-03-04 03:23:35,tablet
4915,246,ea299a22-9914-457d-b62f-b6ee172dc647,page_view,,2026-08-08 07:11:06,mobile
4916,169,da2a5b5f-6796-4bd9-a9c6-d4e3e07eaf26,page_view,,2025-11-15 05:37:55,mobile
4917,,5714fc0b-b744-4158-a550-e249436c3827,page_view,,2025-11-25 16:18:07,desktop
4918,43,220e674e-6591-499b-9a92-9d2788676641,page_view,,2025-06-29 20:56:43,tablet
4919,28,d8528abb-1a87-4c25-a29f-1962ebd795f5,product_view,37,2025-03-08 00:30:20,mobile
4920,,e05ff96e-d087-4c98-bc7d-0017f4c1540b,page_view,,2026-05-14 08:56:47,tablet
4921,,9d091856-4b3d-4578-8c69-a8cae32ffec3,page_view,,2025-05-24 07:43:00,desktop
4922,220,52e6ef74-150b-41d8-b882-c32691f28485,page_view,,2026-01-06 10:14:49,desktop
4923,66,d37d8533-714a-4ae0-b98e-1f36ffdb3a38,add_to_cart,8,2025-08-14 19:43:14,desktop
4924,211,27aedaae-8c48-43f4-bef3-89ba0a7016c8,product_view,23,2026-03-23 09:28:39,desktop
4925,39,06bf79cf-4616-4d6e-be20-193baae2ad63,add_to_cart,66,2025-06-27 18:34:24,tablet
4926,,b1f0b429-d54f-4d02-b976-c6377e9716ad,page_view,,2025-08-04 12:09:30,mobile
4927,135,e008e8ed-3ecf-4f0a-b80e-c19dfbb713fd,add_to_cart,44,2026-03-17 04:33:52,tablet
4928,217,cfc01fbc-a5dc-433d-b0bb-2a0e39d02b29,add_to_cart,1,2026-05-24 18:36:41,mobile
4929,128,4bfaa29e-032d-496d-a537-68573749af64,add_to_cart,65,2025-10-18 16:33:07,desktop
4930,126,db872c8f-0551-4102-b6ef-66e43e61d359,product_view,33,2025-02-14 16:51:52,tablet
4931,46,705f052b-d682-40b4-bbb7-cc429cba7bc6,product_view,41,2025-01-19 13:37:40,tablet
4932,71,ff9558a3-8d1d-482e-8e6b-24396a1e5d9a,product_view,7,2025-12-21 11:28:42,desktop
4933,180,2fa17fe6-698e-4981-b136-9512916e1089,page_view,,2025-03-02 14:37:07,tablet
4934,,664d49fa-94b5-4339-84c1-1826d910498c,product_view,56,2025-04-22 03:29:05,tablet
4935,179,e6ffee2a-e37b-4f84-9351-240fa093ca68,add_to_cart,59,2025-08-12 23:16:18,desktop
4936,,42f1287b-bf2d-4fcb-a319-3bf6faa855a6,page_view,,2025-01-02 08:26:53,mobile
4937,140,5d2d113b-fb5e-4c15-8bfa-e8d6b4ed4d1d,page_view,,2025-08-22 21:41:50,desktop
4938,66,6e6aa3ec-4378-4e6b-8d3d-dee3cdad54f4,product_view,42,2025-09-18 00:36:50,mobile
4939,85,ecedf328-e669-4d22-9d50-d2eb5ec74b9e,add_to_cart,27,2025-04-21 20:56:05,desktop
4940,25,8a55a14b-51f5-48f9-bc15-ae1fefda21b2,purchase,72,2026-05-24 08:50:42,mobile
4941,176,b1757e7d-f545-452a-93b8-ec305b693697,product_view,75,2025-01-28 01:22:53,mobile
4942,108,d3d39ff9-dc25-45f1-9258-7a1a226e1ecb,purchase,80,2025-06-12 14:08:24,mobile
4943,,cba9a0f0-3f34-48a3-b3d2-c4a9fc7b427f,page_view,,2026-01-09 13:23:13,tablet
4944,196,18bc2e3b-20f6-48d8-9436-9f5d89cc6b08,add_to_cart,65,2025-11-05 22:06:00,desktop
4945,177,fc4a013f-c8c2-4cfe-aadf-eef6fb2389d3,product_view,57,2026-07-14 07:59:48,mobile
4946,298,890d58e5-79c9-4246-b556-aeac81e87e90,add_to_cart,27,2025-03-15 01:04:24,tablet
4947,41,d387fcd8-cea8-4b7a-9ad4-ac13504089fa,purchase,65,2026-06-05 12:52:12,desktop
4948,272,592cfe25-b858-4203-ba52-b3839aa5bf18,purchase,68,2025-01-16 20:36:09,desktop
4949,261,f9fb722d-a51c-4d2a-b3bf-bdabb7b24f20,page_view,,2026-04-02 18:52:31,mobile
4950,,3955b110-fc2e-4301-9232-231d8dd7b77d,add_to_cart,72,2026-07-30 15:44:04,desktop
4951,268,d62c4be4-9302-45dc-84e5-eddd771d030f,page_view,,2025-01-19 16:24:58,desktop
4952,215,70184f95-9e6a-40fa-b5d2-36e30d9e9c48,page_view,,2025-11-24 13:43:58,tablet
4953,108,108d692f-6fa9-457c-974f-e6687f441add,add_to_cart,58,2025-04-12 19:27:10,tablet
4954,183,05a95733-2bdd-4419-beec-0074f4028e77,product_view,43,2025-02-24 21:06:31,tablet
4955,68,a6789753-8f1a-4d4a-b2ce-d11f8f59748b,page_view,,2025-12-16 04:37:09,mobile
4956,300,7a0430c4-58fc-4448-a555-e0870ebb51ae,add_to_cart,60,2025-10-22 07:34:43,tablet
4957,,1053adba-25db-48d1-b4d0-aaeade19893e,page_view,,2025-09-23 19:24:17,desktop
4958,254,f46976af-10be-43e8-9aba-c34bae9802fa,page_view,,2025-06-21 01:30:30,mobile
4959,131,4083dcf3-91db-4fbc-86ad-dbe7b807c910,add_to_cart,35,2025-01-14 17:23:28,mobile
4960,294,070f48c2-ba4e-432f-a582-eba2f2859a73,product_view,70,2025-01-01 04:23:52,mobile
4961,,6e4ae071-7da5-4648-9905-6421b6af49df,add_to_cart,51,2026-05-16 06:32:47,tablet
4962,37,2223ab94-f157-4169-83ad-6ffdb4479e70,product_view,80,2025-09-16 04:33:46,desktop
4963,,a96bc761-3717-4e45-a570-6108fc78090e,product_view,51,2026-03-02 15:18:09,desktop
4964,15,b27c1721-89d4-4ce2-8f50-b59873bd980f,product_view,74,2025-08-14 12:37:05,mobile
4965,216,3b895644-549d-43b5-8dfe-448cacb70476,page_view,,2025-01-26 19:47:44,mobile
4966,,82095583-e03f-4c17-8c65-037491e22c1e,product_view,25,2025-01-12 23:43:02,mobile
4967,,c42c40ce-24ec-455d-a83a-755ef23e9b0b,page_view,,2026-06-22 08:03:13,mobile
4968,,963d4606-ae6b-49de-baec-fb4c8a240d57,page_view,,2026-08-06 01:42:07,mobile
4969,253,f88c2664-01bc-475c-9cdc-23fc50805bbf,page_view,,2026-01-28 13:44:46,tablet
4970,108,c124b471-b64d-458c-8d8f-808d9c0e6192,purchase,71,2026-01-22 00:52:52,desktop
4971,,c64d8e70-1ea3-41e2-9662-f8835bbccb30,add_to_cart,31,2025-04-09 14:29:03,desktop
4972,,1049f904-9d25-4dc4-922d-ef06fa33dca5,page_view,,2025-11-04 13:54:27,tablet
4973,144,2944e059-bafa-44da-a9e8-fe2a879f22eb,product_view,5,2026-01-25 01:45:23,desktop
4974,,fad2fd69-3fb1-4376-b1d2-8c69bb88cfe7,product_view,31,2026-05-19 16:29:52,tablet
4975,85,fd55c844-c242-47c5-8613-71c199fd92a4,page_view,,2025-05-06 19:47:02,mobile
4976,,078c7f1d-2e65-4eb1-95f3-04a02de94792,product_view,78,2025-01-27 18:20:31,tablet
4977,273,ba89eda3-7eb6-4f51-adc7-8d7ba63f89b5,product_view,14,2025-04-08 16:36:21,mobile
4978,201,181af69a-16cf-4211-94f0-327b1e978ef7,page_view,,2026-03-15 12:03:10,tablet
4979,233,b3700e92-92f1-4a69-a74f-6635f236b2ee,add_to_cart,58,2025-01-22 08:12:07,tablet
4980,237,ce0ed735-632f-4f79-af73-4c45f2f39f61,add_to_cart,41,2025-10-14 17:48:40,tablet
4981,11,7972c629-b248-41dd-a19c-44966856c822,add_to_cart,80,2026-08-21 22:47:06,mobile
4982,248,2ed86804-57e2-4419-98e6-650123755bc8,product_view,70,2026-02-16 11:27:00,mobile
4983,23,2d6acdd4-5aeb-40f6-8faa-8036188a7f55,product_view,37,2025-11-20 07:47:30,mobile
4984,109,4083ff8f-e10a-4f9f-ae2c-219ab50f2f5c,page_view,,2026-07-12 06:20:19,mobile
4985,17,42b07e31-2f3f-4e11-973a-603d7feb25e2,page_view,,2025-06-07 14:17:45,desktop
4986,135,59e849b6-3a05-47b2-b35a-ffe566c3f832,page_view,,2025-07-27 22:25:48,desktop
4987,46,14e1aabd-a20c-44ba-a5b0-8e26fc52a468,purchase,27,2026-06-26 05:04:44,desktop
4988,,1812362f-c076-492d-b3a4-69a556f7e6bb,product_view,19,2025-07-27 01:55:07,mobile
4989,179,e119e331-0538-4bfd-81fd-1281861c2a6f,product_view,12,2026-05-02 06:22:54,desktop
4990,128,8e9ff74a-fb65-43ea-8f97-33429b2d43a3,add_to_cart,70,2025-02-24 09:24:07,tablet
4991,7,18720dc7-5f86-4f8b-aec6-16940f243491,product_view,66,2026-03-16 02:52:44,mobile
4992,,fc31654d-f6ae-4936-8071-4e0f2b23ace0,page_view,,2025-01-22 11:01:00,desktop
4993,119,53ad132c-0131-471e-8338-57e4877478d3,page_view,,2025-11-23 16:54:33,desktop
4994,,cccf4d37-0714-4da9-8e67-4f72627f34eb,page_view,,2026-04-01 03:53:47,tablet
4995,55,5ff540ca-9038-4b45-916d-9a42e7b795f9,page_view,,2026-06-28 03:26:59,tablet
4996,213,2c21f1ed-f4a9-45b0-91c3-7e19dbfeed4a,add_to_cart,30,2026-01-12 04:41:08,mobile
4997,215,7f8a1fca-9ef1-4e4f-a2f0-77e330405cc4,product_view,58,2025-04-28 02:38:47,mobile
4998,4,f9cc596e-37e7-4948-8903-c8c72e8992cc,purchase,69,2026-02-25 19:09:01,tablet
4999,215,aee4f488-df41-4155-98d2-bfd058622bb4,purchase,40,2025-04-14 10:35:18,desktop
5000,180,5fc97e64-9987-4384-a798-879be9a11cc0,add_to_cart,40,2026-03-14 19:59:52,tablet
5001,239,70d18e9e-e435-4335-ad4b-2c1392f0ae83,page_view,,2025-07-10 12:28:50,mobile
5002,228,c5a0b7c3-e132-4e39-9891-b0a4b4d4813a,purchase,69,2026-08-20 20:44:24,tablet
5003,247,d079fe4e-261b-447a-81e0-4baa2d701ddf,add_to_cart,29,2026-08-10 13:36:51,mobile
5004,198,9f40ce6a-07c4-48ba-b1f2-7f0fd1a9af91,page_view,,2025-06-14 23:41:43,mobile
5005,16,e36345fc-899f-4cfb-af6f-5d6a09ed1c7c,page_view,,2025-01-18 22:23:33,desktop
5006,32,1ecadf24-f0d1-4a72-8b2c-7b1df5418b22,product_view,10,2025-12-26 23:27:07,mobile
5007,195,ef5e4a66-4fc9-4cd0-af2a-dff8cea4f9c4,product_view,29,2025-05-25 08:08:27,mobile
5008,250,aedb3046-595b-4abc-9b97-23324a9b37f0,add_to_cart,20,2025-12-11 21:31:04,desktop
5009,,2ad9c360-84bb-4f7a-9711-35452e2fcae7,page_view,,2025-12-19 22:53:56,mobile
5010,259,3172e9f8-7f66-4f24-9987-5a42e675835a,add_to_cart,12,2026-02-07 04:34:36,tablet
5011,9,9cfa2010-ff51-4c96-a7be-a2b29a7f326f,page_view,,2026-07-15 18:31:36,mobile
5012,210,74650ff9-f014-4b87-965f-a125eb85105d,page_view,,2025-07-17 00:58:21,tablet
5013,180,d4eee313-8c48-4218-a892-ab6fedb92750,purchase,67,2025-08-09 09:34:39,mobile
5014,291,f1aab637-72ab-47ff-88b8-547b638b66ac,page_view,,2025-09-13 11:42:50,desktop
5015,268,10c238ba-8df1-463a-ab30-41841dcb2fbf,product_view,79,2025-09-12 10:21:13,desktop
5016,,243191eb-5d9e-4717-bf08-6a9e569db57e,add_to_cart,34,2025-04-07 15:27:07,desktop
5017,49,7da2fb48-d14d-4890-b5db-ed2c3d4caf01,add_to_cart,63,2025-10-25 08:47:22,mobile
5018,147,0aa5aaf2-677f-43b8-8b47-1eca30370fff,product_view,17,2025-07-25 05:05:57,desktop
5019,155,fb7b00c7-eaa6-4c45-8f01-fe855bbaf3ac,product_view,4,2025-06-26 21:15:06,desktop
5020,,d7f64255-cf97-4ff0-bafd-0718ebced334,product_view,72,2025-02-11 20:15:39,desktop
5021,270,c12e3882-b527-4a0a-a8df-7aa5e8e00199,add_to_cart,49,2025-05-24 15:56:59,desktop
5022,115,d907ba3f-1949-4b8a-9754-81a3d6ccc7cd,page_view,,2025-07-11 12:17:32,tablet
5023,,a7a13e62-a9db-4628-9748-ba0185147bc9,product_view,72,2026-04-22 14:19:17,desktop
5024,4,90208d23-86ff-46f2-a970-1e00520fc3e7,page_view,,2025-04-17 22:40:41,desktop
5025,130,858c5992-882c-4812-b3c3-c4289338e35d,page_view,,2026-04-24 15:29:08,desktop
5026,67,a4a8a844-8bdf-4208-81c5-bc8b64e94d6a,page_view,,2026-02-15 18:47:18,desktop
5027,59,22ae8888-5200-41ca-8855-f44a33704903,page_view,,2025-07-02 02:25:20,desktop
5028,237,4aff5eee-32b2-4952-8376-37d672a9dfa1,page_view,,2026-01-16 23:55:20,mobile
5029,153,677c25b0-6d23-4155-a057-c558f1ba308e,page_view,,2026-04-11 01:03:42,tablet
5030,168,7d8f2305-1517-403e-a087-75a56f654201,page_view,,2025-01-24 12:54:18,desktop
5031,171,524ec63c-1ab4-4e05-bdc1-dda00619feb0,product_view,6,2026-05-12 15:08:44,desktop
5032,236,6388f6dc-9c12-43c9-bbee-45828fae46a9,product_view,15,2025-08-20 19:51:56,tablet
5033,92,c94ee2f0-fe06-4b4e-bf63-abb84e4f4dd0,product_view,6,2026-05-23 19:30:25,mobile
5034,,af1e0ecd-c555-430a-8985-8ab5c54f447e,product_view,70,2025-06-30 23:11:59,mobile
5035,186,d4cd45a9-870d-4661-8e1c-0d4db2eb3819,page_view,,2026-07-09 19:32:33,mobile
5036,8,16d4fdff-f260-4a26-b025-f0410aa86e33,product_view,47,2025-09-12 11:15:29,mobile
5037,181,bf733026-9664-4ca5-a460-2d314e9f67a7,page_view,,2025-04-20 09:32:27,mobile
5038,,2c613d5c-8af4-4753-923f-128ee67882ae,add_to_cart,14,2025-02-03 23:48:57,mobile
5039,237,0c46d8be-bd3f-4354-904b-9abba41425de,add_to_cart,73,2025-03-23 22:54:50,mobile
5040,260,f77e1ee6-0c15-4b28-8728-971988c75e8a,add_to_cart,31,2025-11-17 18:55:28,desktop
5041,5,5a0d4f8c-3030-4e86-a288-e5da4d8ddd2d,product_view,18,2026-04-15 17:17:16,mobile
5042,,d2e106a4-0d6c-4599-89aa-e145f6d4f767,page_view,,2026-05-17 03:49:37,desktop
5043,257,6f0dc87b-dfab-44e2-af25-762cd34d09ae,purchase,25,2025-01-05 21:30:16,mobile
5044,145,d96688c9-8623-481e-8224-da50bd10f69f,page_view,,2026-08-07 09:11:23,mobile
5045,2,ae5ec1fc-5eee-4114-823d-269c2da46bc5,product_view,4,2026-07-05 21:40:01,tablet
5046,,36e90637-e921-46db-8b72-d0efb2fdaa38,product_view,6,2026-02-17 09:31:05,mobile
5047,200,2f8a637d-f330-4c59-b50d-456e19412cae,page_view,,2025-10-30 01:11:57,mobile
5048,126,51ffdef6-b660-4a31-b8b8-9fc4e47172b1,product_view,33,2025-11-26 04:36:53,desktop
5049,285,7eca5b2d-341f-4b4a-b6ca-f84012adbc1b,product_view,17,2026-06-22 00:31:08,mobile
5050,198,9ceeaf74-a3f2-43db-9236-948e34ecb64f,page_view,,2025-07-02 15:04:30,mobile
5051,284,61a93ecf-ec0d-49ba-8b94-729c03fde24e,page_view,,2026-08-17 19:47:50,mobile
5052,62,1dc7deab-b07b-44ed-a67b-6ad334be5f01,add_to_cart,71,2026-06-08 00:29:30,mobile
5053,1,e7867bbf-0136-4f98-8a5a-62d3ec9fba0a,page_view,,2025-07-19 16:36:17,tablet
5054,,ea4d7ed8-d04a-402a-a8db-2a2c3d8a0701,purchase,68,2026-05-06 22:55:26,mobile
5055,80,2d53a810-fc01-446c-94ac-13ced4d05762,page_view,,2025-07-15 00:22:01,desktop
5056,,3a769378-d39a-4c87-a3d1-8504fcb1a281,purchase,70,2025-03-06 15:26:27,tablet
5057,86,66e6c48a-d679-4ab4-aae6-c3da5f2d38b8,page_view,,2026-04-24 13:46:45,tablet
5058,58,9947c98a-2444-4277-a7ea-f6650b752e49,page_view,,2025-03-12 12:41:05,tablet
5059,,42186e6d-ab24-474a-9f2b-e8ba3f05344c,product_view,72,2025-03-02 16:12:51,mobile
5060,65,ae2e69e2-6c3f-4800-ac13-d7c3e1c72223,product_view,18,2025-06-20 21:38:22,desktop
5061,80,e6ef3a0b-dd1e-4932-b5cd-dc34920ee451,product_view,53,2025-08-10 12:05:33,tablet
5062,122,f0b5b7b3-3472-459e-8f4b-1252a04e03d7,page_view,,2025-06-21 14:12:56,mobile
5063,277,e9ea9d49-bc94-446e-a741-0d2ce0f13db6,product_view,35,2025-11-28 12:47:05,tablet
5064,,029e435d-b0b6-45da-a8c1-8df945ca17af,product_view,30,2025-09-03 13:05:14,desktop
5065,259,608bb508-69e4-4d26-92d4-7ec76a77982b,page_view,,2025-06-02 18:46:02,tablet
5066,205,3082d7e6-e6ac-4778-97b6-e0a34730b04b,product_view,67,2025-04-10 15:49:33,mobile
5067,14,40e07e0f-7cfb-4186-877b-4fffd114dda1,page_view,,2026-07-23 17:46:35,desktop
5068,77,b149324b-a064-4c2a-82ab-856599a2186f,product_view,12,2025-10-06 21:18:21,tablet
5069,30,c46268d6-b22d-4bfe-8ab3-5cb1653d6c17,purchase,79,2025-11-01 02:20:52,desktop
5070,168,b08307e1-a9b7-41f5-a0fe-d1f372fa10f7,product_view,21,2025-02-13 06:48:43,desktop
5071,261,1d480843-a339-4f8e-920d-e24a3914dce2,product_view,13,2025-10-09 11:57:10,desktop
5072,42,ca8b6e4c-e6f7-43d4-a8af-3b731d82e2a8,add_to_cart,72,2025-05-04 17:13:44,tablet
5073,,8974e16a-2ef0-463c-9106-2a357d10bf9f,page_view,,2026-06-13 10:57:13,tablet
5074,139,bd76bb2f-f189-4bad-aad8-8bca53cf14e1,product_view,6,2025-02-15 20:58:59,mobile
5075,283,b70bc594-ae4f-445f-b48f-ab0641a9edd3,add_to_cart,67,2026-02-12 12:37:08,tablet
5076,12,48e918f9-65f0-4b99-b1ec-c7c2ee3d114e,purchase,64,2025-07-09 00:46:45,mobile
5077,12,db029414-48e2-4a53-8954-105b89485754,page_view,,2025-01-22 02:55:29,tablet
5078,147,c2d031ad-1bc6-429e-82f1-9c7b91f29ea4,add_to_cart,42,2026-04-03 11:42:20,tablet
5079,,e2b6a842-d2a8-4922-a518-93471e910b71,add_to_cart,17,2025-12-05 12:31:08,tablet
5080,216,16251089-f340-46f1-b3be-8942e24f908a,product_view,71,2025-10-02 15:27:00,tablet
5081,1,3366da87-7f7a-478c-98b1-3a9d8e041844,page_view,,2026-07-30 04:02:57,mobile
5082,195,092351d9-fedc-4b65-84aa-6e12208a9c4f,add_to_cart,35,2025-07-11 10:40:56,tablet
5083,147,1c852510-1bfd-4626-ba93-ef0e780d90b6,add_to_cart,5,2025-01-05 04:55:49,desktop
5084,,63582706-d545-4254-89bc-6a803a887bed,product_view,51,2026-04-05 05:03:36,desktop
5085,218,b190dea4-c335-49e5-9567-55f42f39f8c8,page_view,,2026-01-04 17:13:22,tablet
5086,82,6f9a544a-3de3-42e9-9141-26afce70d3f7,add_to_cart,69,2026-05-06 17:38:10,desktop
5087,125,bd0443f0-7027-41f1-9ef3-6d4d9d85aa72,purchase,7,2026-06-29 07:44:29,desktop
5088,275,c4e57a92-98d5-46b9-b128-7916248bd5aa,product_view,80,2025-04-07 02:04:03,mobile
5089,214,80ed319c-ef01-4e79-a9b2-4a990a8260b6,page_view,,2026-04-17 11:11:30,tablet
5090,42,c4bfa424-3060-4ccf-b979-549bc44c5c78,product_view,34,2025-05-18 01:39:31,tablet
5091,,0b33b7a0-5163-4a91-b993-b65f35ded447,page_view,,2025-11-20 20:31:21,desktop
5092,234,27180985-f2d6-418c-83a3-574a919cf735,page_view,,2026-03-20 20:12:59,tablet
5093,257,40349202-f34e-4ba1-9c07-605e57628c84,add_to_cart,49,2025-12-19 16:21:33,desktop
5094,178,7647f43f-59a1-4829-acef-781debfdb100,page_view,,2026-06-06 15:03:34,tablet
5095,197,0e721365-a4e6-4afd-a6cc-d201335dc080,add_to_cart,47,2025-01-26 15:31:02,desktop
5096,257,f262e145-2731-460c-a149-ee42642d03af,product_view,22,2026-02-15 11:16:56,tablet
5097,115,39a90a45-104b-4372-816e-a5c24ab3c590,page_view,,2025-02-25 06:23:56,desktop
5098,208,55fccc14-31c0-44f0-a091-129b2f1835b1,product_view,44,2025-09-13 08:41:22,desktop
5099,261,067ab1d7-7059-4387-b89f-52d2a8737d14,page_view,,2026-08-23 09:40:00,tablet
5100,261,d7ea8625-11c3-438b-b0c6-9b42df0ff647,page_view,,2026-04-12 00:13:13,desktop
5101,160,49adb07b-874f-4c5c-9a06-64b93eeb2f03,page_view,,2025-12-03 14:02:26,mobile
5102,247,8c1046bf-24b3-4794-a93d-b7fa8e8ded45,page_view,,2025-12-09 23:37:14,mobile
5103,268,1c82780f-0e84-4070-914b-30a9f6d4461c,page_view,,2026-02-08 23:36:18,mobile
5104,,849ebfa5-68f0-4a5d-90ac-72bdaf4c9dfc,product_view,47,2025-12-23 11:51:29,tablet
5105,92,b87189e1-9e5b-4abf-8478-608888c62a79,product_view,14,2025-07-15 08:57:43,tablet
5106,,52581086-eecc-4487-b95d-43d62b7f90a5,page_view,,2026-04-17 16:49:17,tablet
5107,,e6c9fd54-24bb-4796-89d6-8cdc5ed0b58c,product_view,14,2026-01-22 16:04:26,tablet
5108,151,0182c481-3bd1-4558-af2f-5f8b1a9226d6,purchase,25,2026-01-24 01:52:43,desktop
5109,2,0ef473a2-900d-4f16-80e0-32006197337c,add_to_cart,67,2025-12-06 21:58:36,mobile
5110,133,9123f2c5-c4c9-4949-a334-fca6d04f0a71,page_view,,2026-03-02 20:52:42,desktop
5111,106,c31dfb91-397a-4433-9b64-8ca71ea0dd2d,purchase,40,2026-05-07 14:12:55,tablet
5112,274,8bab4c1b-904a-4134-8902-8dd7a0d763f0,product_view,65,2026-03-04 02:58:01,desktop
5113,47,d2f18f28-a61b-4c7d-8511-2d7f12ecaf24,product_view,68,2026-05-08 16:43:35,desktop
5114,162,924d4a86-efed-4e52-b9f7-3374e92af09b,product_view,8,2026-07-07 10:39:52,mobile
5115,,af8422cc-484f-4a28-a2d4-7bffa510f7b4,product_view,41,2025-06-16 02:27:06,tablet
5116,289,e9058f29-731d-46ec-a303-2bd49db564b5,product_view,4,2025-11-25 07:03:10,tablet
5117,,7d957e47-aed1-4cec-bcd7-e0eabf817a17,purchase,3,2026-01-15 11:35:53,tablet
5118,154,fae9df3f-585b-4128-8002-c5eb9cd3e931,page_view,,2026-06-29 10:59:42,desktop
5119,276,7aa83419-7479-4994-a2fe-9cb4fcec1791,add_to_cart,57,2026-03-10 20:52:13,desktop
5120,49,7447f8a1-2734-4be8-a609-2042eb5f8944,product_view,54,2026-06-13 03:17:37,mobile
5121,,394d9156-5c31-4125-a123-433f895517ec,product_view,58,2025-08-03 03:58:32,tablet
5122,124,bb2168c4-a318-4a65-896f-e30824f7e239,page_view,,2025-11-11 03:58:21,mobile
5123,134,63719357-f7a5-4f8d-b689-c4c22ca26887,page_view,,2025-06-26 07:20:53,mobile
5124,265,290a8303-e1c6-47c2-81d8-93a5ffc7aba2,page_view,,2025-07-05 10:31:16,desktop
5125,256,6e8649f1-055c-42ad-bd71-017f5e3a5dad,page_view,,2025-04-15 13:57:08,mobile
5126,239,0ae4e096-24dc-4ee5-8cc3-78c3ce3200af,page_view,,2025-08-01 12:07:19,mobile
5127,145,e13ae6f4-b5ef-418b-a90e-1a7e75be1ba7,product_view,66,2026-02-26 07:19:26,mobile
5128,29,fccc1a7d-3a1b-4a9c-9a07-f08e8a9fa5a1,page_view,,2025-04-13 16:55:05,desktop
5129,18,a0624c48-d713-4c2e-a001-965b66f89b87,page_view,,2025-03-18 01:37:08,desktop
5130,,67e2020e-f11f-4e97-b546-1a1c5a5a5dac,product_view,63,2026-02-02 08:27:43,desktop
5131,107,75e8abfe-6af0-4106-a235-09a86bcfdfa4,page_view,,2026-03-02 00:04:29,mobile
5132,193,f3cecaaf-71a2-46c1-b3ca-b4e3bbc3553b,purchase,27,2025-09-09 13:20:56,desktop
5133,207,567a25f8-5d12-490e-b6a9-0f786370fda9,product_view,76,2026-07-15 18:02:02,mobile
5134,170,2213cdad-661d-4354-aa55-e9af537574b0,page_view,,2026-01-04 03:12:32,desktop
5135,117,3efa528c-34b6-49da-87a9-efafb92ab1b7,purchase,13,2026-05-02 04:45:31,tablet
5136,,9181c8a2-30e3-4645-b66c-4a03378aa526,page_view,,2026-06-04 13:19:13,mobile
5137,160,bab3d9a3-dfa4-46da-b2b0-74a331d16ea8,product_view,22,2026-02-02 01:52:02,tablet
5138,73,5d08c254-9e6e-4c9c-88bc-7784a8c99656,add_to_cart,32,2025-12-08 10:27:37,tablet
5139,87,dcc8c801-8c57-4243-b69f-ce1ae67d9f00,page_view,,2025-11-24 13:06:51,mobile
5140,,5ff3fbbf-6880-434f-8ac5-a4c6c393f806,page_view,,2025-03-20 04:13:14,mobile
5141,3,64907a63-36a8-453d-8e90-ee87a4dd2fe1,page_view,,2026-06-28 22:00:08,mobile
5142,85,8af6d268-1bd0-4f9b-b861-2769242e4cff,page_view,,2025-02-22 18:26:38,desktop
5143,,e798d9bf-4ce1-4a16-b3cb-3b3fa6f90864,page_view,,2026-07-30 08:12:32,mobile
5144,184,debf96d3-c64a-48bf-b4aa-e84ad5382419,page_view,,2026-06-06 13:29:39,tablet
5145,270,330c8461-0d06-4891-a980-8e3c9fa3fe4b,add_to_cart,72,2025-09-24 07:38:31,tablet
5146,225,e3d21a33-8d3b-41df-9672-67353798fc80,page_view,,2026-02-03 21:06:41,tablet
5147,,efe739dd-6260-4cbe-a8de-eb1c281ec259,add_to_cart,47,2026-05-16 07:35:28,mobile
5148,2,f1758208-2e29-4386-ae89-6265847aefa5,product_view,17,2026-02-20 22:55:31,desktop
5149,,34da1f50-b1a7-4e09-861a-1396716728ee,product_view,2,2025-11-08 09:10:12,desktop
5150,190,2c1e86bb-aac0-46bd-9140-a95d62cef959,page_view,,2026-04-11 11:27:19,mobile
5151,201,ae3dc742-bef8-404b-bbcf-57d745f84c5d,page_view,,2025-11-27 18:46:50,tablet
5152,20,a4282ec4-27e6-487b-84ec-ea3290389f81,product_view,42,2026-07-02 14:27:03,tablet
5153,69,cd03a402-c827-47c0-9337-bb3466e1608e,page_view,,2025-06-23 10:32:21,mobile
5154,,510588a9-694a-48b3-a693-2d9532a3a8fb,page_view,,2025-03-04 14:32:16,mobile
5155,294,bd0c1656-de37-4877-bee6-187277f4d7f9,page_view,,2025-02-08 15:38:26,tablet
5156,52,7c976337-ee66-4fd2-833b-14ed216c0ed0,product_view,32,2026-01-26 08:49:02,desktop
5157,47,c36db2ec-eeda-49bc-9c40-6cbe50f370af,add_to_cart,19,2025-02-20 05:36:23,tablet
5158,69,a0ca381c-bc3d-468a-87d4-9f499cc15301,add_to_cart,28,2025-06-11 20:09:44,desktop
5159,62,18d939eb-ad1a-4fd5-8909-8704e03c119a,page_view,,2025-05-15 23:09:23,desktop
5160,153,057eccfa-15f3-4747-90bb-5ed3c9765bdf,page_view,,2025-09-25 21:38:58,mobile
5161,,de952d1d-dcbc-4e3f-ab90-60cb02381c49,page_view,,2025-06-02 08:25:35,tablet
5162,,1706c3cd-da44-4dee-94dd-bff40d81339d,product_view,2,2025-01-28 03:30:49,mobile
5163,,5b5073c7-e6dc-4c76-ae7a-e3bb50340715,product_view,78,2025-06-25 19:49:38,tablet
5164,136,f53ca48b-268d-49f4-be5b-8a9233f8457c,product_view,43,2025-03-04 23:19:37,tablet
5165,291,10e6e383-d736-450e-8ebc-5f603687f1e1,page_view,,2025-08-27 12:13:14,mobile
5166,166,50c49c2b-e8c4-41fc-9f8c-1c815ce9a3d3,purchase,15,2026-05-12 14:57:30,mobile
5167,266,72557e4e-d408-4cd1-a78e-4df0955ce1d2,page_view,,2026-05-15 13:41:03,desktop
5168,,2cdb1625-b41f-4721-96af-d9ce799f52c0,add_to_cart,77,2026-04-11 16:41:19,tablet
5169,111,cd65e328-19fb-4ed2-8da1-2b024a2c7830,page_view,,2025-10-09 00:07:35,tablet
5170,,e16c77ac-e69b-425c-a8e9-772b8fd7dced,product_view,6,2025-02-25 14:16:34,mobile
5171,122,1e521d48-6a49-4f0b-a9cb-31b126ea945e,page_view,,2025-05-12 17:39:50,mobile
5172,172,68e0c800-9e48-4e45-a904-ee42884526f5,page_view,,2025-06-17 15:20:33,mobile
5173,102,a0f155fb-8d64-4c21-8fc9-3778288510d1,page_view,,2025-05-30 10:36:44,desktop
5174,280,47fefddb-fbb9-4f21-b32a-322878359656,product_view,58,2026-04-11 07:07:02,tablet
5175,94,3fd8027f-e755-4655-9916-2e44b0a17621,product_view,25,2026-05-30 05:41:13,mobile
5176,86,f205da82-a9f3-431b-9d05-3081f9e34f60,product_view,22,2025-07-10 05:50:52,tablet
5177,101,18d98279-71e5-48a4-a8c0-563d258a9c6b,product_view,11,2025-07-21 18:12:29,desktop
5178,,e156df17-22b6-495e-8a14-b309c173d1d9,page_view,,2025-12-12 21:53:45,mobile
5179,249,7a14cf98-611e-4047-b90a-474e6185e21b,product_view,75,2025-10-26 01:32:33,tablet
5180,143,960f96d9-051b-4698-8463-299a2ba321ef,page_view,,2025-06-25 11:20:28,desktop
5181,95,5cc53673-d165-4869-bcde-b1c8b028bafc,product_view,20,2025-09-15 13:27:34,desktop
5182,14,9268b5df-95bb-4e09-b0e1-3734ee523a03,product_view,73,2025-08-14 20:56:43,tablet
5183,179,05155381-e4dc-4680-b284-71562e8ca6bf,page_view,,2026-03-01 05:41:22,tablet
5184,97,abf89388-f254-450e-bde4-71bff8655d61,page_view,,2026-04-16 10:08:01,mobile
5185,101,56fb9a22-e2b6-4f5d-9805-2a559118b0e6,add_to_cart,71,2025-08-28 07:32:41,tablet
5186,261,5eb63bc5-e2f1-4e16-95c3-3faefce176a1,product_view,75,2026-01-09 22:43:27,mobile
5187,12,9fc08086-228b-468a-ad5f-4dd311a2c64d,page_view,,2025-02-03 21:05:30,tablet
5188,175,eab10bcf-64c4-4063-ad68-53c64cd3a6a4,product_view,47,2026-08-08 12:34:54,mobile
5189,95,ef5e0d74-fe2e-4c0f-9c68-a6142644b6f9,page_view,,2026-05-04 04:42:02,mobile
5190,,32773b28-ab3d-48ac-b5dd-b7d2ca7cd927,product_view,25,2025-01-15 00:12:24,desktop
5191,,4ad76a0d-5219-4d62-a25c-6c5cf629c955,page_view,,2025-03-13 20:17:59,desktop
5192,156,c95d2093-f2e2-4d2f-8af3-c094b61ed8af,product_view,39,2026-02-08 16:36:58,desktop
5193,180,fbcb4db6-9a51-4c62-9ace-65501544409d,page_view,,2025-04-11 09:47:22,tablet
5194,188,9f325c4c-0415-4961-bea7-ededcca0152e,purchase,49,2026-01-07 01:30:18,tablet
5195,196,fde02b7a-6af0-4bbd-971f-640de41bb3b9,product_view,18,2026-04-15 00:01:28,tablet
5196,,40b1fb20-d9eb-4495-9d7e-cb5f2b4786c5,add_to_cart,48,2025-09-28 22:47:18,mobile
5197,32,fb66bcaf-47be-40eb-836f-ad3831286dc8,add_to_cart,48,2025-12-30 14:56:42,mobile
5198,37,060072c3-ea7a-409e-a77e-e2a9853b0173,page_view,,2026-02-22 16:13:38,desktop
5199,260,2ab8c610-e7e3-49b8-918d-a4887d5704df,page_view,,2026-08-07 09:39:34,mobile
5200,292,b354f19d-3d22-4110-a63f-69ea0d5098fc,page_view,,2026-05-11 01:17:20,mobile
5201,137,ff03f1a9-72ed-457b-835b-66254e7fb47f,page_view,,2025-10-23 11:49:46,mobile
5202,80,45d89da6-0a5b-4eb2-9667-91896ed5ca30,page_view,,2025-11-24 09:51:15,tablet
5203,72,a81d0ecf-c27f-469e-bebe-a834bfffd800,purchase,9,2025-10-30 08:02:01,desktop
5204,107,553a2bad-148a-4202-a8cf-20c875453946,product_view,45,2025-06-02 09:42:09,mobile
5205,23,df3e03c2-2172-44cf-8808-1d218d204cf6,product_view,43,2026-02-26 19:25:26,mobile
5206,16,02bbc915-9fc9-453a-ad32-1036fa6e8103,product_view,47,2025-09-04 02:50:27,tablet
5207,84,4d7e6eeb-04eb-4694-92da-e5a7bc11733c,purchase,21,2026-02-16 10:02:08,tablet
5208,225,7859d906-e78f-480a-b31b-c38a6173a99e,product_view,8,2026-03-22 15:57:31,tablet
5209,196,b1fe69b8-0936-412c-a36d-feba6148ca39,page_view,,2025-06-17 18:25:56,desktop
5210,120,60094db3-b265-493e-8531-4fd0ac01e53d,page_view,,2025-01-31 16:45:19,tablet
5211,,8338b815-cd9a-4a65-9de6-346755ec2b78,page_view,,2025-03-12 01:20:05,mobile
5212,,6cacf6d9-c8bc-4c88-be60-0c12da8746db,purchase,38,2026-06-21 00:20:14,desktop
5213,153,21e10ae8-5795-4ee7-b510-561a683def14,purchase,14,2025-04-26 18:32:30,desktop
5214,11,42f76d43-b818-4f1c-98a3-2011f1624df9,page_view,,2025-09-20 21:16:08,mobile
5215,32,4819a23a-7d23-4d9a-b162-1e958d68f317,page_view,,2025-07-16 02:35:56,tablet
5216,151,732af4e8-e9d1-4994-9553-8cc94444a6bd,add_to_cart,23,2025-02-01 10:18:43,tablet
5217,9,ce339ee0-15b5-4510-abfb-9abfeb34e953,product_view,54,2025-10-24 02:03:38,desktop
5218,,dc89e59a-5190-4e93-a9d0-c2ecaa8d904c,page_view,,2026-04-15 01:27:36,tablet
5219,106,05e3d107-1d0f-4e16-a554-674f8240252d,page_view,,2025-12-23 13:29:18,mobile
5220,187,c316959c-ce64-4ebe-a0e7-118acf8da52b,product_view,66,2026-04-12 20:00:41,desktop
5221,,2d56e616-130c-465b-be32-b1b41b679a64,page_view,,2026-03-17 16:11:50,desktop
5222,137,92689d81-276c-4202-90a1-2a0b5f96600d,page_view,,2026-06-19 08:17:57,desktop
5223,171,165effd1-c764-4651-bca8-72f2cd2c4a30,page_view,,2026-08-04 12:47:09,mobile
5224,68,b91d8c4c-0278-4c40-934e-2bd9dd1ad072,purchase,61,2025-02-22 05:40:57,mobile
5225,118,57549c43-ce96-4698-bc8b-7eb7037146f7,product_view,15,2025-04-18 12:11:43,mobile
5226,,12049b0a-9e11-471c-a8ae-6b4bdec2c775,add_to_cart,56,2025-06-28 17:08:39,mobile
5227,190,f7347784-a049-4164-952f-6d1127ff97ca,product_view,34,2025-04-25 01:18:07,desktop
5228,,a189682b-75f4-4056-b817-93a1df10c0ab,add_to_cart,42,2025-01-11 23:00:11,desktop
5229,256,aa3961be-c93f-4c2c-94b5-e773df973c95,page_view,,2025-11-22 12:39:41,mobile
5230,,0e60ec16-1f39-49f9-9cd1-126b1b17dab8,product_view,64,2025-07-24 18:10:39,mobile
5231,,eb0230a0-3313-4402-a382-d280b44304e9,page_view,,2025-05-29 11:43:13,tablet
5232,,2f81d4b2-14c6-4d19-ad33-29b7befe0e22,product_view,40,2025-11-25 06:26:13,desktop
5233,281,17722cf0-f38e-4bc3-b7df-852c1779e7d0,product_view,5,2026-03-15 21:35:23,mobile
5234,118,af838c06-caa5-422a-aed7-149f00fbbb90,add_to_cart,53,2025-02-09 03:36:33,tablet
5235,,b78bf29d-0ccc-45c6-b5d0-ea433baada26,purchase,79,2026-08-12 08:38:56,mobile
5236,51,a01d9aeb-5206-4f1c-a30b-f0db1454578f,purchase,35,2025-03-02 00:56:13,tablet
5237,259,d14b049b-79de-46cb-b150-c32387826633,page_view,,2026-04-08 04:01:36,tablet
5238,,7ecc0177-fce8-43f0-b54f-0f8a32823c8a,product_view,24,2026-06-13 18:57:40,desktop
5239,157,781e2d35-2fa1-42bc-b4ce-5f319aff48af,product_view,43,2025-09-21 22:40:08,mobile
5240,136,9780fe9b-ad18-4723-bb47-d3a449be8766,product_view,39,2025-12-05 01:36:00,mobile
5241,134,7148c007-0faf-46b4-9c63-df5edd712dc5,product_view,62,2025-09-06 19:23:21,tablet
5242,202,145deec7-019d-412d-81f1-0d042f576e77,add_to_cart,36,2026-07-16 02:16:38,mobile
5243,,43651cb8-329d-4f9e-b964-8a0f2d0490a7,page_view,,2025-06-25 20:35:24,tablet
5244,240,934fa5c8-8ac0-48d3-a0d0-2f5a24d6281f,page_view,,2025-10-05 06:52:55,mobile
5245,253,1fbf23bb-b331-49f5-b078-f3d0f9046be7,product_view,80,2026-06-14 08:30:15,tablet
5246,235,302dc72b-1366-4d76-82fc-93d9b3ef29d7,product_view,2,2026-05-21 00:06:39,tablet
5247,69,c19bf990-5247-4092-993e-eb082fe26180,page_view,,2025-02-25 18:19:30,tablet
5248,184,6508f5c4-2994-4775-ba4b-90e3fdf26daf,page_view,,2025-08-13 06:57:14,tablet
5249,182,4bf5cf0e-97a1-42a2-9606-be66a2a2d1a6,product_view,23,2025-02-26 20:27:32,mobile
5250,222,a3fe085b-81b4-4b37-a98b-4ff499ff70c6,page_view,,2026-02-01 23:24:30,mobile
5251,,403e3ee2-6d30-41b9-b7df-c57149102c10,page_view,,2025-06-04 21:28:04,desktop
5252,72,3da325e2-bc46-40bd-9842-20f1d3105f4f,page_view,,2026-02-15 02:06:35,tablet
5253,215,e3fb7b87-a7a3-4c7a-81c9-a46487d22e31,purchase,55,2025-04-24 03:11:00,mobile
5254,1,480d0cf3-406d-4351-aefb-e3b3f7d7f5c0,product_view,80,2025-01-28 20:40:47,mobile
5255,245,0fc64cf0-108d-4f04-a948-9bdac1199d43,page_view,,2026-05-11 07:52:37,desktop
5256,,e716eb38-581f-43df-be71-bda810128b96,product_view,30,2025-07-31 07:57:24,tablet
5257,178,c172494f-9eae-4feb-8f76-a282bba04391,page_view,,2026-02-05 14:43:25,tablet
5258,220,ac8d8f32-1477-4569-ae1a-b11ad1550475,page_view,,2025-12-15 12:53:48,mobile
5259,14,722899a2-b752-4753-a60d-400fc3b1ef08,product_view,44,2025-02-19 22:09:06,mobile
5260,23,acac1b18-be88-44ab-ba27-a8f803125cdd,page_view,,2025-07-11 13:07:58,mobile
5261,259,c5798f5d-9690-40b0-9182-88dd16965a15,add_to_cart,45,2026-01-15 15:41:42,desktop
5262,40,b2b51b60-5c89-406e-aa1b-248fea94d306,product_view,37,2025-03-11 04:37:00,desktop
5263,34,f5946de4-ad9e-492f-9b02-7f54ae5b4ff8,page_view,,2026-01-16 00:28:04,tablet
5264,,ba266e87-432f-474f-91b7-2a5c10dd6f06,product_view,75,2025-02-13 16:01:40,desktop
5265,,5bad4331-7366-4606-91ae-2d48d6f83aa7,page_view,,2026-06-01 03:59:20,tablet
5266,159,5ed560c3-7afe-417e-8f9b-6d33be00565d,product_view,69,2025-08-04 15:02:20,desktop
5267,8,7d34d5ec-c36f-4008-8cdc-ffaf7fec01d8,page_view,,2025-04-06 16:22:51,desktop
5268,48,beb64fd8-ffc4-495b-8bc1-35a9503fe053,purchase,62,2026-03-22 15:58:45,desktop
5269,21,2ba95b90-9654-45e4-ba65-860330b6857a,page_view,,2026-05-21 12:20:32,tablet
5270,54,68e438e0-5a57-4306-b0dc-80e80aee5a68,page_view,,2026-04-02 12:54:13,tablet
5271,68,5309c42a-762e-4da3-a146-04df77069f94,add_to_cart,80,2025-11-26 01:54:33,tablet
5272,287,f1f97ce9-d8b3-44a4-8bd7-25f2ec66f55e,page_view,,2025-07-22 21:14:06,mobile
5273,254,de61f70d-76b0-4d9f-a73a-d8cbf8e7158b,page_view,,2026-03-16 16:05:47,desktop
5274,242,27165ab6-73c1-4557-b6e2-6e93e62abbfe,purchase,27,2025-11-29 02:43:51,desktop
5275,253,62b45550-c024-4e61-bce4-570b245f8b4a,page_view,,2025-05-20 18:04:33,mobile
5276,88,df94a2f8-0644-4f36-b31b-38886b6ab820,page_view,,2026-07-13 01:37:47,tablet
5277,,61a73056-5114-4a97-89cb-c14823b1d124,product_view,12,2025-01-03 04:12:41,mobile
5278,74,263e0670-a1d7-4730-9ec8-bcbbfd610d09,add_to_cart,1,2026-05-30 05:32:32,mobile
5279,50,6f339c5e-0392-4cfa-9d9f-2c8c6640464a,add_to_cart,52,2025-01-10 21:44:46,tablet
5280,296,e7c5d314-a969-44fc-9141-70c1ca978f1d,product_view,63,2026-06-17 19:28:13,desktop
5281,,f22fdeb8-97ca-4ad1-a6aa-78092c3b4e9c,page_view,,2025-03-28 20:28:48,mobile
5282,203,043217e4-1847-4750-b78c-e7b72f14b369,page_view,,2025-09-30 21:49:01,mobile
5283,148,45590d60-265f-45c1-b8e7-e190642bb07d,product_view,52,2025-03-18 15:48:27,tablet
5284,,7f5085e7-058c-4d44-b2a0-2b53565a4a42,product_view,60,2026-03-31 04:48:52,desktop
5285,,d46c5776-4db3-4044-a887-6b7f64694f53,page_view,,2025-02-08 06:10:00,tablet
5286,93,47155ad3-8ca0-4d2a-9a93-98e6f487b599,product_view,39,2026-02-27 12:57:02,tablet
5287,73,9b58e20a-7c8d-4aef-b0a0-4e0b3a4d1f57,add_to_cart,68,2025-11-21 13:56:48,tablet
5288,206,6f6335bf-6ecf-4ab4-bfc7-6f6ab9465130,add_to_cart,80,2026-08-13 07:54:31,mobile
5289,231,7cc27448-28ea-4192-9a02-4444f28446fa,purchase,46,2025-07-14 22:04:53,mobile
5290,91,5a766ac4-0f4c-4562-aa71-295cf816ee8a,page_view,,2025-10-29 20:15:36,desktop
5291,156,f3f48d53-1120-41b7-9b23-91f0f620e4c0,page_view,,2025-08-18 08:10:37,tablet
5292,226,9b99f012-7a09-471c-b4bd-feed52c2a44b,add_to_cart,49,2025-02-07 22:35:27,mobile
5293,225,84cda1d2-3c32-42ee-a437-e3804a10ff5a,page_view,,2026-04-25 21:56:56,desktop
5294,111,37663e35-cdba-4cac-be85-f617f17e993d,page_view,,2025-08-12 23:48:31,desktop
5295,,f4f48fdc-0351-4800-bd91-dbcc6a959ce2,product_view,2,2025-06-12 10:23:42,tablet
5296,,56ad3649-289a-4abc-a1aa-8c494ed9974f,product_view,44,2025-06-10 07:22:43,desktop
5297,41,9e54b7bf-af1e-4596-8f84-4346a165c37d,page_view,,2025-06-13 04:03:16,desktop
5298,3,995fa798-1f31-43fa-9c93-92456dd2c683,add_to_cart,78,2026-02-23 01:36:36,mobile
5299,,57522610-482a-48ff-8796-45b8212232df,purchase,55,2025-11-21 18:24:39,tablet
5300,82,b0427c62-ce9f-4278-9f94-2c43b989a884,product_view,17,2026-01-14 15:20:52,desktop
5301,296,90b950bb-5e9b-4a6c-a0cd-5bb8dd357f0d,page_view,,2025-12-04 09:07:19,tablet
5302,22,0488a0e8-1028-45b4-b938-ce7ff86e2588,product_view,39,2025-10-29 22:47:31,desktop
5303,,3f010e25-6ac0-4ccb-9eb8-e0db7273b7af,page_view,,2026-08-12 20:02:39,desktop
5304,,b0333c0d-5381-4235-b1cf-c83f359ee84a,add_to_cart,26,2025-09-17 13:43:35,desktop
5305,12,e70dc8b8-df33-4eb0-a8ff-561f3bc29d89,product_view,33,2025-10-29 22:06:21,tablet
5306,23,e6defc16-ea6d-4cb6-a245-65d450026d68,page_view,,2026-02-19 12:02:30,mobile
5307,,47d0e6ee-c96c-4090-b9e7-6f99f8f79639,product_view,29,2025-03-20 12:32:41,tablet
5308,12,cb37a85d-93c4-4d32-973b-df7a8e14338e,product_view,60,2025-04-17 22:29:58,mobile
5309,270,e6e005dd-31c2-4ddb-b2c5-b9b954c06524,product_view,67,2026-03-12 00:49:58,mobile
5310,264,c8169e32-5263-4195-b729-4c21208bc725,product_view,29,2025-09-02 10:05:26,desktop
5311,,e950419d-f89c-491d-9280-9c97a1f76e1c,product_view,20,2025-09-15 12:38:10,desktop
5312,261,9c00cb52-97c4-4530-b546-5c933a9af0b6,page_view,,2026-05-24 20:23:29,tablet
5313,,3fc4f4d0-d1d5-4a53-9035-dd193cad3401,product_view,40,2025-05-29 12:44:42,mobile
5314,158,e3fb8c1d-7841-43dd-9034-4c867d14190d,page_view,,2025-05-17 01:40:06,mobile
5315,31,e17766b1-82ce-4e0c-903e-eaf204f73882,product_view,8,2026-03-30 18:30:32,desktop
5316,171,25fa9f8d-c00c-4ab9-a257-37cf18781ae5,page_view,,2025-02-05 11:40:54,mobile
5317,164,877bfb50-14d0-445b-9257-fa5d9fa4b54f,product_view,50,2025-03-03 23:44:59,mobile
5318,232,e6829d8f-9a43-4a95-b672-cdbe7dae4677,page_view,,2026-02-03 02:28:27,desktop
5319,,ba52dbf2-f551-4cd0-b278-0c3be412b716,page_view,,2025-10-15 03:04:40,desktop
5320,48,63bb48b6-7311-41a7-9122-06a244190e59,add_to_cart,29,2025-06-03 22:25:16,desktop
5321,33,c51b2922-ca91-4df7-b174-5b78c705dd1e,product_view,66,2025-06-10 09:37:38,tablet
5322,155,5d20d8de-24a1-4c7f-b63f-93f646b5b8f6,product_view,10,2026-03-31 19:12:19,mobile
5323,186,79477aa8-0f1c-4455-871b-3b67d907a314,product_view,61,2025-07-27 02:11:27,desktop
5324,,00c818ba-a210-4d25-b92c-5f423f203c22,add_to_cart,51,2025-01-31 02:54:49,desktop
5325,45,9ee31563-d328-40c7-9b2d-e07e53c45254,product_view,40,2025-01-27 02:11:29,mobile
5326,80,c89f884f-2568-421b-8fd7-3af97b8899f9,page_view,,2026-06-08 07:21:50,tablet
5327,219,7c152622-51ed-4b85-b4e8-2b6c45d3708a,add_to_cart,58,2026-06-17 09:04:50,tablet
5328,286,e21a47b9-9ad2-4609-906d-5518fc3b9c08,product_view,62,2026-01-27 11:57:35,desktop
5329,,cf8be8bd-d2fa-4b0a-b337-05f9894b9f90,page_view,,2026-04-28 04:25:13,desktop
5330,99,ec78342e-f52d-42cc-b02d-8d1fa555dfa1,product_view,1,2025-05-11 19:21:31,tablet
5331,215,4badb973-1ed0-4243-9ae6-9d9798fb7955,add_to_cart,56,2025-12-17 06:35:02,tablet
5332,193,e28065d7-bc49-4467-8f81-0db2bbc1686b,product_view,50,2025-07-03 16:32:22,desktop
5333,175,810e9d40-cc81-45da-8604-3d4131e7ca38,product_view,34,2025-01-15 08:31:58,desktop
5334,262,60421eb5-ca6b-4ccd-bf8b-c509484f0da6,add_to_cart,74,2025-09-10 22:01:45,desktop
5335,184,da4a9d0b-d18e-431b-b35d-8adb6c4928d4,page_view,,2026-02-13 23:54:35,desktop
5336,87,34491318-42d0-4a0b-8c55-542d02cb42d1,page_view,,2025-02-20 21:03:29,desktop
5337,170,0760d408-0678-4e13-8bcd-6e4d24e11716,page_view,,2025-09-24 18:01:04,desktop
5338,103,6be26493-c32a-4b1b-a4dc-6a67a6d18c91,product_view,2,2025-03-11 20:28:08,tablet
5339,198,c69aa024-7706-4602-9e5e-a4cd1426512f,add_to_cart,78,2025-06-18 16:14:54,mobile
5340,123,7259f45b-25ca-447f-be33-ebd7e8e91639,product_view,43,2025-05-31 18:54:47,desktop
5341,,282fbcce-8e25-4e3d-a1cc-06e5a03a5196,add_to_cart,67,2025-08-27 09:52:55,tablet
5342,137,506801b9-c22a-499a-b1b3-1c9198063af9,page_view,,2025-05-15 21:13:35,tablet
5343,239,74b8b222-4607-41e5-afd8-dfa91b952ae5,add_to_cart,31,2026-07-17 11:34:30,desktop
5344,91,9b465e04-b4cf-4cd7-b2a1-c14d46a49f8d,add_to_cart,8,2025-06-09 22:24:07,desktop
5345,275,96239346-29b3-42d3-88e6-36b5740da9d6,add_to_cart,39,2026-03-11 18:46:15,tablet
5346,286,04573e35-f4c3-459b-92a3-43b820e7b6ef,product_view,6,2026-07-07 16:26:03,desktop
5347,,5397ff39-de24-4ec5-8d6b-a0191fb8e3c2,add_to_cart,33,2025-06-28 17:45:15,mobile
5348,239,2449ea0f-5e6b-4e56-ba23-53358d759038,page_view,,2025-12-26 16:13:03,tablet
5349,246,6001e75d-b872-4503-94f1-211050b57397,add_to_cart,69,2025-03-29 12:25:45,desktop
5350,,6f2ba37e-a0fe-451e-8684-e4388cd5219a,add_to_cart,21,2025-03-08 17:47:46,mobile
5351,243,2d914e29-6541-4574-92ea-13b8a575c5c7,add_to_cart,31,2026-06-25 18:01:52,mobile
5352,,c2b2315d-d608-46ac-9cf2-f216539cbe4f,page_view,,2025-08-09 02:44:38,tablet
5353,61,52f2978f-486c-480b-a4c4-582908d73827,page_view,,2026-03-02 04:22:46,desktop
5354,,0a14e77e-918b-4860-81a9-6b3b90cc44af,product_view,51,2026-07-13 19:01:54,tablet
5355,221,b907e44b-0e4c-4983-82ff-51e0e21d4d53,product_view,51,2025-06-26 02:46:01,tablet
5356,,7f2632df-21c2-4510-b6b2-b13cb79f0581,page_view,,2026-08-07 22:54:26,tablet
5357,,23d13c7f-1161-4b5e-ad4c-8325105a4d40,page_view,,2026-02-19 23:44:52,tablet
5358,22,29d36291-85d4-42c1-9a2d-445326cd4979,purchase,59,2025-04-15 14:17:15,desktop
5359,,17841919-3c29-49ed-b6bf-1f51f0abe316,page_view,,2026-08-08 13:04:55,desktop
5360,171,5b69a9a8-f8e9-4d27-9c3d-bae4c1315e84,product_view,48,2025-06-26 07:00:02,desktop
5361,258,57f46801-69a2-4466-94c6-d16d569186b9,page_view,,2025-01-27 22:34:54,mobile
5362,36,668b179f-7e11-43ab-91cf-c46bc037c059,page_view,,2026-03-29 08:42:29,desktop
5363,66,6a961ac0-8651-42a6-8fe9-17808b8c6b6e,purchase,62,2025-04-09 02:23:03,desktop
5364,266,b1d06d8a-655f-4c8c-8a2b-a8f5a44e3b1c,purchase,24,2025-03-09 20:17:35,mobile
5365,171,16e7bff3-d2a6-4853-8c50-1e6e27ad082f,page_view,,2025-04-05 21:58:43,mobile
5366,14,28b82fa1-72d0-4649-b50e-a2b2d07a2b58,page_view,,2026-04-29 23:46:50,desktop
5367,102,de60d544-e953-4b87-8344-819d1d80f7cd,add_to_cart,15,2025-08-03 03:32:19,desktop
5368,153,0e77b689-3d40-4ee0-ba36-a26d42c0d1c2,page_view,,2026-07-21 07:09:08,mobile
5369,152,06339f7f-8ec4-4aab-aefb-4b37a50ee5e7,page_view,,2025-11-27 00:17:43,mobile
5370,126,b281738e-d7c7-48e6-a495-430e0d6f885a,page_view,,2025-06-29 03:13:25,mobile
5371,,0acc09da-0ada-434b-ba8b-a3cf39bbab8a,page_view,,2025-11-04 14:41:27,desktop
5372,36,f330f931-3b8f-49d7-822e-dfc438107177,page_view,,2026-01-02 20:47:01,desktop
5373,120,233e8b97-ded7-4bb9-b454-ef982712cefe,page_view,,2026-05-07 00:04:04,desktop
5374,65,6334db06-52ac-4e30-91c8-10ef802643c4,page_view,,2025-07-20 06:47:39,mobile
5375,,6553b96b-ab96-4b35-a263-7d77c186cbce,page_view,,2025-08-10 12:00:21,desktop
5376,99,4a25cec8-c3fa-463d-829f-8b3904edf187,add_to_cart,61,2026-06-07 18:46:22,tablet
5377,118,b6f957dc-ab6d-49ab-8604-f4e77e029b3f,page_view,,2026-03-20 08:33:57,desktop
5378,154,1165ed7f-8cce-4653-aa39-6c71b276c469,purchase,40,2025-11-13 21:06:02,tablet
5379,16,0937a982-96f4-4688-b33b-5a5d0a45f604,product_view,25,2025-05-16 15:01:08,desktop
5380,290,7dd0a74b-952e-453e-bac0-e784357650f9,page_view,,2025-01-28 13:43:35,tablet
5381,141,14a3ffe6-b3aa-4060-9971-116a01d4bcf6,page_view,,2026-08-18 10:43:24,mobile
5382,72,8257909d-5e3c-4f18-a1b3-9d6494e2a33d,add_to_cart,12,2025-06-29 09:41:51,desktop
5383,109,65adafab-2a07-458d-943b-bf74e609456a,product_view,44,2025-02-21 15:41:14,tablet
5384,278,01e1af8f-8946-4e5b-a6fa-3d5c3678a41a,add_to_cart,8,2026-08-13 21:04:54,tablet
5385,246,9f6f4967-be87-4c4f-a0af-9f67ea4a973e,page_view,,2025-05-02 03:26:13,mobile
5386,111,5fd229bc-8e67-4bc8-8401-6c6f480af459,product_view,76,2026-06-02 06:59:21,tablet
5387,21,d5b6eac1-28ec-4d72-a36f-7abf82c901df,page_view,,2025-01-03 13:22:55,tablet
5388,153,419b7333-9b8c-431b-8111-61a7339b2275,product_view,55,2025-03-22 15:49:20,tablet
5389,32,e5de9e28-53ba-440f-b21e-246255a0db97,product_view,50,2026-06-10 01:15:13,mobile
5390,,a684b83b-1e81-4599-a483-8f5b42a5c37c,product_view,4,2025-01-07 11:53:45,tablet
5391,139,720f2288-0760-4502-b39f-51c3490ec6f3,add_to_cart,67,2025-01-18 02:53:06,tablet
5392,61,abfe1fb5-a6c2-4716-b7bd-77509a7650dd,add_to_cart,36,2025-08-05 08:44:49,desktop
5393,,346003a3-67db-4a91-851f-cfef8305a8cb,page_view,,2025-09-26 07:08:14,mobile
5394,,63300ee1-0aaa-4c51-9cd9-7b172f51270f,add_to_cart,16,2025-12-19 09:41:13,tablet
5395,67,eede901c-be29-44f8-9b52-a1e6cdfc9ce7,product_view,61,2025-04-21 21:42:40,desktop
5396,25,c27f9590-333c-4c30-b4a1-1999dfcdd21a,product_view,9,2025-08-29 13:48:32,desktop
5397,,4c71b0d5-bf4d-493d-bc57-003e91f91586,product_view,41,2026-08-06 04:41:26,mobile
5398,189,36df253c-ac98-4942-b093-71b5d53ae164,purchase,39,2026-07-10 23:06:02,mobile
5399,13,4da9b236-d15f-4acd-97df-c472e2fba2a1,add_to_cart,4,2025-03-18 15:18:41,tablet
5400,,a5d83148-0deb-483b-b6ba-45725c667438,add_to_cart,44,2025-08-10 15:09:32,mobile
5401,150,e3e492f3-911c-4bb8-bad4-d4c4a0493ed9,page_view,,2025-11-03 13:14:59,tablet
5402,101,37809a0a-4098-4e31-97f3-b054e266c16f,product_view,78,2026-05-20 07:33:27,mobile
5403,,032a0c06-4f55-458e-8618-93ec82d768c6,add_to_cart,53,2025-02-04 04:14:34,desktop
5404,,dc406c3b-2e50-478b-945f-d39a376788ab,page_view,,2025-01-30 13:03:50,mobile
5405,,f2612977-7fe5-4edd-b4d3-87dd557c9198,add_to_cart,56,2025-06-26 11:13:24,tablet
5406,288,53cdc93f-b84f-481c-a379-6fa5b84e203d,product_view,72,2026-07-07 00:38:05,desktop
5407,254,9a106a52-6408-4ac9-bbf6-76af7537e85e,page_view,,2026-02-26 10:03:31,tablet
5408,170,7ddee37d-ebba-4a66-aa4e-4d28c0fce144,page_view,,2025-04-10 14:43:41,tablet
5409,84,490c3442-98c3-4a3d-8f92-8bca7aecc953,product_view,5,2025-12-07 23:15:05,desktop
5410,149,db7be180-aac2-4afb-bc9d-b15bcb8553f6,page_view,,2026-08-03 07:27:30,desktop
5411,,9dca71ef-13e2-438a-bf9e-e7b6f0154f90,page_view,,2025-01-02 08:32:09,tablet
5412,297,da495408-0011-4e30-a268-d92f1b757ed1,page_view,,2026-02-10 14:34:38,desktop
5413,14,db6f3ad4-0cce-4325-9e88-ebab07fcb800,product_view,47,2025-06-08 02:38:23,tablet
5414,171,ee1eedbf-4634-4607-b260-a3ed02dec88f,product_view,49,2026-06-28 01:33:35,desktop
5415,97,61a4cd19-71ef-4e0a-8dae-ac5c00009f1e,product_view,19,2025-01-15 01:11:27,tablet
5416,272,28d42725-f611-40ec-916f-b778ba8f3e6c,product_view,19,2025-12-01 19:39:16,tablet
5417,264,371e7782-5e38-4274-8db4-a7fa18e43d85,add_to_cart,78,2026-07-12 01:38:29,mobile
5418,110,6c5495bf-f88f-4979-b0d7-509da551524c,product_view,27,2025-03-26 05:35:07,mobile
5419,283,137b41c2-5f71-41e1-a05e-ad1cbde9a6a8,add_to_cart,53,2026-08-04 23:23:28,tablet
5420,182,05bba5e4-a754-4837-aae0-6e0147acaec9,page_view,,2025-03-05 16:38:08,desktop
5421,283,e60584a2-08f5-48e7-853b-cc3a4c26fd27,page_view,,2025-07-13 09:19:59,mobile
5422,179,4341fd0e-244f-402b-8d53-280e1ebd55b6,product_view,16,2025-10-08 00:31:08,desktop
5423,,e32a2749-eea7-467f-ae1c-b89a74f935ca,page_view,,2025-04-14 08:50:18,tablet
5424,198,3464fd00-ea21-4067-8cf1-493afbb8704e,page_view,,2025-02-04 00:05:08,mobile
5425,264,be87dbac-a2ff-4996-ab5e-371f1ecd9ed7,add_to_cart,39,2025-04-22 04:55:16,tablet
5426,,07c62bd3-caf2-4c2a-ae8c-51f9f3d21fd2,page_view,,2025-04-17 00:18:20,tablet
5427,167,79fc3831-ee9a-41b5-ae58-d695e15ab8f3,page_view,,2025-12-01 09:03:57,tablet
5428,75,160a56e1-1cd2-4c9f-83ac-0d1b2cb15c02,page_view,,2026-01-05 15:42:19,mobile
5429,52,deaaacaa-748a-489c-bc1c-09a3b98d15a7,purchase,73,2026-07-10 16:13:05,mobile
5430,,8eb4b40e-b1e6-4f11-946c-4404e2edbb63,add_to_cart,79,2025-07-15 04:42:14,mobile
5431,131,b3efbaa9-05c6-4c4d-8523-19ae45ec257f,page_view,,2026-03-18 03:59:24,mobile
5432,,bb3f4297-1033-4eb4-bacf-41f0902fe243,add_to_cart,66,2025-08-28 05:44:10,desktop
5433,20,10ae2dfc-3729-4854-a73e-54e5b119e78c,product_view,44,2025-05-19 14:58:33,mobile
5434,,07a76739-609e-4d33-ad92-abbf65c51c9a,page_view,,2026-02-27 20:31:09,desktop
5435,31,d498736f-6eb7-408b-bf57-2473098364e3,page_view,,2025-03-07 05:59:47,tablet
5436,12,f91070e0-2cce-4cce-a994-a2ca7738381c,page_view,,2026-04-11 21:06:22,desktop
5437,189,0b45cb04-e5bc-49c0-93a6-9684036599fc,product_view,50,2026-04-21 08:56:49,mobile
5438,99,c5001e3e-f59d-4194-9021-7062a8179850,page_view,,2025-11-11 03:37:13,desktop
5439,145,4814e14e-b5bc-4efc-87e4-02c5e05a2a8a,page_view,,2025-06-23 06:22:45,tablet
5440,,cd4c01b3-33e4-4ea9-baaa-f675b807eb46,product_view,78,2025-02-27 11:25:28,mobile
5441,293,459f5497-abd6-4d74-863f-ec11446cc0d6,add_to_cart,2,2025-12-17 22:20:43,desktop
5442,,3c1d10be-3025-47f7-9f3a-d6e8f6939800,add_to_cart,35,2025-06-15 19:06:14,tablet
5443,,007fb3cb-cf73-4afa-b2af-6a55b08e8dd4,product_view,51,2025-06-06 12:03:51,desktop
5444,44,df9f1099-0b4b-46c4-a672-5796feef341b,page_view,,2026-05-29 17:51:25,mobile
5445,63,6f72bca4-db64-4c30-95dc-4812902ea8c3,purchase,48,2026-08-20 02:53:49,desktop
5446,294,7d10257c-b3f4-4487-b3bf-de5f8f16fac0,product_view,11,2026-01-18 12:21:48,desktop
5447,,d9347309-b72f-4d06-bb44-f3d7cabe2348,page_view,,2026-01-01 13:24:01,mobile
5448,132,5d316263-4959-4f6e-8c1b-7e93be162e89,page_view,,2025-11-22 05:07:03,mobile
5449,,74cd4a41-5e07-4fb2-9919-be9116a26e58,page_view,,2026-07-19 11:07:20,mobile
5450,269,29f5010c-8b6a-4c97-b8f4-223bd21a5375,product_view,22,2026-08-04 19:28:09,mobile
5451,12,5f0bb32f-e6dd-4be3-a89a-18fe5f8e74df,add_to_cart,80,2025-03-19 23:25:51,desktop
5452,197,254c5028-8a6f-4508-8d0f-e9b5b9e826d0,page_view,,2025-04-19 23:48:11,tablet
5453,135,58c714f2-a3aa-4839-bc35-bc9a521a21a4,page_view,,2025-11-16 22:45:35,desktop
5454,265,66db005e-9488-4285-ac88-d2576831429e,add_to_cart,32,2025-04-20 10:35:43,desktop
5455,195,58f1a399-fbc7-4e98-b7ad-0afc5f429866,page_view,,2026-01-17 08:16:11,mobile
5456,71,d0713654-25cb-49de-8add-f902c46ea4cd,page_view,,2025-03-08 07:59:44,mobile
5457,,7e984064-e3b1-4fd8-806c-bd3fac334f9c,page_view,,2025-03-09 10:15:21,desktop
5458,158,5c3e82e9-6867-453f-8ad2-1d5dacfb605e,page_view,,2025-10-16 09:02:29,desktop
5459,258,9a26a065-1621-4bd0-ae84-a24bf61d6b9c,product_view,4,2026-01-16 12:13:36,tablet
5460,71,5532a5c2-233c-490a-a280-70d140d1bc31,product_view,62,2026-05-01 00:51:25,tablet
5461,,777028e6-a53d-4350-9bd1-b61cecba63b3,page_view,,2025-11-10 20:30:41,desktop
5462,243,dc9eec0b-8a09-48b4-80f2-b34e7365949b,product_view,67,2026-04-06 06:41:35,desktop
5463,224,0af20a23-e3c6-4f79-aa0e-0060ae2a9c01,product_view,40,2025-03-21 02:19:01,mobile
5464,230,dc160e3d-eb15-4f5b-81a0-578257ec95f3,product_view,38,2026-01-25 16:26:45,mobile
5465,207,994a77f9-2522-4779-a004-1dd5fb932692,page_view,,2026-08-02 14:57:34,tablet
5466,,d4fecf58-a1f8-45a4-8a4b-455957765dc6,page_view,,2025-04-26 03:51:28,tablet
5467,256,cc79eeca-d9e1-4c82-a8d0-4562beaad00d,page_view,,2025-12-31 23:07:10,mobile
5468,,d0f64c6d-fa2b-4ff7-a3b7-aaf692dd8487,page_view,,2025-05-28 17:36:24,mobile
5469,73,b1768686-d31e-46c4-b4b0-258bcad2b7c2,page_view,,2026-01-14 20:45:00,tablet
5470,71,6b4203f7-d2cd-4f44-94ed-228b65773498,page_view,,2026-07-20 03:07:14,desktop
5471,58,805aadb5-fd91-4a63-9ca4-2a3ce177105f,page_view,,2025-03-18 15:42:21,desktop
5472,242,1a93a3f1-8502-46c0-8abf-19038b435eca,page_view,,2025-11-11 15:02:54,tablet
5473,250,ef3bbcb5-4135-44d3-8108-cc5d9351a5da,page_view,,2026-06-24 21:07:07,desktop
5474,57,2a29e752-f139-4895-aa25-a5788cea3275,page_view,,2026-05-21 19:50:54,desktop
5475,,b5b25ed1-af1b-4316-ba0e-681bbd5db7a4,product_view,26,2026-05-22 04:16:32,desktop
5476,265,1dee8ebf-7d3a-467e-95bb-fd22c9a84bdd,page_view,,2025-07-06 14:38:55,desktop
5477,,cc027d43-d622-4179-bb5a-d45d535322bf,page_view,,2025-07-02 11:00:27,desktop
5478,276,651c21fd-efda-449e-8c67-43e15f9209ec,product_view,37,2026-01-21 21:08:41,mobile
5479,144,648e85eb-d1c1-42db-a82a-113285eb4279,product_view,71,2026-05-24 12:36:42,mobile
5480,12,bff49e06-59e3-40f6-93b7-8bab38151095,page_view,,2026-04-16 22:49:51,mobile
5481,,fcea545a-c066-48e4-b013-b8e468729600,purchase,64,2026-06-26 09:23:58,tablet
5482,26,a4d6c76c-a3f5-4c8d-b9ce-fff31b3ec681,page_view,,2026-05-15 09:28:56,tablet
5483,88,b1a63ccf-d597-4a14-a7dc-08577422acb0,page_view,,2025-08-25 16:04:36,tablet
5484,208,b75901d0-3036-481c-80d9-8272e52e1409,page_view,,2025-02-23 10:26:04,desktop
5485,204,f822c3b6-cb28-49c6-a4a7-ad110027112a,add_to_cart,59,2025-04-30 04:21:06,tablet
5486,209,7ec59e55-1b98-467e-8cc8-8dc68127a367,page_view,,2025-06-22 17:49:56,tablet
5487,113,b1e76ab9-127c-42f0-aa74-bb8724f47c35,page_view,,2026-04-02 16:52:51,desktop
5488,225,c17c2577-3de8-4a53-8e7a-7311f33a72c8,purchase,38,2026-01-19 04:33:59,desktop
5489,125,35910434-d342-46c9-8d88-136e67f778de,product_view,14,2026-06-13 18:55:53,mobile
5490,254,f398d16e-18b9-40a2-a364-42e58abe5779,page_view,,2025-10-19 04:24:07,mobile
5491,142,0426fe7b-0604-46dd-b0e5-ce91d082b3b4,product_view,46,2025-12-18 15:57:13,tablet
5492,16,3503ae05-1efe-4e73-8bb8-815707f6008e,product_view,77,2025-03-04 17:20:14,desktop
5493,159,ae34097a-c6ac-41e7-93e1-4d832f8af5db,product_view,48,2025-12-12 07:39:47,mobile
5494,37,73dd8d31-40e1-4b51-9128-58041243161c,product_view,14,2025-09-26 03:47:54,mobile
5495,180,f1e34d6c-6c02-4976-9e73-b307f37590d3,product_view,14,2025-07-07 20:55:27,tablet
5496,196,02b49d26-672b-4fa7-a95d-a34b5b860e79,page_view,,2025-05-11 09:24:20,mobile
5497,176,57d9f647-4cda-4bf4-98f9-bfb4b2a43bf4,add_to_cart,21,2025-12-01 03:48:30,desktop
5498,273,4dc4f59c-355c-4fff-9ffa-7dbe63436870,page_view,,2025-11-25 05:40:48,tablet
5499,80,eb680076-96f5-49cb-9e87-ad6d6db3bda5,add_to_cart,35,2025-08-10 15:56:18,desktop
5500,,97e4e173-9d63-4da6-a29d-c0737a7b029b,product_view,20,2025-01-25 06:43:46,mobile
5501,,fa1d8ded-7dc8-47a2-adda-a3b60ab84fe2,page_view,,2026-03-05 10:39:07,tablet
5502,235,59fbb46d-51d3-449c-bfff-a983081190e9,page_view,,2025-12-15 05:41:37,tablet
5503,,793daf5a-b35c-4601-817a-f0cb07f2422d,add_to_cart,14,2025-10-13 18:41:51,desktop
5504,211,c0bf3b37-623d-4905-8c3e-b36ddc75f4cc,product_view,30,2026-03-26 06:11:53,desktop
5505,,6c362d23-1916-4984-8510-c97a89fd09b5,product_view,21,2025-05-01 20:51:37,desktop
5506,100,e171582b-9ec7-4199-964d-ce39b047824a,add_to_cart,8,2026-01-19 00:02:20,desktop
5507,22,af5235bc-f8ab-43f4-b2f9-ade159debc39,page_view,,2026-08-05 14:08:11,tablet
5508,,61458972-06fe-49ea-bea0-9deb7d84dae5,product_view,43,2026-07-08 18:55:36,desktop
5509,180,c25110f8-7cc9-4b10-b677-fb0609e6614a,page_view,,2026-02-11 09:06:13,tablet
5510,37,408d5212-7991-429a-963a-6695e7e77386,page_view,,2025-01-28 01:12:37,tablet
5511,,3ed1d8f8-153d-4c6b-9790-834b8b3236d6,product_view,49,2026-05-19 14:42:21,tablet
5512,,a19ccc9a-b732-4e2b-94a4-2bf0b96a5305,page_view,,2026-02-26 05:14:05,mobile
5513,50,613dec3a-7466-409d-9810-c0abec1c9109,add_to_cart,16,2026-04-23 11:28:13,mobile
5514,243,9a861a16-3dca-4d82-965e-b679bfc1e2f1,product_view,23,2026-08-14 14:50:43,mobile
5515,221,52a7c5d6-08ca-45a8-b822-b39dfbe770a6,page_view,,2025-03-24 09:51:09,tablet
5516,139,b43bf88c-c6f4-4468-8d78-e1c84f4ff145,add_to_cart,23,2025-02-03 18:01:55,mobile
5517,112,9d1c92f0-3770-4be5-b381-c6ebdac9d4a4,page_view,,2025-02-16 16:34:54,desktop
5518,,af0f134e-02a2-4fcc-984e-e3db691d8bea,page_view,,2026-04-23 09:14:25,tablet
5519,171,acdcb47b-dcdb-4021-97ea-f79c20ddc8b1,add_to_cart,73,2025-07-17 14:34:16,desktop
5520,85,819c84c4-ef7f-4e3f-873a-7522c7e4cbe5,product_view,51,2025-02-03 02:59:13,desktop
5521,242,2e654dcc-8087-44bc-91b0-830f71c629a6,product_view,68,2026-04-07 07:46:14,tablet
5522,265,90a71d24-b277-4e31-8655-6f9a7692f681,page_view,,2025-04-17 02:19:14,mobile
5523,,8921349f-eccb-453b-8d22-7ff2635fa3f3,page_view,,2026-08-18 05:28:32,mobile
5524,187,40d1ff56-0c78-4409-b96d-c079a75908f0,purchase,22,2025-06-01 07:39:34,desktop
5525,23,8448d4ed-b2be-420f-9e1f-86f795ede22d,page_view,,2026-06-21 01:05:28,desktop
5526,96,73a44f97-e6fa-403b-ac85-ef207db8aa1c,page_view,,2026-07-18 22:11:23,desktop
5527,210,0a3169f7-29a9-4bf0-9a82-95a04b1b9280,page_view,,2025-04-23 06:09:52,desktop
5528,,6d3e4848-54d7-4728-99e3-05e54a5039e6,product_view,47,2025-11-29 22:58:26,desktop
5529,,f7f3dc54-27a0-4911-afd2-9b721c13a1e7,product_view,26,2026-08-08 17:04:10,mobile
5530,,7b6deeca-32f9-4ae0-93aa-84b0d65e2bcf,add_to_cart,39,2026-01-26 02:49:04,tablet
5531,18,63265564-0175-405a-bfc1-428a7c7ab691,page_view,,2026-01-25 02:39:09,mobile
5532,,a7641ff1-ce8a-4e7f-be99-919ec696e772,product_view,55,2026-01-11 09:35:42,desktop
5533,,6070b244-c5c0-4d05-ad37-ba8ce7c8f28d,product_view,34,2025-07-23 17:48:51,desktop
5534,86,39323a07-2ec3-48e0-8d62-00500b3b5efa,product_view,54,2026-04-15 01:11:49,desktop
5535,,9564d4c1-aedb-4262-9d95-b4d7570edab2,page_view,,2025-06-22 08:39:11,desktop
5536,141,b6bd6dbe-3a8e-46fd-be4c-410bd87534bf,page_view,,2025-10-02 11:51:03,desktop
5537,,f2b2d2f2-b366-41c5-8ef4-83f671d5a861,product_view,46,2025-03-30 03:05:44,tablet
5538,208,2a184cbc-19fe-4052-9db8-0b51e9623c3c,page_view,,2026-02-07 08:34:03,mobile
5539,207,fa926f97-bd87-4f11-a1ca-afcd23a2f59c,product_view,10,2025-04-29 02:48:04,desktop
5540,59,060fc65e-9011-4e99-9aee-c74ff2591fc7,page_view,,2025-06-25 16:32:00,mobile
5541,298,cb59b151-5dde-4466-bf03-66ef702724eb,page_view,,2025-10-26 05:04:59,mobile
5542,,b55a478e-0541-43ca-ae12-bda9b2ec7ff4,add_to_cart,19,2025-12-23 08:59:03,tablet
5543,283,5e48245a-b19d-4b55-a5ce-fa0f8671e213,page_view,,2026-05-05 14:12:32,mobile
5544,192,6b2afb3a-1b38-41ad-8b21-cf12a284598a,product_view,21,2025-06-13 09:24:22,desktop
5545,267,6fb0c665-4766-429e-8895-df3c7941a6a4,purchase,31,2026-03-23 15:45:39,mobile
5546,287,1122e28f-6c18-4b52-b3b9-66e28eaa0112,page_view,,2025-10-17 01:44:05,tablet
5547,100,e0b641d0-4345-429c-9655-8df410af54cc,product_view,28,2026-02-06 23:08:17,mobile
5548,296,79810edf-5b8e-46fd-aa29-ee4cf2db83c8,page_view,,2026-02-03 15:05:48,tablet
5549,266,3e447305-eb55-420d-81d2-31cb66bd5d42,page_view,,2025-01-23 17:31:28,tablet
5550,172,2334fcc4-e022-4de0-ad88-bddae8180064,page_view,,2025-01-26 01:48:03,mobile
5551,249,161cd674-2978-468d-862c-06921efa91a0,purchase,2,2025-07-26 14:53:50,tablet
5552,144,324ef0f7-aa25-48da-afd1-843d92071602,product_view,1,2025-06-09 20:24:01,mobile
5553,114,8bc15738-ff1b-46a0-a8ec-b6a17233bf8c,product_view,12,2025-09-29 05:10:13,tablet
5554,,7a5653b3-4354-47e1-8eaf-b35b5f91b1af,add_to_cart,37,2026-04-06 06:25:40,desktop
5555,117,a800d519-ca3d-41cc-b88a-a20e111b0acd,product_view,19,2026-02-22 18:19:28,tablet
5556,293,1da85583-69cb-4141-9505-d99e2f7d987d,page_view,,2025-06-11 18:09:31,desktop
5557,65,33d3958a-3b74-4fd2-8a2d-6f038f464f34,product_view,32,2026-02-09 20:54:09,tablet
5558,159,bf23f095-221a-4dd0-8ce3-492325bb2b7a,page_view,,2026-04-28 06:19:48,tablet
5559,,5f321f6d-02dd-45c2-a405-8e04b393cb2d,purchase,45,2026-05-30 03:48:58,tablet
5560,214,031d45fc-c9c0-4379-829c-34f70f5bc40c,purchase,65,2025-01-27 21:27:50,tablet
5561,16,44113459-aa79-47f8-8649-c4c31cdd5a61,product_view,72,2025-03-05 09:34:02,mobile
5562,119,4da7f632-0244-4c10-87d0-1cf295e81a39,page_view,,2025-07-01 15:55:55,mobile
5563,155,51ccaa40-2316-4b59-8fbb-f4e3e160e35b,page_view,,2025-05-11 06:45:37,desktop
5564,133,7afac8ce-dc4f-47fe-be61-8f4bebb511e6,page_view,,2026-05-16 08:28:03,mobile
5565,248,a9fe494e-304c-4b39-b6ab-eff0cd1d19da,page_view,,2025-06-01 03:42:37,desktop
5566,122,36d0bb41-7a8e-45a9-ba70-425b7989d78e,page_view,,2025-02-21 03:30:26,desktop
5567,297,8d938a78-634a-41a4-ac23-9586195b2525,page_view,,2025-07-10 20:37:58,desktop
5568,50,dbd34a94-8a99-4027-a085-0656a22646f5,page_view,,2026-02-09 12:18:55,tablet
5569,36,aac5e8a3-2567-4f2a-9227-b7accdca6bef,page_view,,2026-07-14 14:31:35,mobile
5570,152,25391b09-8286-43c8-9b9b-c56e2080293c,add_to_cart,42,2025-04-19 08:10:56,mobile
5571,219,7a49c96a-1168-4e55-82b1-4f24dc76a6a8,add_to_cart,1,2025-12-16 16:54:15,desktop
5572,295,129543a4-fcc3-4cc7-bd67-eb3e836d2c1f,page_view,,2025-11-09 17:26:10,mobile
5573,48,a07f3385-3f3f-462f-aa2b-ec6b90efb126,product_view,28,2025-05-18 23:58:11,mobile
5574,99,a028dc87-d6fb-4a95-a9db-b362c0dfb921,product_view,16,2026-08-20 03:10:38,tablet
5575,205,d3f63623-39b0-4426-b007-1d3b5c99d8ab,page_view,,2026-01-09 01:58:26,desktop
5576,222,c09b61e4-0f46-4b11-a809-4564433121ff,product_view,66,2025-12-15 02:18:23,desktop
5577,216,520b7950-dee4-454b-8afc-13fb6e8f19bc,product_view,47,2025-12-30 22:34:31,tablet
5578,298,314e9b45-0715-41b6-a506-6540c7d77fbb,page_view,,2026-01-24 15:01:01,tablet
5579,32,5fa9a39e-ee47-48d4-b9fb-97b9abf1a574,product_view,18,2025-07-22 13:46:16,desktop
5580,293,d61c8113-9b3f-4c54-b327-f33e6409e93b,product_view,45,2025-04-17 10:32:01,mobile
5581,3,e8527018-bfa4-4e84-b987-51a2ddef7af4,product_view,26,2025-09-15 05:38:46,desktop
5582,215,f30b15eb-9d69-4f34-bab7-b78f209875b2,page_view,,2025-07-22 04:21:21,desktop
5583,140,68127855-e384-4c71-8271-b0d0ca5c159e,product_view,35,2025-06-01 06:35:37,mobile
5584,,a2a5ef39-c163-4f1b-9f32-f343a562f0a0,page_view,,2025-11-05 04:46:35,tablet
5585,,85713253-9956-4d9b-bdc8-7f792843d696,product_view,76,2026-05-07 06:58:59,tablet
5586,,1336d4de-c5e9-43c3-bf44-23d549a1f7a1,product_view,74,2025-01-29 08:28:04,desktop
5587,54,6ad5401e-07e9-4b0b-998d-eba36ec8261b,product_view,13,2025-02-02 06:25:54,tablet
5588,277,b4586ea4-15b8-4fa6-8fca-b2a910fb436c,page_view,,2026-07-27 11:54:11,mobile
5589,106,c5ddf574-2543-4b1a-86ec-9e60e4433474,page_view,,2026-05-01 03:40:54,mobile
5590,107,4702fe75-5e98-4fdf-8a3a-1171a432cc60,product_view,42,2025-03-31 07:55:19,desktop
5591,104,a67155cd-76e9-4fdc-87e4-b3f364ad2b39,purchase,38,2025-08-19 02:22:57,tablet
5592,40,576b67e3-eac7-457b-bc96-fd06ce8b30ce,product_view,9,2026-01-25 08:22:57,mobile
5593,134,9af4ab8a-8908-43f9-9619-5c4f4db1f8cb,page_view,,2025-03-29 13:03:11,desktop
5594,109,dafa1c94-4ee2-4290-ab59-003a53bc0611,page_view,,2026-06-03 06:03:27,desktop
5595,249,7cdfa469-82ed-4aad-b84c-2537f2d0a15c,add_to_cart,70,2026-08-09 05:07:27,tablet
5596,17,d6e9fa04-df04-4782-81e6-206862d70bec,page_view,,2026-07-07 04:50:26,tablet
5597,131,8f6875a3-b1fb-4012-96ed-79efb03e5eb4,page_view,,2026-07-19 01:30:46,mobile
5598,156,996e782f-9aee-43e9-aea3-98c6ec677b25,page_view,,2025-05-02 20:16:02,desktop
5599,52,2323f3de-92f0-428e-892b-3dc3a937dfd6,add_to_cart,66,2025-03-29 15:33:16,tablet
5600,,b1012b0f-174a-4825-964a-90627825e2f0,purchase,77,2025-07-20 03:53:15,desktop
5601,215,8861972e-57a8-4eef-b9a8-743d7d5b6037,page_view,,2025-07-25 07:54:00,tablet
5602,57,101c778c-a1a1-41b4-9dca-34888459f41e,add_to_cart,54,2026-04-23 10:35:14,desktop
5603,,ef252aa8-44a9-444f-a10e-193140686515,page_view,,2025-01-12 11:36:14,desktop
5604,232,982cd08d-49f8-4d9d-9fef-b72a4570b7fe,product_view,62,2025-08-31 13:55:42,desktop
5605,,ed441085-5024-46c6-ba53-de538375e8f9,product_view,34,2026-05-11 00:08:52,desktop
5606,192,3d4a49ae-e83f-4a2a-92fc-6f48e7e337c4,purchase,10,2025-06-28 03:55:58,desktop
5607,155,f8eb51b8-5938-4971-b0f6-d8b690e65aa4,add_to_cart,50,2026-04-07 05:06:46,tablet
5608,73,55c275e2-d363-421f-b11c-dad44e6ccc79,add_to_cart,35,2025-04-02 20:11:34,desktop
5609,,474d3a1a-695a-42da-ad14-e5bf848622e3,page_view,,2025-04-19 23:28:43,desktop
5610,283,ab707385-6c81-4f55-9906-d534438f9d83,purchase,58,2025-11-18 20:19:24,desktop
5611,252,9cf116dc-c4b0-4ad1-b037-e34da8bb81dc,purchase,2,2025-04-30 22:07:10,mobile
5612,177,cd5fe3f4-23a7-439d-8971-d849e3fb1c48,page_view,,2025-05-04 16:29:42,desktop
5613,1,30a19d7d-4b86-4f69-b036-89a4c518c20b,page_view,,2025-04-16 15:49:05,mobile
5614,120,b66e550b-5c8a-4866-af9c-5cfbafe601c5,product_view,35,2025-02-20 08:15:13,tablet
5615,65,3457c8d7-5236-44ef-8d8b-10518af35cd2,add_to_cart,62,2025-12-11 10:14:36,desktop
5616,30,85261ad4-94ed-4114-b672-e14bcc4bbc6f,product_view,12,2025-09-22 04:42:57,desktop
5617,32,b905a7b6-b97e-4830-9e01-86462c64f73d,product_view,51,2025-07-21 14:52:47,tablet
5618,112,3f3d2b89-a37a-4c5c-8a9d-3213e04b1533,product_view,42,2025-06-14 18:27:45,tablet
5619,,a22966c4-ca39-465a-991f-210234aaf8d4,page_view,,2025-08-04 05:24:33,tablet
5620,219,e3245730-2ede-4051-965e-040dd4946414,product_view,28,2025-11-13 07:22:44,desktop
5621,187,5fffe8e6-7f38-4ce2-8f40-7865a5c11300,product_view,14,2026-04-20 16:58:17,desktop
5622,186,b7900752-7bfd-4c74-a441-e11e3ee1db8e,product_view,51,2026-08-13 05:23:22,mobile
5623,139,75863743-9174-4c0b-aeb7-4413454f3fbf,page_view,,2026-02-21 07:08:29,desktop
5624,258,4135b443-2576-4869-9765-f41889939c6e,product_view,10,2026-04-18 04:13:07,desktop
5625,109,1fda98c9-40a6-4de4-9271-e2959b21c065,purchase,44,2025-12-07 12:38:14,mobile
5626,190,8cf996a3-d028-4602-a066-5e51f76d7126,add_to_cart,55,2026-08-05 18:58:57,tablet
5627,66,11092f7a-00d6-4c63-a4a0-f44bfbdebeb5,product_view,69,2026-02-27 08:34:23,mobile
5628,237,413b48c4-ef22-4e93-8fde-a771305d9749,product_view,67,2025-12-08 11:50:33,tablet
5629,63,ef4bd7a8-746b-402f-bebb-f6dfed84acc9,page_view,,2025-07-29 22:26:12,desktop
5630,44,d2376d22-9565-4c2f-8cf7-0470fda8977a,page_view,,2026-08-03 04:19:19,desktop
5631,,6ba57136-9144-4442-82d8-a7f546ef7aaa,page_view,,2025-09-16 11:17:15,tablet
5632,17,fb48ac14-0d0d-4136-8404-fe9a32fe1dea,product_view,60,2026-02-03 05:21:11,desktop
5633,282,7d53c706-fb50-48f7-a0cb-feca6d7e39bc,purchase,47,2026-05-22 09:31:41,mobile
5634,190,6fea84f5-79f3-4373-9bab-13ac9863bb20,page_view,,2026-05-12 23:10:42,tablet
5635,11,23c52c31-1e93-4ed6-902a-12a5630ae016,page_view,,2025-09-15 16:48:59,desktop
5636,119,c2978392-5c80-4220-9f77-765f2e5ce13a,page_view,,2026-04-09 23:59:23,desktop
5637,251,0a813e88-0df3-4a58-be83-3c05cd21fb86,page_view,,2025-01-01 21:13:05,mobile
5638,182,1b829ae1-4700-4de9-91fd-de63d8e0713b,add_to_cart,13,2025-10-17 00:50:29,desktop
5639,,209ebc46-44b6-4c9e-8904-59d78c69e2e8,add_to_cart,30,2025-10-15 14:51:35,mobile
5640,22,be36c36d-ecfd-4eed-988c-49b2c8abbf0d,page_view,,2025-03-06 18:10:08,mobile
5641,289,0a39561f-3473-49d3-ac5b-059aafcd2960,page_view,,2025-02-23 21:23:29,mobile
5642,46,0f5449d1-910a-4ebf-a909-3889e42cfe33,add_to_cart,27,2025-01-30 00:09:33,mobile
5643,183,fa11f0e7-566d-46e8-9c86-cf6f0285ede1,page_view,,2025-04-06 11:03:46,desktop
5644,229,48c08d33-46f4-4ccb-b835-de289fd60efb,page_view,,2026-08-09 01:59:44,tablet
5645,190,386e995d-3b01-4893-bd9d-38e36e078bdc,page_view,,2025-09-04 17:32:02,tablet
5646,,c07126f3-9213-4643-9a89-8be79e49b057,product_view,33,2026-05-22 12:33:30,desktop
5647,150,5a8258cb-8d78-4a9b-ad87-adb64448cbb9,page_view,,2026-07-12 10:18:39,desktop
5648,,05e05148-26d6-404f-bc82-3de9d73c9259,page_view,,2025-07-20 07:40:21,mobile
5649,286,c329732b-5114-4ac7-9588-e38e8dbff478,product_view,40,2026-03-01 12:28:31,mobile
5650,22,f765f8a0-ce43-47c4-abfd-dbf938498d35,page_view,,2025-10-25 20:26:30,mobile
5651,287,8aad970f-3401-4fe9-a21e-1d14d33b05e6,page_view,,2025-04-02 07:35:22,mobile
5652,,290fb2bd-f458-4d04-8476-fc349dc59ddb,add_to_cart,52,2025-09-18 09:34:24,tablet
5653,,9d37c5a6-bd8e-480c-923c-cd6417576cc8,page_view,,2026-08-03 08:51:01,desktop
5654,61,cf3eb0d7-450c-4845-b95d-b36ffa8a47d6,purchase,62,2025-07-19 07:25:24,desktop
5655,120,3f068051-187e-4974-9fe3-61117c7b5816,purchase,6,2026-04-10 04:02:33,tablet
5656,78,3df5516b-3891-47f7-a809-f986d86af8f9,add_to_cart,13,2026-06-29 05:48:39,mobile
5657,9,e4529643-2a67-4ce3-9c0f-37d575a239b1,add_to_cart,25,2026-08-06 06:00:21,mobile
5658,,478b640b-3868-4ee5-aae9-81cb2c6d523b,purchase,60,2026-06-18 04:07:55,tablet
5659,,abd13f1a-3d20-4440-80cf-a44d1b7db566,add_to_cart,4,2026-07-12 02:12:42,mobile
5660,121,dc63a196-9463-40bc-af68-d3b34ef97a7d,add_to_cart,72,2025-09-04 14:31:53,tablet
5661,4,7237e20d-62fe-4cae-997e-b35599870266,add_to_cart,18,2025-12-31 16:22:27,tablet
5662,123,d8e77ca2-19b1-4043-bb70-324e36a09573,add_to_cart,55,2025-11-14 09:50:46,tablet
5663,,71b2b47a-b661-4c50-a895-b96f14fdc3a7,page_view,,2025-07-13 12:41:42,desktop
5664,232,e35bba6d-bd39-409d-a67f-aa8371497c71,product_view,67,2026-02-05 09:03:58,tablet
5665,201,c02d7e7f-9d74-4bb0-99c0-076f626cfccc,page_view,,2025-01-18 05:42:33,mobile
5666,135,c3dab31b-8a90-417c-85e5-120a615256aa,purchase,19,2025-02-28 08:12:33,mobile
5667,177,ac5e1ec3-e1be-4ed9-b483-518e458fa881,product_view,34,2025-11-25 00:21:53,tablet
5668,,e0099d7a-ca22-4c56-afc8-503c7dd43e50,product_view,25,2026-01-09 17:26:57,mobile
5669,193,054da197-5273-460c-97a0-3c178620a10a,product_view,79,2025-12-15 08:34:34,tablet
5670,46,634d7549-9d9a-40e1-81ef-688b7fc0922e,page_view,,2026-05-08 08:14:45,mobile
5671,267,3499a783-9b47-4e77-b133-5445d695847a,page_view,,2026-01-29 11:38:57,mobile
5672,152,13cdaa4c-b415-47cf-a4fe-fbbe5f7a6026,product_view,7,2025-07-02 10:55:14,tablet
5673,267,aeeb5608-b2ed-403d-9641-aee399d81764,product_view,22,2025-08-30 20:17:31,desktop
5674,170,676cf539-c9be-43d7-ab1b-0f5260ae9b09,product_view,4,2025-03-17 00:03:31,tablet
5675,187,5a6f9b6b-5070-4efc-b7ca-273b3506880f,product_view,39,2025-11-12 20:02:44,desktop
5676,73,b705e692-3faf-4b34-862e-27af67b4c897,page_view,,2025-10-05 02:04:23,desktop
5677,,61233eea-3b1b-4755-a600-fd684a69ed38,product_view,71,2026-04-23 00:30:24,mobile
5678,88,f5ed7ddf-783f-4cd0-a0b2-f35699b62656,page_view,,2026-04-08 16:36:43,desktop
5679,28,903506bb-ef6d-4fc6-afbd-f3690636f35e,page_view,,2025-09-15 22:49:57,tablet
5680,272,108fd94b-b294-49b6-a53d-ff523e7b8fb1,page_view,,2025-03-18 00:56:54,mobile
5681,,0599e1f2-ccd3-454c-b68b-bbc673c66188,product_view,14,2025-02-23 08:21:27,tablet
5682,261,5c098a5c-585d-4d17-9258-14d9638cf9e3,add_to_cart,8,2025-06-03 21:45:08,desktop
5683,,6fb0d297-7daf-438b-853f-1a4361874fa9,page_view,,2026-04-04 11:53:45,desktop
5684,59,6c944bca-e8c0-4c02-b200-fc98b963c2fc,page_view,,2025-08-08 16:52:06,mobile
5685,253,59259acd-4142-400e-aff6-fa9a16e6e8fc,add_to_cart,55,2025-08-05 07:34:03,tablet
5686,,e95e8740-5dd9-4744-84e5-27ea3a82b37c,page_view,,2025-12-24 03:46:02,desktop
5687,224,28791fa4-7a80-4dd0-8286-2014ff41e2a0,add_to_cart,80,2025-06-28 04:17:56,mobile
5688,214,95e2f91b-da88-4b20-b819-58f22b258bdf,page_view,,2025-08-01 07:47:40,desktop
5689,178,87eb754a-995e-45bd-8465-3d5fa51f4e7c,product_view,80,2026-01-12 14:29:08,desktop
5690,33,094a8492-d88d-41dd-b21a-3244cf6579ec,product_view,22,2025-11-30 21:46:55,mobile
5691,291,0c485217-5d54-4496-a1a6-51c5faaa53fc,page_view,,2025-11-01 02:44:01,desktop
5692,107,b504cdaf-1708-4003-ba84-3b35c2bde805,add_to_cart,55,2025-07-20 16:27:05,tablet
5693,90,9d8e20d6-17a6-4138-a8a4-14a7ea7523fa,page_view,,2026-03-04 10:38:07,tablet
5694,220,4019a1f6-0cd1-4081-8d85-e013b20004fa,add_to_cart,64,2026-03-24 15:12:27,tablet
5695,166,4151344e-ee98-46b7-8677-098c144a1458,product_view,63,2025-01-05 11:42:27,mobile
5696,188,244220c6-4b0c-400c-a626-c97d73fe6a93,purchase,7,2026-02-10 16:53:32,tablet
5697,298,defa6d4a-474c-4879-af96-bbffdbc6ac37,page_view,,2025-10-14 12:16:25,mobile
5698,,68d2a842-3aa5-4e1d-af9f-02e5ea7c8b0c,product_view,1,2025-11-17 22:26:12,mobile
5699,170,11186c1a-8540-42b0-aaa8-2f4e4fc4e8cd,page_view,,2026-04-13 00:06:04,desktop
5700,218,9ef63a80-179f-4235-9f2e-f2803b5844f5,page_view,,2026-05-27 22:28:34,desktop
5701,,c8794a56-a795-4d2b-9296-81b00d5979bf,product_view,7,2025-11-03 14:28:11,desktop
5702,200,dde7110f-f42e-48ee-9f30-1cb5c8c574fa,page_view,,2025-07-07 18:22:09,desktop
5703,,49ca4ae6-2d0a-495a-bdb8-65cff106b83d,page_view,,2026-03-04 05:10:40,desktop
5704,84,6c5b07b6-f127-47bd-b862-32528c45b36c,page_view,,2025-06-11 06:34:20,desktop
5705,,046606f6-3c7a-412d-aafd-3660e5199bd9,page_view,,2025-08-18 20:25:41,mobile
5706,,9a463e70-3204-406d-b61a-84b9cec74f48,add_to_cart,37,2025-09-29 13:55:02,mobile
5707,194,c5d899df-113f-440f-93b9-6213b6684e19,page_view,,2025-04-09 10:41:28,tablet
5708,242,c87c1935-d139-46d8-84e0-137119fc9448,product_view,41,2025-04-10 04:47:23,tablet
5709,169,c7706e6d-1fc7-45eb-88b1-2a442dc149dd,page_view,,2026-07-28 21:46:59,mobile
5710,280,5e723c24-c2c7-4d49-8dae-27d77668d540,page_view,,2025-08-21 12:04:09,tablet
5711,151,889dc47e-2718-4112-adcd-f65db924312e,product_view,78,2025-03-10 15:46:27,tablet
5712,179,c972d38d-3ee2-411c-afd2-908feea163a7,purchase,77,2025-12-14 05:12:43,mobile
5713,243,2bfaba2d-dafb-4997-9352-8440023d35cf,product_view,42,2025-03-23 04:43:26,mobile
5714,23,d034ce89-8364-4560-85b7-e83cc42f7d59,page_view,,2025-04-02 18:04:42,tablet
5715,295,e5141d91-8127-4cf9-803b-d70b054dc5a9,product_view,9,2025-05-06 02:53:48,desktop
5716,217,2ac09858-228c-4659-a4d0-72f80e8db9f5,page_view,,2026-03-10 00:55:36,tablet
5717,50,d8b6a802-27e9-4dd3-b814-c4920c604d99,purchase,7,2025-11-19 00:06:23,desktop
5718,165,9be5662a-dc97-4a81-bdee-d56a21ddd27e,product_view,50,2025-04-15 22:31:01,tablet
5719,138,c87d01c2-92e8-48b1-9e00-3828d5935e79,page_view,,2026-01-06 22:27:52,desktop
5720,267,74773879-3eec-45dc-b660-302f477eb375,page_view,,2025-10-25 13:01:12,tablet
5721,87,b6a35409-1c20-486b-b5d0-44fb2cd64d84,page_view,,2025-11-03 05:55:52,mobile
5722,151,9b23854f-a3df-45f0-a97e-86fe3f8b015e,add_to_cart,66,2025-07-11 19:51:19,tablet
5723,209,fb9c7872-112b-4360-8ad2-7057c127cdfd,page_view,,2026-08-07 01:18:43,desktop
5724,90,49861a4a-0025-43ed-a2ca-9f04609eee72,page_view,,2025-02-05 13:35:24,desktop
5725,,7d6dca57-cc80-4698-8765-88fe75f53328,purchase,16,2025-02-19 20:53:24,mobile
5726,230,8ce17e35-651f-4429-8117-1668ad724e2e,add_to_cart,1,2026-03-30 21:05:24,desktop
5727,16,e387eb15-6765-43bf-b9ea-88738a9db593,purchase,52,2025-04-05 15:25:43,tablet
5728,109,a5b8f158-f64c-41bf-b774-6c098669ba60,add_to_cart,13,2025-06-25 19:43:57,desktop
5729,285,c950824d-5a9b-441d-8508-2f78f17b25ef,page_view,,2025-11-17 13:06:29,tablet
5730,276,d66ec576-b7e6-4b4d-93d5-326f9b032c39,purchase,63,2026-04-20 02:14:32,tablet
5731,68,405db449-c06a-4817-a7bb-18babfd4f67c,add_to_cart,54,2025-04-24 13:38:18,desktop
5732,129,2ab9aa52-685d-4acf-afd6-b83c86022833,product_view,56,2025-01-22 19:04:04,tablet
5733,,20514111-7fee-46c1-9ba1-17ce80ce9afc,page_view,,2025-01-20 00:23:31,mobile
5734,182,12cb7604-34f6-40dd-8952-9a77ce09e92a,add_to_cart,18,2025-01-28 22:42:57,desktop
5735,197,d789c624-5e14-401b-bea5-9d94998c603a,product_view,43,2026-04-26 07:28:54,tablet
5736,134,e7775ef5-9ab9-4e1b-9d93-c7bd4c66b4ed,add_to_cart,72,2025-12-21 23:06:40,tablet
5737,105,4cad3598-603d-4161-a1f0-41d06993e611,product_view,73,2026-06-09 09:46:42,tablet
5738,125,7cba8dea-5086-4861-861c-ba485fa5c8d5,product_view,61,2026-06-26 18:07:55,mobile
5739,,372f9fb6-041b-4c79-8014-680432de3097,product_view,12,2025-05-03 08:23:29,mobile
5740,167,c016c62b-a371-4326-866b-1f526f7f6354,add_to_cart,21,2025-08-02 07:21:21,mobile
5741,86,97266a28-dd7d-4ff7-b32f-4bd725acf1b6,page_view,,2026-03-29 00:27:12,tablet
5742,51,23cce3bb-bfcd-4af7-823d-d884ca5fccf2,page_view,,2026-05-31 17:39:50,tablet
5743,126,6577e64d-4d4e-4bd1-8b33-e3c6a62989b9,product_view,63,2025-02-11 18:39:56,tablet
5744,,e6876705-0431-49ef-a46e-c70f3e97037d,product_view,23,2025-06-26 01:50:20,tablet
5745,93,40bf5ca2-7064-42bb-a756-80bb3a215b51,add_to_cart,40,2025-10-16 18:53:54,desktop
5746,123,b67ffa23-7762-46bb-a634-8a1b7c9d575e,add_to_cart,15,2026-05-18 18:44:49,tablet
5747,,3466b8f9-e1e3-4199-9f1f-05c37717a7cb,add_to_cart,76,2025-12-28 17:19:25,mobile
5748,18,f5a98c9a-6a71-4ec5-a162-d1b7769ac892,add_to_cart,19,2025-12-15 22:39:07,tablet
5749,,2541f181-f29e-425b-bed0-4e680d250730,product_view,24,2026-06-08 10:43:41,mobile
5750,,19edcdbc-ec39-412e-a3d8-89fae5a456d8,add_to_cart,64,2025-02-14 04:31:45,tablet
5751,115,59bdfac9-0d99-4ab9-9fc0-ccce4ba08508,add_to_cart,13,2025-09-02 18:00:05,desktop
5752,108,e3157b34-62f5-43b1-a8cd-ea8a7710199d,page_view,,2025-08-18 02:09:29,desktop
5753,243,13ffe66e-6ef2-4516-9f42-ca29a747520f,product_view,43,2025-04-04 18:07:55,mobile
5754,178,d2333b12-5ad2-4e7a-8b40-601a99260664,product_view,30,2026-02-23 18:14:05,mobile
5755,25,0a5fcede-7a23-41bc-8d36-192983373b02,page_view,,2025-12-09 05:40:41,tablet
5756,250,d8e06ea2-de5e-48e5-bb3a-3e15ef1920da,product_view,71,2026-01-12 10:28:36,desktop
5757,,54da1012-5a3c-49e0-9158-6f467abdcb0f,page_view,,2026-04-08 00:18:59,tablet
5758,,81b83de2-ec07-4a4c-8f72-8efc3187dc09,page_view,,2026-06-11 04:59:04,mobile
5759,138,19eef9d6-fdfa-4cb1-82d4-93eb2a7b65de,page_view,,2026-01-22 15:45:15,desktop
5760,173,8fc45e9e-b60a-4a9c-be8c-ea8a255c4297,product_view,28,2026-02-03 05:32:50,tablet
5761,,826f081a-0651-4897-8f54-c086450511e1,add_to_cart,32,2025-12-07 01:35:44,tablet
5762,54,5f0b5135-8566-48c8-a173-e27437fc511b,page_view,,2025-09-20 22:03:15,desktop
5763,297,5583b4db-6746-4338-b2c7-a202062e0778,page_view,,2025-05-16 20:30:48,mobile
5764,270,58d0202b-75d5-4115-9ce8-b890cc6b3a6e,page_view,,2026-08-23 21:36:28,desktop
5765,299,5e331ed8-48f0-4cb2-9398-6e7f9f2c7e7f,page_view,,2026-03-26 05:07:34,desktop
5766,76,95eb44d9-8459-4302-8d1d-036e0d08da99,product_view,8,2025-10-23 17:49:19,desktop
5767,157,c22c9037-703a-4746-a22f-38841f9071b1,purchase,14,2026-04-04 13:08:00,desktop
5768,132,8393a544-c37d-435e-aef3-d69b7ccde71e,product_view,34,2026-01-29 11:51:12,mobile
5769,155,8c490e4c-c780-4892-aa93-f2c4094183bf,page_view,,2026-03-07 13:13:12,desktop
5770,35,8185ca84-90fc-49ed-bfba-5b2cba89c0b8,add_to_cart,41,2025-06-13 11:32:39,mobile
5771,262,2740a29d-f7d7-4510-bfa7-2ae11139dd0f,add_to_cart,69,2026-02-08 10:50:58,desktop
5772,9,5484d865-60bf-413c-9320-63afeed5a71b,add_to_cart,79,2025-08-23 00:54:22,desktop
5773,43,bb404bc8-709a-42bc-b6da-79bba91e25a1,product_view,72,2025-10-28 05:39:09,mobile
5774,51,24da0109-4461-4c94-a29c-c64fb8f89cba,page_view,,2026-03-24 22:11:10,tablet
5775,175,3242f61c-ea3d-49b2-8319-8f412467f4a3,page_view,,2025-08-13 22:24:01,mobile
5776,248,46983234-6246-45b9-9deb-7a4b17db4613,add_to_cart,17,2026-03-28 04:26:28,desktop
5777,78,0b4476b2-0ab9-494f-b861-7ce964f75c10,page_view,,2025-04-29 05:58:37,desktop
5778,1,22087d01-f41c-4c7d-8319-f3694d8b876a,product_view,68,2025-08-04 10:00:51,mobile
5779,,3193fb1c-91bd-4f30-ab1a-ae6a31ca528c,product_view,24,2025-08-24 16:34:38,mobile
5780,,e21734c6-d36f-41c9-8caa-2cd36ae71db3,page_view,,2025-03-12 21:48:58,desktop
5781,245,9174b136-8c0b-4c3f-ad4a-125926d24d46,page_view,,2025-02-23 15:38:28,mobile
5782,,35eaede0-ea83-456b-bd8c-93df41515f1e,product_view,78,2026-07-25 22:49:43,tablet
5783,234,29d4056e-10f4-45e5-bdb3-e9a900252855,page_view,,2026-01-17 05:47:59,mobile
5784,272,ba2c43ec-43f8-4fcf-8997-0b27dbdcfb3d,page_view,,2026-06-27 06:53:17,tablet
5785,183,381692f5-10eb-46b1-8979-a0e17b8fe7cf,product_view,70,2025-07-03 15:06:42,mobile
5786,,2a6504e1-fb2f-4e8c-aa46-391177e2f124,page_view,,2025-10-15 13:27:18,mobile
5787,286,1d3ea32c-7e54-4a1e-ac30-4971ecc11ecb,product_view,65,2026-08-01 21:03:35,tablet
5788,48,cfcae6b9-75a8-41d7-ab5e-ebe91478e20e,product_view,13,2025-10-04 06:36:09,tablet
5789,,ba5916c5-9de6-4f2c-97bd-9ee6e63f6d3a,add_to_cart,72,2025-08-29 10:23:15,mobile
5790,2,780b8dc0-d9c0-447b-9f43-04e4fabdc4aa,page_view,,2025-07-14 07:17:56,tablet
5791,164,93b91ea1-4211-4052-b4de-bda7f4a6af9d,page_view,,2025-11-13 07:07:00,mobile
5792,233,e6bd4bbc-e3a0-4a3c-8c44-d60f8efe59c3,product_view,77,2026-04-01 04:38:47,tablet
5793,,a1ab975e-54a2-415d-bdfb-0259d07b3c55,page_view,,2026-08-02 07:51:13,mobile
5794,142,27d54ab0-86d6-4946-9397-abdfaa399b2c,add_to_cart,5,2025-01-26 22:18:55,tablet
5795,,b770beaf-d5da-408b-ae94-c0b5aaf1c938,product_view,59,2025-08-19 04:03:46,desktop
5796,,476a3991-aebe-47a2-8521-e25e96fbcb7e,page_view,,2025-08-21 00:08:18,tablet
5797,255,e586ee20-c73e-49e9-9806-9315ce62665f,add_to_cart,22,2025-11-10 09:15:56,desktop
5798,294,05b08ce0-d09f-4fc4-b9e8-2ba53ecbc10b,product_view,63,2025-05-02 04:55:42,mobile
5799,86,5401e034-45ae-45d2-bbbf-d6926f125321,page_view,,2026-07-07 21:24:37,desktop
5800,40,7fb63b12-4cf2-4624-8243-0329f09fe936,page_view,,2025-11-07 04:03:32,tablet
5801,92,679b03d4-fdc6-4ebf-b96a-3419f906dfde,product_view,21,2025-10-15 10:35:26,tablet
5802,91,4ce33ed4-9779-4ead-b3bc-daee0d211dc4,purchase,57,2026-01-29 20:46:21,tablet
5803,40,1b435fdc-41f4-4834-9cf5-d1fccd3a7e73,page_view,,2026-07-08 07:39:51,mobile
5804,,393f8079-8e15-4734-a5e1-7dadd2f62f9d,add_to_cart,60,2026-05-20 18:26:58,tablet
5805,219,e1789474-380d-4643-8891-e9bcd83060dc,page_view,,2025-02-27 03:52:50,tablet
5806,,e7b986cb-76df-4b9a-bfad-4b74f4c800a4,page_view,,2025-10-31 00:45:31,mobile
5807,200,b2879bdd-193d-4b13-ad11-b850273beecb,page_view,,2025-05-10 08:05:33,mobile
5808,174,69a31ab6-5ced-4a62-817e-f8408ace3a10,add_to_cart,48,2025-04-05 00:53:31,mobile
5809,,910aeb6f-6b56-4091-a65c-9da5be160640,page_view,,2026-02-25 19:34:03,desktop
5810,160,3e141965-14c4-422c-8c90-cdc454ca6257,page_view,,2026-05-02 23:24:26,mobile
5811,231,f2d058ca-7b2e-429d-9f80-bd12299606d2,purchase,12,2026-07-14 09:48:41,desktop
5812,199,c6642ca9-10fa-42fc-a9b2-a838edac4484,page_view,,2025-02-18 06:25:15,mobile
5813,,0e913294-e3a9-4752-ad16-7ec3505f7c6e,add_to_cart,69,2025-06-12 06:59:25,desktop
5814,,6ea28b15-d0a7-43b9-a7ea-ae636f850440,add_to_cart,18,2025-12-05 04:07:18,mobile
5815,,fa75b5fc-7921-40b3-aa0a-8302276f8e0d,product_view,5,2025-07-30 03:08:48,mobile
5816,,5ed13afe-f006-496b-9572-fd4107d51b96,page_view,,2026-03-28 00:53:48,desktop
5817,,7c8c9267-3c55-4d3a-8ed9-92e01e4415f4,add_to_cart,38,2026-07-25 06:21:00,tablet
5818,79,ed86a0c9-7dea-4676-bf6f-b946e10d1490,product_view,42,2025-10-16 14:19:12,desktop
5819,143,36ca9390-96a2-479d-a576-d828f5517659,product_view,29,2025-03-20 15:44:48,tablet
5820,,3c304193-d975-4f32-ae1b-670f67c2e684,page_view,,2025-02-24 07:30:40,desktop
5821,182,cdf5a57f-9c4e-4e7f-be44-b4c74955f0b0,purchase,37,2025-06-12 07:25:41,desktop
5822,,99155bef-28c0-4e9b-960b-63a92a36856d,purchase,56,2026-03-11 16:27:10,desktop
5823,65,da6b391d-6079-4657-97ec-147d53bfa311,page_view,,2026-05-09 14:11:37,mobile
5824,226,151248e1-1504-4b41-99c4-d7d61537846c,product_view,36,2025-12-31 12:12:32,mobile
5825,151,26696e53-022c-4449-bcc8-39fbcbd363a5,product_view,22,2025-02-14 13:06:28,tablet
5826,134,e5865a54-7e1e-45dd-adb4-f81c8a55b7c4,purchase,19,2026-01-11 10:31:16,tablet
5827,27,cb28ac77-f855-4dab-af33-268417a1f56e,page_view,,2025-08-23 17:33:34,mobile
5828,204,26e21c56-a5e1-48aa-b287-b9a1cedf8af6,page_view,,2025-07-13 10:33:37,tablet
5829,114,78a118df-0088-4a76-8d25-c8d0fde90c2d,page_view,,2026-03-15 01:41:20,mobile
5830,176,4a9ab305-222b-462a-885e-05182d756dd3,page_view,,2026-08-03 21:57:14,desktop
5831,,adc1e2f7-5de4-40f7-97f4-d848fbd3d538,page_view,,2025-11-22 10:11:34,mobile
5832,48,b3322d31-d3a6-4f0c-ab07-8653af878674,page_view,,2025-09-25 07:46:46,tablet
5833,32,1667b920-926e-4991-aa82-cac85b74c4d1,product_view,54,2026-07-16 00:58:26,tablet
5834,124,4f4cea72-e493-4415-aa4b-f5dc0a599c13,page_view,,2026-01-14 12:49:35,tablet
5835,115,ff0e88ea-09f8-4e6f-9997-b85154842b4d,page_view,,2025-11-25 09:34:20,tablet
5836,192,0a1d9238-fcf9-4bbb-9514-9d1a95368ae6,add_to_cart,58,2026-08-12 20:34:35,tablet
5837,69,ec2c4f79-d249-48d2-800d-f7649d46ea9a,page_view,,2025-10-27 05:53:56,tablet
5838,30,e5a5788e-2b80-41ed-8a1f-783a31372ca1,product_view,39,2025-08-07 14:00:09,tablet
5839,,7d883d25-fe54-4772-92fe-2d04640fac70,product_view,52,2026-06-12 09:18:50,tablet
5840,271,4a9b0dc7-97e7-4b55-846f-c2131b87a428,page_view,,2026-04-09 19:01:24,tablet
5841,247,1259d654-86ad-4b8e-963b-ca599d8d2752,purchase,41,2025-08-27 02:03:55,tablet
5842,,237c56bb-48d1-40c6-9cdc-546cd4f0fd63,product_view,70,2026-02-18 15:59:11,tablet
5843,134,da36967d-9b2d-4eee-b65b-b06910a012b2,page_view,,2025-04-21 21:56:04,mobile
5844,82,c6acdcaf-a4ba-4ef5-a84a-f9d8428e31ed,add_to_cart,53,2026-05-09 02:35:09,tablet
5845,289,7f151663-189b-4535-83cf-ed3bb32f7256,product_view,20,2026-04-21 12:14:26,mobile
5846,55,48a05e4f-b064-472a-b94a-6d319b428238,page_view,,2025-01-09 05:20:53,tablet
5847,189,56b243cd-da26-4c89-a4b5-6f4e08335cee,add_to_cart,50,2025-07-15 11:35:02,mobile
5848,287,79004406-b1e5-4a88-a9ad-b01daa3e009c,add_to_cart,45,2026-04-09 02:01:26,desktop
5849,93,f3a2e957-5bd7-4a7c-b3d7-9809cf6de802,page_view,,2025-09-09 13:41:58,mobile
5850,11,a74b151c-4b2c-4c4e-8e70-263a8245b08f,page_view,,2025-11-16 14:49:52,desktop
5851,56,6b000e3b-66ae-492a-908c-1e18b4a5f712,product_view,62,2025-06-11 20:32:55,tablet
5852,30,cb5475bf-3c31-485d-ae35-0ed7ce955086,page_view,,2026-05-20 11:56:45,tablet
5853,199,aa8fb624-4f2f-4eb3-98dd-0b26fc0ea898,product_view,29,2025-06-07 19:05:22,tablet
5854,37,7616e3a2-3d9d-49d4-b5e6-6d4c539cb0bb,purchase,59,2025-03-21 06:54:11,mobile
5855,249,096b9227-27bc-4004-b407-2f12261292e0,page_view,,2026-04-16 03:41:23,tablet
5856,235,e0094827-9672-463f-8f0a-1d5b14570a44,product_view,71,2026-04-22 17:20:02,tablet
5857,111,ff8bb891-1b90-4e3f-a5ce-5ac51e22c6b2,purchase,14,2026-03-03 20:47:37,mobile
5858,87,b9076ff3-263a-484e-a048-ba6e72ec6f04,product_view,53,2025-02-18 03:04:14,mobile
5859,,552dad08-c536-40a2-8850-4c6b12cd1aeb,page_view,,2026-03-30 17:08:08,desktop
5860,,3d3fc0e0-944b-4f07-91e8-44c9b00ecc67,product_view,60,2025-02-26 02:17:36,tablet
5861,190,68edeed7-6f72-4a94-bb49-ecf3b7f8d284,product_view,51,2026-01-26 02:35:51,tablet
5862,,ab13b31a-a4f1-4126-ae0c-2cb51f63ed1f,page_view,,2026-06-24 12:19:58,mobile
5863,21,bab8ad70-8d57-4064-abf0-a4f1f14cd6f2,page_view,,2025-03-05 00:45:10,mobile
5864,,b588489e-effb-4197-8d73-a782967197ec,page_view,,2025-05-24 04:49:15,tablet
5865,,a7fb859f-7925-4d0f-a545-5ccc35b39c0e,product_view,72,2025-08-12 22:21:24,mobile
5866,19,640b1814-2812-49bc-9d3c-d2be08a97c0f,page_view,,2025-03-20 19:52:52,mobile
5867,290,0c858251-10e9-40ff-9857-8862310565b6,page_view,,2025-10-03 21:24:33,mobile
5868,,cdba8621-da62-4307-9753-ba9908087cc4,page_view,,2026-04-20 15:53:15,tablet
5869,245,d0013b99-2fc2-4f20-a3ba-24b1408eff3d,add_to_cart,6,2025-04-23 10:15:11,tablet
5870,42,f76ffc87-a888-4750-b6a8-31c77f63d2b6,add_to_cart,55,2025-08-23 06:32:03,tablet
5871,,dcd1ad00-b58a-4ffc-88a2-2fe065c1e162,page_view,,2025-04-25 20:39:32,desktop
5872,70,d0d70956-2205-4294-b319-c9c052d61c9a,add_to_cart,76,2025-12-04 18:27:16,tablet
5873,222,b517272d-f779-4643-beca-c08c53b04133,page_view,,2025-04-22 02:17:26,desktop
5874,,f543c14d-5095-4881-a88d-37de6c1f0650,add_to_cart,42,2025-09-17 10:58:28,tablet
5875,168,de3e0557-910a-460d-8063-3a98ea5dc3de,page_view,,2025-06-10 10:01:39,tablet
5876,,de823285-01e7-40a0-af18-2049b329b6a4,product_view,67,2025-05-26 11:51:16,desktop
5877,26,402758b2-f44c-4255-aa07-a49fc8803bae,page_view,,2026-04-23 12:34:17,tablet
5878,169,e0222432-7ca5-4928-97dd-06916a71efda,page_view,,2025-06-24 10:43:07,mobile
5879,71,0ac22e6d-25ee-42db-95a5-7ad7fd05bd92,page_view,,2025-09-08 13:38:45,mobile
5880,238,8345d6d3-3d72-4c0e-a3ed-6309e25c2f4a,product_view,37,2026-05-31 16:06:56,desktop
5881,100,4721fbe9-f502-4e2a-becf-c2269a9a9f1b,page_view,,2025-06-08 00:36:20,desktop
5882,,2e361846-b885-4367-b3c7-024de84543c7,page_view,,2025-05-14 00:31:20,mobile
5883,,025c9425-c557-43d3-89d7-cc9c6af98a8b,product_view,58,2026-03-12 16:49:46,desktop
5884,86,57cc6c2a-b61c-47e8-9c58-a3bea1ac78c9,page_view,,2026-05-16 20:11:37,mobile
5885,100,56516ab6-5f7e-4e7d-9d68-9315ccda78e2,product_view,6,2025-11-03 22:17:14,desktop
5886,297,c5857b6b-7b98-4c6e-9ac6-e2bf00b36478,add_to_cart,54,2026-02-05 16:21:06,desktop
5887,,33a37a74-8046-4354-b822-58a7d306e664,page_view,,2025-06-10 22:09:41,desktop
5888,160,ae2bcab8-551f-44f7-a5d6-9a97360824da,add_to_cart,77,2025-03-13 23:12:30,mobile
5889,253,be7a38c6-bc8e-4e55-9b97-151da89e4fa6,page_view,,2026-03-01 10:50:33,tablet
5890,132,640445a1-87e7-499b-8600-8f33814671a1,purchase,42,2026-05-30 09:38:13,tablet
5891,209,972a355c-fe5e-4b1c-875b-2fe1e3bbeeb7,page_view,,2026-04-18 04:17:51,mobile
5892,231,32586047-9cba-4eda-ad34-3b0f9cca6d2a,page_view,,2025-07-22 09:16:19,mobile
5893,298,bb3494d1-f327-43ef-850b-d5b96f581316,page_view,,2025-06-28 18:58:24,desktop
5894,75,f6d20b48-7477-4444-8a17-c5acccdf1d3e,purchase,23,2026-04-25 13:44:55,desktop
5895,132,4a4a1b64-8c10-43d4-974a-25a0b81768f8,add_to_cart,69,2025-10-24 04:39:49,desktop
5896,149,74d90398-c17a-408e-bf2d-a31889ee49ed,purchase,40,2025-12-17 22:51:54,desktop
5897,97,0496122f-5525-40d1-88d4-0d840b653f5f,add_to_cart,4,2025-01-29 05:39:18,tablet
5898,,f70fdc0c-a085-4f47-96dd-b15968473103,page_view,,2026-01-29 15:08:08,desktop
5899,289,d45d91e1-7979-4bb2-9013-8f7ecab5e9f3,page_view,,2025-07-26 20:10:30,tablet
5900,,76aac248-edd6-4dd7-aad0-9369e0d3f7c1,purchase,18,2025-09-12 11:07:43,desktop
5901,112,9267e278-9bd7-49be-a265-eddaea02cc7d,page_view,,2026-03-04 18:44:22,mobile
5902,269,d5b5984b-50af-4b53-ac4f-98383b1f3a0d,product_view,54,2026-01-09 17:37:54,tablet
5903,77,43c36988-7303-4257-b90f-f1c09744ceb0,product_view,29,2026-07-15 00:01:34,mobile
5904,239,da2777af-a6ed-4e6b-a43a-35624cdf5063,product_view,10,2025-03-21 13:18:17,tablet
5905,5,ab1e5fcf-3abe-4cc1-9115-a0ca09e8ede2,page_view,,2025-11-15 03:14:44,mobile
5906,183,65126fe3-410f-41df-945e-49c7e78579d2,product_view,68,2025-04-21 23:10:54,desktop
5907,109,3aae37b5-87de-42ea-8118-d2a543ef0542,page_view,,2025-09-07 22:11:35,desktop
5908,,d24e4a96-f3b6-45ae-b8c7-f2360a6119f6,page_view,,2026-01-02 19:51:21,desktop
5909,208,00937ba0-65a0-4e43-bd2d-ca8673020b26,page_view,,2026-08-14 02:20:15,desktop
5910,230,137ba9ec-f569-4392-8c3a-3ed86e152f71,add_to_cart,47,2025-01-24 13:26:21,desktop
5911,71,8906a4e2-460c-4c89-8da4-0209cd698214,page_view,,2026-01-15 02:20:35,mobile
5912,286,f09e64ef-8bea-4f03-a645-3b43d07e22a1,add_to_cart,8,2025-02-01 23:27:51,tablet
5913,151,de590698-8072-4ee2-842f-14df6ab075bd,page_view,,2025-02-06 05:03:57,desktop
5914,71,c44ba50d-cb6c-4a6e-bb95-8291f3dd69d1,add_to_cart,49,2025-12-10 14:27:12,tablet
5915,229,c4d6afc4-4e63-44bc-89b9-f6c0a3d853ec,product_view,25,2026-07-21 00:18:36,tablet
5916,196,7f2382b5-0d1b-493b-a9ce-f59399a9a788,add_to_cart,22,2026-02-08 16:12:41,desktop
5917,52,88ba1f6f-36a2-4607-9486-6e3cfd267a93,page_view,,2025-09-10 02:52:55,tablet
5918,,c798c498-499d-4830-8d67-6a99a94a3567,page_view,,2026-05-31 17:19:16,mobile
5919,137,ecf60826-3c1e-4ac4-9af0-9b921da9c3c5,add_to_cart,24,2026-03-19 10:37:31,mobile
5920,16,b9c8ddd8-8f8d-4ef2-a397-3de4fd414341,add_to_cart,33,2026-01-26 04:04:42,desktop
5921,260,a7f655fb-8b89-43fd-ad5f-62b0541e4d9c,product_view,65,2025-03-06 15:02:16,desktop
5922,69,6df3be7a-af61-4ae1-83a3-5aed33440c51,product_view,77,2025-11-17 11:18:35,mobile
5923,146,3edf665f-a597-4064-942a-965f1465b466,product_view,34,2025-09-10 20:18:11,tablet
5924,173,197634e5-054b-4fbb-bad8-66baf252f8f9,page_view,,2026-06-05 21:27:38,desktop
5925,83,bb23e712-bfd9-4996-ae5b-6379213fa67b,product_view,43,2026-04-15 20:31:54,tablet
5926,279,4ad5433b-a84f-4cf1-ab45-11214218f371,page_view,,2025-10-22 12:22:27,desktop
5927,14,296fc0d7-6a63-4a6b-81d0-d034abfbcc17,product_view,36,2025-06-05 04:26:46,mobile
5928,,baaa58f6-343f-45d0-ad2b-c99de7eca309,page_view,,2026-02-14 04:18:45,mobile
5929,243,c3dd1d6a-18fc-4899-9c86-a6f929f5d43d,page_view,,2025-11-26 10:11:09,desktop
5930,17,ff75659e-4f3a-4530-89ed-6369ee869beb,product_view,57,2026-07-14 13:50:43,desktop
5931,221,a396fc57-8c76-460f-b109-e9718ad57402,product_view,28,2025-08-31 20:37:34,desktop
5932,5,27d3584c-fb99-4c3e-9383-883b118f1972,page_view,,2025-05-11 23:49:27,desktop
5933,101,efe5f873-da60-414c-9f16-bfe5df8b6c1c,product_view,24,2026-01-14 14:34:29,tablet
5934,250,10e436c9-3d53-4dee-b41e-2e7c00da1e3f,product_view,28,2025-04-19 06:23:50,desktop
5935,,c229a415-cb5f-4951-8534-f723c75694ac,page_view,,2026-05-17 01:09:47,mobile
5936,49,2dd10250-f713-47f8-8522-11a8f1c1d53b,product_view,15,2025-03-06 16:11:54,desktop
5937,,56685b02-7387-4896-83d0-81781d05ddbf,page_view,,2025-07-31 13:17:00,tablet
5938,,d5cf18c2-c418-4fea-801e-59011f16a10e,page_view,,2025-10-29 20:30:08,tablet
5939,,82c273a9-771d-4808-88db-039cc78fc57d,page_view,,2025-12-14 15:36:35,tablet
5940,113,9d47172c-ab01-4101-bb32-aadb1f41c851,product_view,71,2026-05-03 02:32:44,desktop
5941,119,5b33cb3f-1551-4ef5-8916-54e6473eb4b1,page_view,,2025-08-09 12:41:23,tablet
5942,300,2d28746a-5a6d-4285-978f-48ebc9fbe7f1,page_view,,2025-02-27 12:44:10,desktop
5943,90,8b991282-3075-49af-8e7d-765b634c25ea,page_view,,2025-06-12 17:37:06,mobile
5944,144,04aa8f68-b9ae-4292-8012-1516f1e7a280,page_view,,2025-07-26 04:32:20,desktop
5945,,cdeb8ab9-9ece-4b21-a9f4-07eee9320c6a,page_view,,2025-05-25 20:00:09,desktop
5946,244,161fe564-c438-4a7e-8b16-5a76f82c0c20,product_view,20,2026-04-29 17:31:39,desktop
5947,,2553ff33-298b-4a25-903d-24cffdfbc585,page_view,,2026-03-27 04:58:46,mobile
5948,226,d0b21f98-85a7-497f-a90c-07eb5793f195,add_to_cart,46,2025-02-06 13:58:29,desktop
5949,54,7a8b737a-31b5-476f-88e9-41fdb0850679,product_view,17,2026-07-14 11:25:21,tablet
5950,169,a1ae96a0-c1df-4a89-acba-0cb1fdb99dc1,product_view,36,2025-10-26 02:51:58,desktop
5951,293,da7f624b-5716-4640-87a0-424659f43595,page_view,,2025-04-12 03:03:03,mobile
5952,278,6eb1de50-c1ba-4834-8aec-1d2d63a7bc90,page_view,,2025-01-30 06:11:41,desktop
5953,65,c69ee73d-832d-40cc-8ea9-93a01a8385f9,page_view,,2025-02-12 14:18:54,tablet
5954,6,2ae2c9d1-365d-495b-a707-9421cfd2be23,product_view,53,2025-09-13 06:10:53,mobile
5955,63,7bc19e2f-a332-4e99-9efe-c6c530ad41bb,product_view,22,2025-05-29 21:39:07,tablet
5956,,b285d65b-bf6b-4493-961b-53afc601b22f,add_to_cart,52,2025-04-06 07:15:18,tablet
5957,226,bea17713-fe36-44bf-b9e4-21bc1120653d,product_view,31,2026-06-12 15:56:21,mobile
5958,149,ef0d44d7-a832-4652-95a2-86133a0c5dc9,product_view,42,2025-10-05 11:12:39,mobile
5959,,8eb58d5c-7e8f-4f03-87e0-3fade9b2af2e,product_view,38,2025-12-12 16:24:37,tablet
5960,149,527c9dea-6324-4e63-b535-ddc2c555b4b5,page_view,,2025-10-28 15:17:44,tablet
5961,178,e6647803-32f9-430d-9e6e-5122a47cacbf,add_to_cart,65,2025-08-04 03:32:05,desktop
5962,90,30260bb1-73f1-4f26-8950-2a6c0abe31af,add_to_cart,29,2025-09-06 15:47:06,mobile
5963,,04621030-5afc-46a6-9229-13f100f3e866,product_view,46,2026-04-20 18:24:36,desktop
5964,29,5f5e9c52-ef15-427d-aa21-ee30fcd77150,product_view,8,2025-07-11 12:15:13,mobile
5965,196,bfee7aef-6a60-4a4b-96b6-b8cca6124e53,page_view,,2025-02-15 14:04:26,tablet
5966,183,50aefe0d-f836-43b0-81e7-719cd667a724,page_view,,2026-01-05 05:23:16,desktop
5967,,22530aa4-15d1-42b0-b6a6-b583dcac7b04,page_view,,2026-06-10 22:26:17,desktop
5968,108,85406adb-983a-4235-9891-f8cfd7d050be,page_view,,2025-09-18 18:04:31,desktop
5969,133,97c75839-1dd2-4b24-8420-c72d8fb8b736,page_view,,2025-10-06 00:30:35,tablet
5970,134,8db7c020-7e8d-4bb3-b932-b23322c1d7a1,page_view,,2026-03-23 18:56:48,desktop
5971,108,c2f72b1f-b9d4-42d3-8d35-f50cff02bf74,page_view,,2026-02-02 01:49:24,mobile
5972,,cf928274-9ffc-4f2b-9ea8-22bb57385567,page_view,,2025-06-09 00:16:53,tablet
5973,199,a3593aec-d5d1-4ae2-8940-e0fa08509d96,product_view,68,2026-07-19 04:25:58,tablet
5974,298,897e2ce5-4fe3-4b6d-befc-5196512b4c10,product_view,19,2026-05-04 02:57:26,tablet
5975,,09f7e468-4b1f-4028-acf6-c879d27960a4,product_view,29,2026-07-27 03:51:05,tablet
5976,66,f0657d73-0e0e-475e-9b48-732fdbd0f097,page_view,,2025-12-07 00:05:57,mobile
5977,38,ff97588e-f6cd-40d1-aa31-e22b4cda3e1c,product_view,47,2026-04-13 15:19:39,tablet
5978,,d0d14782-421e-4ad4-b226-f24a230d27b8,product_view,67,2026-03-18 16:00:10,tablet
5979,65,47d9dd10-272d-4ace-bfd0-dce0612c3b0d,page_view,,2025-05-15 11:08:55,tablet
5980,171,fb372648-697a-496d-9988-5d2a570662ce,page_view,,2026-06-15 22:22:46,mobile
5981,,5d210794-87ed-45ae-b9a2-1729130bb2a3,page_view,,2026-02-18 15:53:30,desktop
5982,42,bd16c038-4ef2-43f5-bf8f-bd67133a8490,product_view,63,2025-07-25 02:49:43,mobile
5983,,06b19eec-05d1-47ad-a828-b0b74cc1032d,product_view,59,2025-10-24 20:43:46,mobile
5984,,2f4d7d4a-53e7-4d02-88ff-eea5fb33740c,page_view,,2026-05-16 15:32:11,mobile
5985,177,232e444c-de97-4f42-97d3-d848b6388b9c,page_view,,2025-09-10 17:54:28,desktop
5986,33,997bd7bb-9a58-431a-8663-686eee70e803,page_view,,2026-06-16 04:38:36,desktop
5987,218,1d061735-5cce-4873-99a1-a2d1da007c08,product_view,44,2025-04-23 13:57:29,mobile
5988,234,c49b9178-43a2-49e4-b981-f289185c39ed,page_view,,2025-04-08 12:00:16,desktop
5989,100,1fac9217-e36e-4b7f-917c-e0825572f1b3,page_view,,2026-07-02 03:23:09,tablet
5990,100,950ce835-3659-4a8c-938f-b1ef2ec01db7,page_view,,2025-08-28 12:09:04,mobile
5991,,0c906c01-3b44-4abc-942e-c8b0cce52711,page_view,,2025-01-13 17:14:08,desktop
5992,213,c2b8efc0-d76a-44da-8fbd-b62246c9ae33,add_to_cart,65,2026-03-28 11:51:38,desktop
5993,152,e9b89caf-8a93-4d39-813d-3c538cda74ec,page_view,,2025-11-19 11:05:20,tablet
5994,73,b67af865-cfc3-445b-9464-cda8dbf7fa26,page_view,,2026-05-16 07:55:30,tablet
5995,91,decc0209-93cd-4ce8-af69-e0858c871a3a,page_view,,2025-05-11 12:00:43,desktop
5996,251,e8048c91-4c15-47ec-8bca-e422b0c37157,purchase,36,2025-02-10 12:47:33,mobile
5997,34,19b627b5-4c2b-4a96-a86c-1d888d67e82c,page_view,,2025-08-01 11:17:57,tablet
5998,28,ee481499-c096-4be4-a755-978de5341283,product_view,54,2025-11-27 15:13:24,tablet
5999,220,e0c2442e-eb38-4cdf-8fd8-2aba0a6dc4ac,product_view,29,2026-07-13 17:51:16,desktop
6000,252,5550f4ea-a86b-48b5-97cc-b76c6b905645,page_view,,2025-11-12 03:09:34,mobile
